A,B,row,col,re,im
0,1,0,0,0.0,0.5
0,1,1,1,0.0,-0.5
0,1,2,2,0.0,-0.5
0,1,3,3,0.0,0.5
0,1,4,4,0.0,-0.5
0,1,5,5,0.0,0.5
0,1,6,6,0.0,0.5
0,1,7,7,0.0,-0.5
0,1,8,8,0.0,-0.5
0,1,9,9,0.0,0.5
0,1,10,10,0.0,0.5
0,1,11,11,0.0,-0.5
0,1,12,12,0.0,0.5
0,1,13,13,0.0,-0.5
0,1,14,14,0.0,-0.5
0,1,15,15,0.0,0.5
0,1,16,16,0.0,-0.5
0,1,17,17,0.0,0.5
0,1,18,18,0.0,0.5
0,1,19,19,0.0,-0.5
0,1,20,20,0.0,0.5
0,1,21,21,0.0,-0.5
0,1,22,22,0.0,-0.5
0,1,23,23,0.0,0.5
0,1,24,24,0.0,0.5
0,1,25,25,0.0,-0.5
0,1,26,26,0.0,-0.5
0,1,27,27,0.0,0.5
0,1,28,28,0.0,-0.5
0,1,29,29,0.0,0.5
0,1,30,30,0.0,0.5
0,1,31,31,0.0,-0.5
0,1,32,32,0.0,-0.5
0,1,33,33,0.0,0.5
0,1,34,34,0.0,0.5
0,1,35,35,0.0,-0.5
0,1,36,36,0.0,0.5
0,1,37,37,0.0,-0.5
0,1,38,38,0.0,-0.5
0,1,39,39,0.0,0.5
0,1,40,40,0.0,0.5
0,1,41,41,0.0,-0.5
0,1,42,42,0.0,-0.5
0,1,43,43,0.0,0.5
0,1,44,44,0.0,-0.5
0,1,45,45,0.0,0.5
0,1,46,46,0.0,0.5
0,1,47,47,0.0,-0.5
0,1,48,48,0.0,0.5
0,1,49,49,0.0,-0.5
0,1,50,50,0.0,-0.5
0,1,51,51,0.0,0.5
0,1,52,52,0.0,-0.5
0,1,53,53,0.0,0.5
0,1,54,54,0.0,0.5
0,1,55,55,0.0,-0.5
0,1,56,56,0.0,-0.5
0,1,57,57,0.0,0.5
0,1,58,58,0.0,0.5
0,1,59,59,0.0,-0.5
0,1,60,60,0.0,0.5
0,1,61,61,0.0,-0.5
0,1,62,62,0.0,-0.5
0,1,63,63,0.0,0.5
0,1,64,64,0.0,-0.5
0,1,65,65,0.0,0.5
0,1,66,66,0.0,0.5
0,1,67,67,0.0,-0.5
0,1,68,68,0.0,0.5
0,1,69,69,0.0,-0.5
0,1,70,70,0.0,-0.5
0,1,71,71,0.0,0.5
0,1,72,72,0.0,0.5
0,1,73,73,0.0,-0.5
0,1,74,74,0.0,-0.5
0,1,75,75,0.0,0.5
0,1,76,76,0.0,-0.5
0,1,77,77,0.0,0.5
0,1,78,78,0.0,0.5
0,1,79,79,0.0,-0.5
0,1,80,80,0.0,0.5
0,1,81,81,0.0,-0.5
0,1,82,82,0.0,-0.5
0,1,83,83,0.0,0.5
0,1,84,84,0.0,-0.5
0,1,85,85,0.0,0.5
0,1,86,86,0.0,0.5
0,1,87,87,0.0,-0.5
0,1,88,88,0.0,-0.5
0,1,89,89,0.0,0.5
0,1,90,90,0.0,0.5
0,1,91,91,0.0,-0.5
0,1,92,92,0.0,0.5
0,1,93,93,0.0,-0.5
0,1,94,94,0.0,-0.5
0,1,95,95,0.0,0.5
0,1,96,96,0.0,0.5
0,1,97,97,0.0,-0.5
0,1,98,98,0.0,-0.5
0,1,99,99,0.0,0.5
0,1,100,100,0.0,-0.5
0,1,101,101,0.0,0.5
0,1,102,102,0.0,0.5
0,1,103,103,0.0,-0.5
0,1,104,104,0.0,-0.5
0,1,105,105,0.0,0.5
0,1,106,106,0.0,0.5
0,1,107,107,0.0,-0.5
0,1,108,108,0.0,0.5
0,1,109,109,0.0,-0.5
0,1,110,110,0.0,-0.5
0,1,111,111,0.0,0.5
0,1,112,112,0.0,-0.5
0,1,113,113,0.0,0.5
0,1,114,114,0.0,0.5
0,1,115,115,0.0,-0.5
0,1,116,116,0.0,0.5
0,1,117,117,0.0,-0.5
0,1,118,118,0.0,-0.5
0,1,119,119,0.0,0.5
0,1,120,120,0.0,0.5
0,1,121,121,0.0,-0.5
0,1,122,122,0.0,-0.5
0,1,123,123,0.0,0.5
0,1,124,124,0.0,-0.5
0,1,125,125,0.0,0.5
0,1,126,126,0.0,0.5
0,1,127,127,0.0,-0.5
0,2,0,64,-0.5,0.0
0,2,1,3,0.5,0.0
0,2,2,5,0.5,0.0
0,2,3,1,-0.5,0.0
0,2,4,9,0.5,0.0
0,2,5,2,-0.5,0.0
0,2,6,97,-0.5,0.0
0,2,7,15,0.5,0.0
0,2,8,17,0.5,0.0
0,2,9,4,-0.5,0.0
0,2,10,98,-0.5,0.0
0,2,11,23,0.5,0.0
0,2,12,81,-0.5,0.0
0,2,13,27,0.5,0.0
0,2,14,29,0.5,0.0
0,2,15,7,-0.5,0.0
0,2,16,33,0.5,0.0
0,2,17,8,-0.5,0.0
0,2,18,100,-0.5,0.0
0,2,19,39,0.5,0.0
0,2,20,82,-0.5,0.0
0,2,21,43,0.5,0.0
0,2,22,45,0.5,0.0
0,2,23,11,-0.5,0.0
0,2,24,73,-0.5,0.0
0,2,25,51,0.5,0.0
0,2,26,53,0.5,0.0
0,2,27,13,-0.5,0.0
0,2,28,57,0.5,0.0
0,2,29,14,-0.5,0.0
0,2,30,103,-0.5,0.0
0,2,31,63,0.5,0.0
0,2,32,65,0.5,0.0
0,2,33,16,-0.5,0.0
0,2,34,104,-0.5,0.0
0,2,35,71,0.5,0.0
0,2,36,84,-0.5,0.0
0,2,37,75,0.5,0.0
0,2,38,77,0.5,0.0
0,2,39,19,-0.5,0.0
0,2,40,74,-0.5,0.0
0,2,41,83,0.5,0.0
0,2,42,85,0.5,0.0
0,2,43,21,-0.5,0.0
0,2,44,89,0.5,0.0
0,2,45,22,-0.5,0.0
0,2,46,107,-0.5,0.0
0,2,47,95,0.5,0.0
0,2,48,69,-0.5,0.0
0,2,49,99,0.5,0.0
0,2,50,101,0.5,0.0
0,2,51,25,-0.5,0.0
0,2,52,105,0.5,0.0
0,2,53,26,-0.5,0.0
0,2,54,109,-0.5,0.0
0,2,55,111,0.5,0.0
0,2,56,113,0.5,0.0
0,2,57,28,-0.5,0.0
0,2,58,110,-0.5,0.0
0,2,59,119,0.5,0.0
0,2,60,87,-0.5,0.0
0,2,61,123,0.5,0.0
0,2,62,125,0.5,0.0
0,2,63,31,-0.5,0.0
0,2,64,0,0.5,0.0
0,2,65,32,-0.5,0.0
0,2,66,112,-0.5,0.0
0,2,67,96,0.5,0.0
0,2,68,88,-0.5,0.0
0,2,69,48,0.5,0.0
0,2,70,80,0.5,0.0
0,2,71,35,-0.5,0.0
0,2,72,76,-0.5,0.0
0,2,73,24,0.5,0.0
0,2,74,40,0.5,0.0
0,2,75,37,-0.5,0.0
0,2,76,72,0.5,0.0
0,2,77,38,-0.5,0.0
0,2,78,115,-0.5,0.0
0,2,79,120,0.5,0.0
0,2,80,70,-0.5,0.0
0,2,81,12,0.5,0.0
0,2,82,20,0.5,0.0
0,2,83,41,-0.5,0.0
0,2,84,36,0.5,0.0
0,2,85,42,-0.5,0.0
0,2,86,117,-0.5,0.0
0,2,87,60,0.5,0.0
0,2,88,68,0.5,0.0
0,2,89,44,-0.5,0.0
0,2,90,118,-0.5,0.0
0,2,91,92,0.5,0.0
0,2,92,91,-0.5,0.0
0,2,93,108,0.5,0.0
0,2,94,116,0.5,0.0
0,2,95,47,-0.5,0.0
0,2,96,67,-0.5,0.0
0,2,97,6,0.5,0.0
0,2,98,10,0.5,0.0
0,2,99,49,-0.5,0.0
0,2,100,18,0.5,0.0
0,2,101,50,-0.5,0.0
0,2,102,121,-0.5,0.0
0,2,103,30,0.5,0.0
0,2,104,34,0.5,0.0
0,2,105,52,-0.5,0.0
0,2,106,122,-0.5,0.0
0,2,107,46,0.5,0.0
0,2,108,93,-0.5,0.0
0,2,109,54,0.5,0.0
0,2,110,58,0.5,0.0
0,2,111,55,-0.5,0.0
0,2,112,66,0.5,0.0
0,2,113,56,-0.5,0.0
0,2,114,124,-0.5,0.0
0,2,115,78,0.5,0.0
0,2,116,94,-0.5,0.0
0,2,117,86,0.5,0.0
0,2,118,90,0.5,0.0
0,2,119,59,-0.5,0.0
0,2,120,79,-0.5,0.0
0,2,121,102,0.5,0.0
0,2,122,106,0.5,0.0
0,2,123,61,-0.5,0.0
0,2,124,114,0.5,0.0
0,2,125,62,-0.5,0.0
0,2,126,127,-0.5,0.0
0,2,127,126,0.5,0.0
0,3,0,64,0.0,0.5
0,3,1,3,0.0,-0.5
0,3,2,5,0.0,-0.5
0,3,3,1,0.0,-0.5
0,3,4,9,0.0,-0.5
0,3,5,2,0.0,-0.5
0,3,6,97,0.0,0.5
0,3,7,15,0.0,-0.5
0,3,8,17,0.0,-0.5
0,3,9,4,0.0,-0.5
0,3,10,98,0.0,0.5
0,3,11,23,0.0,-0.5
0,3,12,81,0.0,0.5
0,3,13,27,0.0,-0.5
0,3,14,29,0.0,-0.5
0,3,15,7,0.0,-0.5
0,3,16,33,0.0,-0.5
0,3,17,8,0.0,-0.5
0,3,18,100,0.0,0.5
0,3,19,39,0.0,-0.5
0,3,20,82,0.0,0.5
0,3,21,43,0.0,-0.5
0,3,22,45,0.0,-0.5
0,3,23,11,0.0,-0.5
0,3,24,73,0.0,0.5
0,3,25,51,0.0,-0.5
0,3,26,53,0.0,-0.5
0,3,27,13,0.0,-0.5
0,3,28,57,0.0,-0.5
0,3,29,14,0.0,-0.5
0,3,30,103,0.0,0.5
0,3,31,63,0.0,-0.5
0,3,32,65,0.0,-0.5
0,3,33,16,0.0,-0.5
0,3,34,104,0.0,0.5
0,3,35,71,0.0,-0.5
0,3,36,84,0.0,0.5
0,3,37,75,0.0,-0.5
0,3,38,77,0.0,-0.5
0,3,39,19,0.0,-0.5
0,3,40,74,0.0,0.5
0,3,41,83,0.0,-0.5
0,3,42,85,0.0,-0.5
0,3,43,21,0.0,-0.5
0,3,44,89,0.0,-0.5
0,3,45,22,0.0,-0.5
0,3,46,107,0.0,0.5
0,3,47,95,0.0,-0.5
0,3,48,69,0.0,0.5
0,3,49,99,0.0,-0.5
0,3,50,101,0.0,-0.5
0,3,51,25,0.0,-0.5
0,3,52,105,0.0,-0.5
0,3,53,26,0.0,-0.5
0,3,54,109,0.0,0.5
0,3,55,111,0.0,-0.5
0,3,56,113,0.0,-0.5
0,3,57,28,0.0,-0.5
0,3,58,110,0.0,0.5
0,3,59,119,0.0,-0.5
0,3,60,87,0.0,0.5
0,3,61,123,0.0,-0.5
0,3,62,125,0.0,-0.5
0,3,63,31,0.0,-0.5
0,3,64,0,0.0,0.5
0,3,65,32,0.0,-0.5
0,3,66,112,0.0,0.5
0,3,67,96,0.0,0.5
0,3,68,88,0.0,0.5
0,3,69,48,0.0,0.5
0,3,70,80,0.0,0.5
0,3,71,35,0.0,-0.5
0,3,72,76,0.0,0.5
0,3,73,24,0.0,0.5
0,3,74,40,0.0,0.5
0,3,75,37,0.0,-0.5
0,3,76,72,0.0,0.5
0,3,77,38,0.0,-0.5
0,3,78,115,0.0,0.5
0,3,79,120,0.0,0.5
0,3,80,70,0.0,0.5
0,3,81,12,0.0,0.5
0,3,82,20,0.0,0.5
0,3,83,41,0.0,-0.5
0,3,84,36,0.0,0.5
0,3,85,42,0.0,-0.5
0,3,86,117,0.0,0.5
0,3,87,60,0.0,0.5
0,3,88,68,0.0,0.5
0,3,89,44,0.0,-0.5
0,3,90,118,0.0,0.5
0,3,91,92,0.0,0.5
0,3,92,91,0.0,0.5
0,3,93,108,0.0,0.5
0,3,94,116,0.0,0.5
0,3,95,47,0.0,-0.5
0,3,96,67,0.0,0.5
0,3,97,6,0.0,0.5
0,3,98,10,0.0,0.5
0,3,99,49,0.0,-0.5
0,3,100,18,0.0,0.5
0,3,101,50,0.0,-0.5
0,3,102,121,0.0,0.5
0,3,103,30,0.0,0.5
0,3,104,34,0.0,0.5
0,3,105,52,0.0,-0.5
0,3,106,122,0.0,0.5
0,3,107,46,0.0,0.5
0,3,108,93,0.0,0.5
0,3,109,54,0.0,0.5
0,3,110,58,0.0,0.5
0,3,111,55,0.0,-0.5
0,3,112,66,0.0,0.5
0,3,113,56,0.0,-0.5
0,3,114,124,0.0,0.5
0,3,115,78,0.0,0.5
0,3,116,94,0.0,0.5
0,3,117,86,0.0,0.5
0,3,118,90,0.0,0.5
0,3,119,59,0.0,-0.5
0,3,120,79,0.0,0.5
0,3,121,102,0.0,0.5
0,3,122,106,0.0,0.5
0,3,123,61,0.0,-0.5
0,3,124,114,0.0,0.5
0,3,125,62,0.0,-0.5
0,3,126,127,0.0,0.5
0,3,127,126,0.0,0.5
0,4,0,32,-0.5,0.0
0,4,1,6,0.5,0.0
0,4,2,10,0.5,0.0
0,4,3,97,0.5,0.0
0,4,4,18,0.5,0.0
0,4,5,98,0.5,0.0
0,4,6,1,-0.5,0.0
0,4,7,30,0.5,0.0
0,4,8,34,0.5,0.0
0,4,9,100,0.5,0.0
0,4,10,2,-0.5,0.0
0,4,11,46,0.5,0.0
0,4,12,49,-0.5,0.0
0,4,13,54,0.5,0.0
0,4,14,58,0.5,0.0
0,4,15,103,0.5,0.0
0,4,16,66,0.5,0.0
0,4,17,104,0.5,0.0
0,4,18,4,-0.5,0.0
0,4,19,78,0.5,0.0
0,4,20,50,-0.5,0.0
0,4,21,86,0.5,0.0
0,4,22,90,0.5,0.0
0,4,23,107,0.5,0.0
0,4,24,41,-0.5,0.0
0,4,25,102,0.5,0.0
0,4,26,106,0.5,0.0
0,4,27,109,0.5,0.0
0,4,28,114,0.5,0.0
0,4,29,110,0.5,0.0
0,4,30,7,-0.5,0.0
0,4,31,126,0.5,0.0
0,4,32,0,0.5,0.0
0,4,33,112,0.5,0.0
0,4,34,8,-0.5,0.0
0,4,35,96,0.5,0.0
0,4,36,52,-0.5,0.0
0,4,37,48,0.5,0.0
0,4,38,80,0.5,0.0
0,4,39,115,0.5,0.0
0,4,40,42,-0.5,0.0
0,4,41,24,0.5,0.0
0,4,42,40,0.5,0.0
0,4,43,117,0.5,0.0
0,4,44,72,0.5,0.0
0,4,45,118,0.5,0.0
0,4,46,11,-0.5,0.0
0,4,47,120,0.5,0.0
0,4,48,37,-0.5,0.0
0,4,49,12,0.5,0.0
0,4,50,20,0.5,0.0
0,4,51,121,0.5,0.0
0,4,52,36,0.5,0.0
0,4,53,122,0.5,0.0
0,4,54,13,-0.5,0.0
0,4,55,60,0.5,0.0
0,4,56,68,0.5,0.0
0,4,57,124,0.5,0.0
0,4,58,14,-0.5,0.0
0,4,59,92,0.5,0.0
0,4,60,55,-0.5,0.0
0,4,61,108,0.5,0.0
0,4,62,116,0.5,0.0
0,4,63,127,0.5,0.0
0,4,64,65,-0.5,0.0
0,4,65,64,0.5,0.0
0,4,66,16,-0.5,0.0
0,4,67,71,-0.5,0.0
0,4,68,56,-0.5,0.0
0,4,69,75,-0.5,0.0
0,4,70,77,-0.5,0.0
0,4,71,67,0.5,0.0
0,4,72,44,-0.5,0.0
0,4,73,83,-0.5,0.0
0,4,74,85,-0.5,0.0
0,4,75,69,0.5,0.0
0,4,76,89,-0.5,0.0
0,4,77,70,0.5,0.0
0,4,78,19,-0.5,0.0
0,4,79,95,-0.5,0.0
0,4,80,38,-0.5,0.0
0,4,81,99,-0.5,0.0
0,4,82,101,-0.5,0.0
0,4,83,73,0.5,0.0
0,4,84,105,-0.5,0.0
0,4,85,74,0.5,0.0
0,4,86,21,-0.5,0.0
0,4,87,111,-0.5,0.0
0,4,88,113,-0.5,0.0
0,4,89,76,0.5,0.0
0,4,90,22,-0.5,0.0
0,4,91,119,-0.5,0.0
0,4,92,59,-0.5,0.0
0,4,93,123,-0.5,0.0
0,4,94,125,-0.5,0.0
0,4,95,79,0.5,0.0
0,4,96,35,-0.5,0.0
0,4,97,3,-0.5,0.0
0,4,98,5,-0.5,0.0
0,4,99,81,0.5,0.0
0,4,100,9,-0.5,0.0
0,4,101,82,0.5,0.0
0,4,102,25,-0.5,0.0
0,4,103,15,-0.5,0.0
0,4,104,17,-0.5,0.0
0,4,105,84,0.5,0.0
0,4,106,26,-0.5,0.0
0,4,107,23,-0.5,0.0
0,4,108,61,-0.5,0.0
0,4,109,27,-0.5,0.0
0,4,110,29,-0.5,0.0
0,4,111,87,0.5,0.0
0,4,112,33,-0.5,0.0
0,4,113,88,0.5,0.0
0,4,114,28,-0.5,0.0
0,4,115,39,-0.5,0.0
0,4,116,62,-0.5,0.0
0,4,117,43,-0.5,0.0
0,4,118,45,-0.5,0.0
0,4,119,91,0.5,0.0
0,4,120,47,-0.5,0.0
0,4,121,51,-0.5,0.0
0,4,122,53,-0.5,0.0
0,4,123,93,0.5,0.0
0,4,124,57,-0.5,0.0
0,4,125,94,0.5,0.0
0,4,126,31,-0.5,0.0
0,4,127,63,-0.5,0.0
0,5,0,32,0.0,0.5
0,5,1,6,0.0,-0.5
0,5,2,10,0.0,-0.5
0,5,3,97,0.0,-0.5
0,5,4,18,0.0,-0.5
0,5,5,98,0.0,-0.5
0,5,6,1,0.0,-0.5
0,5,7,30,0.0,-0.5
0,5,8,34,0.0,-0.5
0,5,9,100,0.0,-0.5
0,5,10,2,0.0,-0.5
0,5,11,46,0.0,-0.5
0,5,12,49,0.0,0.5
0,5,13,54,0.0,-0.5
0,5,14,58,0.0,-0.5
0,5,15,103,0.0,-0.5
0,5,16,66,0.0,-0.5
0,5,17,104,0.0,-0.5
0,5,18,4,0.0,-0.5
0,5,19,78,0.0,-0.5
0,5,20,50,0.0,0.5
0,5,21,86,0.0,-0.5
0,5,22,90,0.0,-0.5
0,5,23,107,0.0,-0.5
0,5,24,41,0.0,0.5
0,5,25,102,0.0,-0.5
0,5,26,106,0.0,-0.5
0,5,27,109,0.0,-0.5
0,5,28,114,0.0,-0.5
0,5,29,110,0.0,-0.5
0,5,30,7,0.0,-0.5
0,5,31,126,0.0,-0.5
0,5,32,0,0.0,0.5
0,5,33,112,0.0,-0.5
0,5,34,8,0.0,-0.5
0,5,35,96,0.0,0.5
0,5,36,52,0.0,0.5
0,5,37,48,0.0,0.5
0,5,38,80,0.0,0.5
0,5,39,115,0.0,-0.5
0,5,40,42,0.0,0.5
0,5,41,24,0.0,0.5
0,5,42,40,0.0,0.5
0,5,43,117,0.0,-0.5
0,5,44,72,0.0,0.5
0,5,45,118,0.0,-0.5
0,5,46,11,0.0,-0.5
0,5,47,120,0.0,0.5
0,5,48,37,0.0,0.5
0,5,49,12,0.0,0.5
0,5,50,20,0.0,0.5
0,5,51,121,0.0,-0.5
0,5,52,36,0.0,0.5
0,5,53,122,0.0,-0.5
0,5,54,13,0.0,-0.5
0,5,55,60,0.0,0.5
0,5,56,68,0.0,0.5
0,5,57,124,0.0,-0.5
0,5,58,14,0.0,-0.5
0,5,59,92,0.0,0.5
0,5,60,55,0.0,0.5
0,5,61,108,0.0,0.5
0,5,62,116,0.0,0.5
0,5,63,127,0.0,-0.5
0,5,64,65,0.0,0.5
0,5,65,64,0.0,0.5
0,5,66,16,0.0,-0.5
0,5,67,71,0.0,0.5
0,5,68,56,0.0,0.5
0,5,69,75,0.0,0.5
0,5,70,77,0.0,0.5
0,5,71,67,0.0,0.5
0,5,72,44,0.0,0.5
0,5,73,83,0.0,0.5
0,5,74,85,0.0,0.5
0,5,75,69,0.0,0.5
0,5,76,89,0.0,0.5
0,5,77,70,0.0,0.5
0,5,78,19,0.0,-0.5
0,5,79,95,0.0,0.5
0,5,80,38,0.0,0.5
0,5,81,99,0.0,0.5
0,5,82,101,0.0,0.5
0,5,83,73,0.0,0.5
0,5,84,105,0.0,0.5
0,5,85,74,0.0,0.5
0,5,86,21,0.0,-0.5
0,5,87,111,0.0,0.5
0,5,88,113,0.0,0.5
0,5,89,76,0.0,0.5
0,5,90,22,0.0,-0.5
0,5,91,119,0.0,0.5
0,5,92,59,0.0,0.5
0,5,93,123,0.0,0.5
0,5,94,125,0.0,0.5
0,5,95,79,0.0,0.5
0,5,96,35,0.0,0.5
0,5,97,3,0.0,-0.5
0,5,98,5,0.0,-0.5
0,5,99,81,0.0,0.5
0,5,100,9,0.0,-0.5
0,5,101,82,0.0,0.5
0,5,102,25,0.0,-0.5
0,5,103,15,0.0,-0.5
0,5,104,17,0.0,-0.5
0,5,105,84,0.0,0.5
0,5,106,26,0.0,-0.5
0,5,107,23,0.0,-0.5
0,5,108,61,0.0,0.5
0,5,109,27,0.0,-0.5
0,5,110,29,0.0,-0.5
0,5,111,87,0.0,0.5
0,5,112,33,0.0,-0.5
0,5,113,88,0.0,0.5
0,5,114,28,0.0,-0.5
0,5,115,39,0.0,-0.5
0,5,116,62,0.0,0.5
0,5,117,43,0.0,-0.5
0,5,118,45,0.0,-0.5
0,5,119,91,0.0,0.5
0,5,120,47,0.0,0.5
0,5,121,51,0.0,-0.5
0,5,122,53,0.0,-0.5
0,5,123,93,0.0,0.5
0,5,124,57,0.0,-0.5
0,5,125,94,0.0,0.5
0,5,126,31,0.0,-0.5
0,5,127,63,0.0,-0.5
0,6,0,16,-0.5,0.0
0,6,1,12,0.5,0.0
0,6,2,20,0.5,0.0
0,6,3,81,0.5,0.0
0,6,4,36,0.5,0.0
0,6,5,82,0.5,0.0
0,6,6,49,0.5,0.0
0,6,7,60,0.5,0.0
0,6,8,68,0.5,0.0
0,6,9,84,0.5,0.0
0,6,10,50,0.5,0.0
0,6,11,92,0.5,0.0
0,6,12,1,-0.5,0.0
0,6,13,108,0.5,0.0
0,6,14,116,0.5,0.0
0,6,15,87,0.5,0.0
0,6,16,0,0.5,0.0
0,6,17,88,0.5,0.0
0,6,18,52,0.5,0.0
0,6,19,96,0.5,0.0
0,6,20,2,-0.5,0.0
0,6,21,48,0.5,0.0
0,6,22,80,0.5,0.0
0,6,23,91,0.5,0.0
0,6,24,25,-0.5,0.0
0,6,25,24,0.5,0.0
0,6,26,40,0.5,0.0
0,6,27,93,0.5,0.0
0,6,28,72,0.5,0.0
0,6,29,94,0.5,0.0
0,6,30,55,0.5,0.0
0,6,31,120,0.5,0.0
0,6,32,66,-0.5,0.0
0,6,33,64,0.5,0.0
0,6,34,56,0.5,0.0
0,6,35,78,-0.5,0.0
0,6,36,4,-0.5,0.0
0,6,37,86,-0.5,0.0
0,6,38,90,-0.5,0.0
0,6,39,67,0.5,0.0
0,6,40,26,-0.5,0.0
0,6,41,102,-0.5,0.0
0,6,42,106,-0.5,0.0
0,6,43,69,0.5,0.0
0,6,44,114,-0.5,0.0
0,6,45,70,0.5,0.0
0,6,46,59,0.5,0.0
0,6,47,126,-0.5,0.0
0,6,48,21,-0.5,0.0
0,6,49,6,-0.5,0.0
0,6,50,10,-0.5,0.0
0,6,51,73,0.5,0.0
0,6,52,18,-0.5,0.0
0,6,53,74,0.5,0.0
0,6,54,61,0.5,0.0
0,6,55,30,-0.5,0.0
0,6,56,34,-0.5,0.0
0,6,57,76,0.5,0.0
0,6,58,62,0.5,0.0
0,6,59,46,-0.5,0.0
0,6,60,7,-0.5,0.0
0,6,61,54,-0.5,0.0
0,6,62,58,-0.5,0.0
0,6,63,79,0.5,0.0
0,6,64,33,-0.5,0.0
0,6,65,112,-0.5,0.0
0,6,66,32,0.5,0.0
0,6,67,39,-0.5,0.0
0,6,68,8,-0.5,0.0
0,6,69,43,-0.5,0.0
0,6,70,45,-0.5,0.0
0,6,71,115,-0.5,0.0
0,6,72,28,-0.5,0.0
0,6,73,51,-0.5,0.0
0,6,74,53,-0.5,0.0
0,6,75,117,-0.5,0.0
0,6,76,57,-0.5,0.0
0,6,77,118,-0.5,0.0
0,6,78,35,0.5,0.0
0,6,79,63,-0.5,0.0
0,6,80,22,-0.5,0.0
0,6,81,3,-0.5,0.0
0,6,82,5,-0.5,0.0
0,6,83,121,-0.5,0.0
0,6,84,9,-0.5,0.0
0,6,85,122,-0.5,0.0
0,6,86,37,0.5,0.0
0,6,87,15,-0.5,0.0
0,6,88,17,-0.5,0.0
0,6,89,124,-0.5,0.0
0,6,90,38,0.5,0.0
0,6,91,23,-0.5,0.0
0,6,92,11,-0.5,0.0
0,6,93,27,-0.5,0.0
0,6,94,29,-0.5,0.0
0,6,95,127,-0.5,0.0
0,6,96,19,-0.5,0.0
0,6,97,99,0.5,0.0
0,6,98,101,0.5,0.0
0,6,99,97,-0.5,0.0
0,6,100,105,0.5,0.0
0,6,101,98,-0.5,0.0
0,6,102,41,0.5,0.0
0,6,103,111,0.5,0.0
0,6,104,113,0.5,0.0
0,6,105,100,-0.5,0.0
0,6,106,42,0.5,0.0
0,6,107,119,0.5,0.0
0,6,108,13,-0.5,0.0
0,6,109,123,0.5,0.0
0,6,110,125,0.5,0.0
0,6,111,103,-0.5,0.0
0,6,112,65,0.5,0.0
0,6,113,104,-0.5,0.0
0,6,114,44,0.5,0.0
0,6,115,71,0.5,0.0
0,6,116,14,-0.5,0.0
0,6,117,75,0.5,0.0
0,6,118,77,0.5,0.0
0,6,119,107,-0.5,0.0
0,6,120,31,-0.5,0.0
0,6,121,83,0.5,0.0
0,6,122,85,0.5,0.0
0,6,123,109,-0.5,0.0
0,6,124,89,0.5,0.0
0,6,125,110,-0.5,0.0
0,6,126,47,0.5,0.0
0,6,127,95,0.5,0.0
0,7,0,16,0.0,0.5
0,7,1,12,0.0,-0.5
0,7,2,20,0.0,-0.5
0,7,3,81,0.0,-0.5
0,7,4,36,0.0,-0.5
0,7,5,82,0.0,-0.5
0,7,6,49,0.0,-0.5
0,7,7,60,0.0,-0.5
0,7,8,68,0.0,-0.5
0,7,9,84,0.0,-0.5
0,7,10,50,0.0,-0.5
0,7,11,92,0.0,-0.5
0,7,12,1,0.0,-0.5
0,7,13,108,0.0,-0.5
0,7,14,116,0.0,-0.5
0,7,15,87,0.0,-0.5
0,7,16,0,0.0,0.5
0,7,17,88,0.0,-0.5
0,7,18,52,0.0,-0.5
0,7,19,96,0.0,0.5
0,7,20,2,0.0,-0.5
0,7,21,48,0.0,0.5
0,7,22,80,0.0,0.5
0,7,23,91,0.0,-0.5
0,7,24,25,0.0,0.5
0,7,25,24,0.0,0.5
0,7,26,40,0.0,0.5
0,7,27,93,0.0,-0.5
0,7,28,72,0.0,0.5
0,7,29,94,0.0,-0.5
0,7,30,55,0.0,-0.5
0,7,31,120,0.0,0.5
0,7,32,66,0.0,0.5
0,7,33,64,0.0,0.5
0,7,34,56,0.0,-0.5
0,7,35,78,0.0,0.5
0,7,36,4,0.0,-0.5
0,7,37,86,0.0,0.5
0,7,38,90,0.0,0.5
0,7,39,67,0.0,0.5
0,7,40,26,0.0,0.5
0,7,41,102,0.0,0.5
0,7,42,106,0.0,0.5
0,7,43,69,0.0,0.5
0,7,44,114,0.0,0.5
0,7,45,70,0.0,0.5
0,7,46,59,0.0,-0.5
0,7,47,126,0.0,0.5
0,7,48,21,0.0,0.5
0,7,49,6,0.0,-0.5
0,7,50,10,0.0,-0.5
0,7,51,73,0.0,0.5
0,7,52,18,0.0,-0.5
0,7,53,74,0.0,0.5
0,7,54,61,0.0,-0.5
0,7,55,30,0.0,-0.5
0,7,56,34,0.0,-0.5
0,7,57,76,0.0,0.5
0,7,58,62,0.0,-0.5
0,7,59,46,0.0,-0.5
0,7,60,7,0.0,-0.5
0,7,61,54,0.0,-0.5
0,7,62,58,0.0,-0.5
0,7,63,79,0.0,0.5
0,7,64,33,0.0,0.5
0,7,65,112,0.0,0.5
0,7,66,32,0.0,0.5
0,7,67,39,0.0,0.5
0,7,68,8,0.0,-0.5
0,7,69,43,0.0,0.5
0,7,70,45,0.0,0.5
0,7,71,115,0.0,0.5
0,7,72,28,0.0,0.5
0,7,73,51,0.0,0.5
0,7,74,53,0.0,0.5
0,7,75,117,0.0,0.5
0,7,76,57,0.0,0.5
0,7,77,118,0.0,0.5
0,7,78,35,0.0,0.5
0,7,79,63,0.0,0.5
0,7,80,22,0.0,0.5
0,7,81,3,0.0,-0.5
0,7,82,5,0.0,-0.5
0,7,83,121,0.0,0.5
0,7,84,9,0.0,-0.5
0,7,85,122,0.0,0.5
0,7,86,37,0.0,0.5
0,7,87,15,0.0,-0.5
0,7,88,17,0.0,-0.5
0,7,89,124,0.0,0.5
0,7,90,38,0.0,0.5
0,7,91,23,0.0,-0.5
0,7,92,11,0.0,-0.5
0,7,93,27,0.0,-0.5
0,7,94,29,0.0,-0.5
0,7,95,127,0.0,0.5
0,7,96,19,0.0,0.5
0,7,97,99,0.0,-0.5
0,7,98,101,0.0,-0.5
0,7,99,97,0.0,-0.5
0,7,100,105,0.0,-0.5
0,7,101,98,0.0,-0.5
0,7,102,41,0.0,0.5
0,7,103,111,0.0,-0.5
0,7,104,113,0.0,-0.5
0,7,105,100,0.0,-0.5
0,7,106,42,0.0,0.5
0,7,107,119,0.0,-0.5
0,7,108,13,0.0,-0.5
0,7,109,123,0.0,-0.5
0,7,110,125,0.0,-0.5
0,7,111,103,0.0,-0.5
0,7,112,65,0.0,0.5
0,7,113,104,0.0,-0.5
0,7,114,44,0.0,0.5
0,7,115,71,0.0,0.5
0,7,116,14,0.0,-0.5
0,7,117,75,0.0,0.5
0,7,118,77,0.0,0.5
0,7,119,107,0.0,-0.5
0,7,120,31,0.0,0.5
0,7,121,83,0.0,0.5
0,7,122,85,0.0,0.5
0,7,123,109,0.0,-0.5
0,7,124,89,0.0,0.5
0,7,125,110,0.0,-0.5
0,7,126,47,0.0,0.5
0,7,127,95,0.0,0.5
0,8,0,8,-0.5,0.0
0,8,1,24,0.5,0.0
0,8,2,40,0.5,0.0
0,8,3,73,0.5,0.0
0,8,4,72,0.5,0.0
0,8,5,74,0.5,0.0
0,8,6,41,0.5,0.0
0,8,7,120,0.5,0.0
0,8,8,0,0.5,0.0
0,8,9,76,0.5,0.0
0,8,10,42,0.5,0.0
0,8,11,96,0.5,0.0
0,8,12,25,0.5,0.0
0,8,13,48,0.5,0.0
0,8,14,80,0.5,0.0
0,8,15,79,0.5,0.0
0,8,16,68,-0.5,0.0
0,8,17,64,0.5,0.0
0,8,18,44,0.5,0.0
0,8,19,92,-0.5,0.0
0,8,20,26,0.5,0.0
0,8,21,108,-0.5,0.0
0,8,22,116,-0.5,0.0
0,8,23,67,0.5,0.0
0,8,24,1,-0.5,0.0
0,8,25,12,-0.5,0.0
0,8,26,20,-0.5,0.0
0,8,27,69,0.5,0.0
0,8,28,36,-0.5,0.0
0,8,29,70,0.5,0.0
0,8,30,47,0.5,0.0
0,8,31,60,-0.5,0.0
0,8,32,34,-0.5,0.0
0,8,33,88,-0.5,0.0
0,8,34,32,0.5,0.0
0,8,35,46,-0.5,0.0
0,8,36,28,0.5,0.0
0,8,37,54,-0.5,0.0
0,8,38,58,-0.5,0.0
0,8,39,91,-0.5,0.0
0,8,40,2,-0.5,0.0
0,8,41,6,-0.5,0.0
0,8,42,10,-0.5,0.0
0,8,43,93,-0.5,0.0
0,8,44,18,-0.5,0.0
0,8,45,94,-0.5,0.0
0,8,46,35,0.5,0.0
0,8,47,30,-0.5,0.0
0,8,48,13,-0.5,0.0
0,8,49,102,0.5,0.0
0,8,50,106,0.5,0.0
0,8,51,81,-0.5,0.0
0,8,52,114,0.5,0.0
0,8,53,82,-0.5,0.0
0,8,54,37,0.5,0.0
0,8,55,126,0.5,0.0
0,8,56,66,0.5,0.0
0,8,57,84,-0.5,0.0
0,8,58,38,0.5,0.0
0,8,59,78,0.5,0.0
0,8,60,31,0.5,0.0
0,8,61,86,0.5,0.0
0,8,62,90,0.5,0.0
0,8,63,87,-0.5,0.0
0,8,64,17,-0.5,0.0
0,8,65,104,-0.5,0.0
0,8,66,56,-0.5,0.0
0,8,67,23,-0.5,0.0
0,8,68,16,0.5,0.0
0,8,69,27,-0.5,0.0
0,8,70,29,-0.5,0.0
0,8,71,107,-0.5,0.0
0,8,72,4,-0.5,0.0
0,8,73,3,-0.5,0.0
0,8,74,5,-0.5,0.0
0,8,75,109,-0.5,0.0
0,8,76,9,-0.5,0.0
0,8,77,110,-0.5,0.0
0,8,78,59,-0.5,0.0
0,8,79,15,-0.5,0.0
0,8,80,14,-0.5,0.0
0,8,81,51,0.5,0.0
0,8,82,53,0.5,0.0
0,8,83,97,-0.5,0.0
0,8,84,57,0.5,0.0
0,8,85,98,-0.5,0.0
0,8,86,61,-0.5,0.0
0,8,87,63,0.5,0.0
0,8,88,33,0.5,0.0
0,8,89,100,-0.5,0.0
0,8,90,62,-0.5,0.0
0,8,91,39,0.5,0.0
0,8,92,19,0.5,0.0
0,8,93,43,0.5,0.0
0,8,94,45,0.5,0.0
0,8,95,103,-0.5,0.0
0,8,96,11,-0.5,0.0
0,8,97,83,0.5,0.0
0,8,98,85,0.5,0.0
0,8,99,121,0.5,0.0
0,8,100,89,0.5,0.0
0,8,101,122,0.5,0.0
0,8,102,49,-0.5,0.0
0,8,103,95,0.5,0.0
0,8,104,65,0.5,0.0
0,8,105,124,0.5,0.0
0,8,106,50,-0.5,0.0
0,8,107,71,0.5,0.0
0,8,108,21,0.5,0.0
0,8,109,75,0.5,0.0
0,8,110,77,0.5,0.0
0,8,111,127,0.5,0.0
0,8,112,113,-0.5,0.0
0,8,113,112,0.5,0.0
0,8,114,52,-0.5,0.0
0,8,115,119,-0.5,0.0
0,8,116,22,0.5,0.0
0,8,117,123,-0.5,0.0
0,8,118,125,-0.5,0.0
0,8,119,115,0.5,0.0
0,8,120,7,-0.5,0.0
0,8,121,99,-0.5,0.0
0,8,122,101,-0.5,0.0
0,8,123,117,0.5,0.0
0,8,124,105,-0.5,0.0
0,8,125,118,0.5,0.0
0,8,126,55,-0.5,0.0
0,8,127,111,-0.5,0.0
0,9,0,8,0.0,0.5
0,9,1,24,0.0,-0.5
0,9,2,40,0.0,-0.5
0,9,3,73,0.0,-0.5
0,9,4,72,0.0,-0.5
0,9,5,74,0.0,-0.5
0,9,6,41,0.0,-0.5
0,9,7,120,0.0,-0.5
0,9,8,0,0.0,0.5
0,9,9,76,0.0,-0.5
0,9,10,42,0.0,-0.5
0,9,11,96,0.0,0.5
0,9,12,25,0.0,-0.5
0,9,13,48,0.0,0.5
0,9,14,80,0.0,0.5
0,9,15,79,0.0,-0.5
0,9,16,68,0.0,0.5
0,9,17,64,0.0,0.5
0,9,18,44,0.0,-0.5
0,9,19,92,0.0,0.5
0,9,20,26,0.0,-0.5
0,9,21,108,0.0,0.5
0,9,22,116,0.0,0.5
0,9,23,67,0.0,0.5
0,9,24,1,0.0,-0.5
0,9,25,12,0.0,-0.5
0,9,26,20,0.0,-0.5
0,9,27,69,0.0,0.5
0,9,28,36,0.0,-0.5
0,9,29,70,0.0,0.5
0,9,30,47,0.0,-0.5
0,9,31,60,0.0,-0.5
0,9,32,34,0.0,0.5
0,9,33,88,0.0,0.5
0,9,34,32,0.0,0.5
0,9,35,46,0.0,0.5
0,9,36,28,0.0,-0.5
0,9,37,54,0.0,0.5
0,9,38,58,0.0,0.5
0,9,39,91,0.0,0.5
0,9,40,2,0.0,-0.5
0,9,41,6,0.0,-0.5
0,9,42,10,0.0,-0.5
0,9,43,93,0.0,0.5
0,9,44,18,0.0,-0.5
0,9,45,94,0.0,0.5
0,9,46,35,0.0,0.5
0,9,47,30,0.0,-0.5
0,9,48,13,0.0,0.5
0,9,49,102,0.0,-0.5
0,9,50,106,0.0,-0.5
0,9,51,81,0.0,-0.5
0,9,52,114,0.0,-0.5
0,9,53,82,0.0,-0.5
0,9,54,37,0.0,0.5
0,9,55,126,0.0,-0.5
0,9,56,66,0.0,0.5
0,9,57,84,0.0,-0.5
0,9,58,38,0.0,0.5
0,9,59,78,0.0,0.5
0,9,60,31,0.0,-0.5
0,9,61,86,0.0,0.5
0,9,62,90,0.0,0.5
0,9,63,87,0.0,-0.5
0,9,64,17,0.0,0.5
0,9,65,104,0.0,0.5
0,9,66,56,0.0,0.5
0,9,67,23,0.0,0.5
0,9,68,16,0.0,0.5
0,9,69,27,0.0,0.5
0,9,70,29,0.0,0.5
0,9,71,107,0.0,0.5
0,9,72,4,0.0,-0.5
0,9,73,3,0.0,-0.5
0,9,74,5,0.0,-0.5
0,9,75,109,0.0,0.5
0,9,76,9,0.0,-0.5
0,9,77,110,0.0,0.5
0,9,78,59,0.0,0.5
0,9,79,15,0.0,-0.5
0,9,80,14,0.0,0.5
0,9,81,51,0.0,-0.5
0,9,82,53,0.0,-0.5
0,9,83,97,0.0,-0.5
0,9,84,57,0.0,-0.5
0,9,85,98,0.0,-0.5
0,9,86,61,0.0,0.5
0,9,87,63,0.0,-0.5
0,9,88,33,0.0,0.5
0,9,89,100,0.0,-0.5
0,9,90,62,0.0,0.5
0,9,91,39,0.0,0.5
0,9,92,19,0.0,0.5
0,9,93,43,0.0,0.5
0,9,94,45,0.0,0.5
0,9,95,103,0.0,-0.5
0,9,96,11,0.0,0.5
0,9,97,83,0.0,-0.5
0,9,98,85,0.0,-0.5
0,9,99,121,0.0,-0.5
0,9,100,89,0.0,-0.5
0,9,101,122,0.0,-0.5
0,9,102,49,0.0,-0.5
0,9,103,95,0.0,-0.5
0,9,104,65,0.0,0.5
0,9,105,124,0.0,-0.5
0,9,106,50,0.0,-0.5
0,9,107,71,0.0,0.5
0,9,108,21,0.0,0.5
0,9,109,75,0.0,0.5
0,9,110,77,0.0,0.5
0,9,111,127,0.0,-0.5
0,9,112,113,0.0,0.5
0,9,113,112,0.0,0.5
0,9,114,52,0.0,-0.5
0,9,115,119,0.0,0.5
0,9,116,22,0.0,0.5
0,9,117,123,0.0,0.5
0,9,118,125,0.0,0.5
0,9,119,115,0.0,0.5
0,9,120,7,0.0,-0.5
0,9,121,99,0.0,-0.5
0,9,122,101,0.0,-0.5
0,9,123,117,0.0,0.5
0,9,124,105,0.0,-0.5
0,9,125,118,0.0,0.5
0,9,126,55,0.0,-0.5
0,9,127,111,0.0,-0.5
0,10,0,4,-0.5,0.0
0,10,1,48,0.5,0.0
0,10,2,80,0.5,0.0
0,10,3,69,0.5,0.0
0,10,4,0,0.5,0.0
0,10,5,70,0.5,0.0
0,10,6,37,0.5,0.0
0,10,7,96,0.5,0.0
0,10,8,72,-0.5,0.0
0,10,9,64,0.5,0.0
0,10,10,38,0.5,0.0
0,10,11,120,-0.5,0.0
0,10,12,21,0.5,0.0
0,10,13,24,-0.5,0.0
0,10,14,40,-0.5,0.0
0,10,15,67,0.5,0.0
0,10,16,36,-0.5,0.0
0,10,17,76,-0.5,0.0
0,10,18,32,0.5,0.0
0,10,19,60,-0.5,0.0
0,10,20,22,0.5,0.0
0,10,21,12,-0.5,0.0
0,10,22,20,-0.5,0.0
0,10,23,79,-0.5,0.0
0,10,24,13,0.5,0.0
0,10,25,108,0.5,0.0
0,10,26,116,0.5,0.0
0,10,27,73,-0.5,0.0
0,10,28,68,0.5,0.0
0,10,29,74,-0.5,0.0
0,10,30,35,0.5,0.0
0,10,31,92,0.5,0.0
0,10,32,18,-0.5,0.0
0,10,33,84,-0.5,0.0
0,10,34,44,-0.5,0.0
0,10,35,30,-0.5,0.0
0,10,36,16,0.5,0.0
0,10,37,6,-0.5,0.0
0,10,38,10,-0.5,0.0
0,10,39,87,-0.5,0.0
0,10,40,14,0.5,0.0
0,10,41,54,0.5,0.0
0,10,42,58,0.5,0.0
0,10,43,81,-0.5,0.0
0,10,44,34,0.5,0.0
0,10,45,82,-0.5,0.0
0,10,46,47,-0.5,0.0
0,10,47,46,0.5,0.0
0,10,48,1,-0.5,0.0
0,10,49,86,0.5,0.0
0,10,50,90,0.5,0.0
0,10,51,93,0.5,0.0
0,10,52,66,0.5,0.0
0,10,53,94,0.5,0.0
0,10,54,41,-0.5,0.0
0,10,55,78,0.5,0.0
0,10,56,114,-0.5,0.0
0,10,57,88,0.5,0.0
0,10,58,42,-0.5,0.0
0,10,59,126,-0.5,0.0
0,10,60,19,0.5,0.0
0,10,61,102,-0.5,0.0
0,10,62,106,-0.5,0.0
0,10,63,91,0.5,0.0
0,10,64,9,-0.5,0.0
0,10,65,100,-0.5,0.0
0,10,66,52,-0.5,0.0
0,10,67,15,-0.5,0.0
0,10,68,28,-0.5,0.0
0,10,69,3,-0.5,0.0
0,10,70,5,-0.5,0.0
0,10,71,103,-0.5,0.0
0,10,72,8,0.5,0.0
0,10,73,27,0.5,0.0
0,10,74,29,0.5,0.0
0,10,75,97,-0.5,0.0
0,10,76,17,0.5,0.0
0,10,77,98,-0.5,0.0
0,10,78,55,-0.5,0.0
0,10,79,23,0.5,0.0
0,10,80,2,-0.5,0.0
0,10,81,43,0.5,0.0
0,10,82,45,0.5,0.0
0,10,83,109,0.5,0.0
0,10,84,33,0.5,0.0
0,10,85,110,0.5,0.0
0,10,86,49,-0.5,0.0
0,10,87,39,0.5,0.0
0,10,88,57,-0.5,0.0
0,10,89,104,0.5,0.0
0,10,90,50,-0.5,0.0
0,10,91,63,-0.5,0.0
0,10,92,31,-0.5,0.0
0,10,93,51,-0.5,0.0
0,10,94,53,-0.5,0.0
0,10,95,107,0.5,0.0
0,10,96,7,-0.5,0.0
0,10,97,75,0.5,0.0
0,10,98,77,0.5,0.0
0,10,99,117,0.5,0.0
0,10,100,65,0.5,0.0
0,10,101,118,0.5,0.0
0,10,102,61,0.5,0.0
0,10,103,71,0.5,0.0
0,10,104,89,-0.5,0.0
0,10,105,112,0.5,0.0
0,10,106,62,0.5,0.0
0,10,107,95,-0.5,0.0
0,10,108,25,-0.5,0.0
0,10,109,83,-0.5,0.0
0,10,110,85,-0.5,0.0
0,10,111,115,0.5,0.0
0,10,112,105,-0.5,0.0
0,10,113,124,-0.5,0.0
0,10,114,56,0.5,0.0
0,10,115,111,-0.5,0.0
0,10,116,26,-0.5,0.0
0,10,117,99,-0.5,0.0
0,10,118,101,-0.5,0.0
0,10,119,127,-0.5,0.0
0,10,120,11,0.5,0.0
0,10,121,123,0.5,0.0
0,10,122,125,0.5,0.0
0,10,123,121,-0.5,0.0
0,10,124,113,0.5,0.0
0,10,125,122,-0.5,0.0
0,10,126,59,0.5,0.0
0,10,127,119,0.5,0.0
0,11,0,4,0.0,0.5
0,11,1,48,0.0,-0.5
0,11,2,80,0.0,-0.5
0,11,3,69,0.0,-0.5
0,11,4,0,0.0,0.5
0,11,5,70,0.0,-0.5
0,11,6,37,0.0,-0.5
0,11,7,96,0.0,0.5
0,11,8,72,0.0,0.5
0,11,9,64,0.0,0.5
0,11,10,38,0.0,-0.5
0,11,11,120,0.0,0.5
0,11,12,21,0.0,-0.5
0,11,13,24,0.0,-0.5
0,11,14,40,0.0,-0.5
0,11,15,67,0.0,0.5
0,11,16,36,0.0,0.5
0,11,17,76,0.0,0.5
0,11,18,32,0.0,0.5
0,11,19,60,0.0,0.5
0,11,20,22,0.0,-0.5
0,11,21,12,0.0,-0.5
0,11,22,20,0.0,-0.5
0,11,23,79,0.0,0.5
0,11,24,13,0.0,-0.5
0,11,25,108,0.0,-0.5
0,11,26,116,0.0,-0.5
0,11,27,73,0.0,-0.5
0,11,28,68,0.0,0.5
0,11,29,74,0.0,-0.5
0,11,30,35,0.0,0.5
0,11,31,92,0.0,0.5
0,11,32,18,0.0,0.5
0,11,33,84,0.0,0.5
0,11,34,44,0.0,0.5
0,11,35,30,0.0,0.5
0,11,36,16,0.0,0.5
0,11,37,6,0.0,-0.5
0,11,38,10,0.0,-0.5
0,11,39,87,0.0,0.5
0,11,40,14,0.0,-0.5
0,11,41,54,0.0,-0.5
0,11,42,58,0.0,-0.5
0,11,43,81,0.0,-0.5
0,11,44,34,0.0,0.5
0,11,45,82,0.0,-0.5
0,11,46,47,0.0,0.5
0,11,47,46,0.0,0.5
0,11,48,1,0.0,-0.5
0,11,49,86,0.0,-0.5
0,11,50,90,0.0,-0.5
0,11,51,93,0.0,-0.5
0,11,52,66,0.0,0.5
0,11,53,94,0.0,-0.5
0,11,54,41,0.0,-0.5
0,11,55,78,0.0,0.5
0,11,56,114,0.0,0.5
0,11,57,88,0.0,0.5
0,11,58,42,0.0,-0.5
0,11,59,126,0.0,0.5
0,11,60,19,0.0,0.5
0,11,61,102,0.0,-0.5
0,11,62,106,0.0,-0.5
0,11,63,91,0.0,0.5
0,11,64,9,0.0,0.5
0,11,65,100,0.0,0.5
0,11,66,52,0.0,0.5
0,11,67,15,0.0,0.5
0,11,68,28,0.0,0.5
0,11,69,3,0.0,-0.5
0,11,70,5,0.0,-0.5
0,11,71,103,0.0,0.5
0,11,72,8,0.0,0.5
0,11,73,27,0.0,-0.5
0,11,74,29,0.0,-0.5
0,11,75,97,0.0,-0.5
0,11,76,17,0.0,0.5
0,11,77,98,0.0,-0.5
0,11,78,55,0.0,0.5
0,11,79,23,0.0,0.5
0,11,80,2,0.0,-0.5
0,11,81,43,0.0,-0.5
0,11,82,45,0.0,-0.5
0,11,83,109,0.0,-0.5
0,11,84,33,0.0,0.5
0,11,85,110,0.0,-0.5
0,11,86,49,0.0,-0.5
0,11,87,39,0.0,0.5
0,11,88,57,0.0,0.5
0,11,89,104,0.0,0.5
0,11,90,50,0.0,-0.5
0,11,91,63,0.0,0.5
0,11,92,31,0.0,0.5
0,11,93,51,0.0,-0.5
0,11,94,53,0.0,-0.5
0,11,95,107,0.0,0.5
0,11,96,7,0.0,0.5
0,11,97,75,0.0,-0.5
0,11,98,77,0.0,-0.5
0,11,99,117,0.0,-0.5
0,11,100,65,0.0,0.5
0,11,101,118,0.0,-0.5
0,11,102,61,0.0,-0.5
0,11,103,71,0.0,0.5
0,11,104,89,0.0,0.5
0,11,105,112,0.0,0.5
0,11,106,62,0.0,-0.5
0,11,107,95,0.0,0.5
0,11,108,25,0.0,-0.5
0,11,109,83,0.0,-0.5
0,11,110,85,0.0,-0.5
0,11,111,115,0.0,0.5
0,11,112,105,0.0,0.5
0,11,113,124,0.0,0.5
0,11,114,56,0.0,0.5
0,11,115,111,0.0,0.5
0,11,116,26,0.0,-0.5
0,11,117,99,0.0,-0.5
0,11,118,101,0.0,-0.5
0,11,119,127,0.0,0.5
0,11,120,11,0.0,0.5
0,11,121,123,0.0,-0.5
0,11,122,125,0.0,-0.5
0,11,123,121,0.0,-0.5
0,11,124,113,0.0,0.5
0,11,125,122,0.0,-0.5
0,11,126,59,0.0,0.5
0,11,127,119,0.0,0.5
0,12,0,2,-0.5,0.0
0,12,1,96,0.5,0.0
0,12,2,0,0.5,0.0
0,12,3,67,0.5,0.0
0,12,4,80,-0.5,0.0
0,12,5,64,0.5,0.0
0,12,6,35,0.5,0.0
0,12,7,48,-0.5,0.0
0,12,8,40,-0.5,0.0
0,12,9,70,-0.5,0.0
0,12,10,32,0.5,0.0
0,12,11,24,-0.5,0.0
0,12,12,19,0.5,0.0
0,12,13,120,0.5,0.0
0,12,14,72,0.5,0.0
0,12,15,69,-0.5,0.0
0,12,16,20,-0.5,0.0
0,12,17,74,-0.5,0.0
0,12,18,38,-0.5,0.0
0,12,19,12,-0.5,0.0
0,12,20,16,0.5,0.0
0,12,21,60,0.5,0.0
0,12,22,36,0.5,0.0
0,12,23,73,-0.5,0.0
0,12,24,11,0.5,0.0
0,12,25,92,0.5,0.0
0,12,26,68,0.5,0.0
0,12,27,79,0.5,0.0
0,12,28,116,-0.5,0.0
0,12,29,76,0.5,0.0
0,12,30,37,-0.5,0.0
0,12,31,108,-0.5,0.0
0,12,32,10,-0.5,0.0
0,12,33,82,-0.5,0.0
0,12,34,42,-0.5,0.0
0,12,35,6,-0.5,0.0
0,12,36,22,-0.5,0.0
0,12,37,30,0.5,0.0
0,12,38,18,0.5,0.0
0,12,39,81,-0.5,0.0
0,12,40,8,0.5,0.0
0,12,41,46,0.5,0.0
0,12,42,34,0.5,0.0
0,12,43,87,0.5,0.0
0,12,44,58,-0.5,0.0
0,12,45,84,0.5,0.0
0,12,46,41,-0.5,0.0
0,12,47,54,-0.5,0.0
0,12,48,7,0.5,0.0
0,12,49,78,0.5,0.0
0,12,50,66,0.5,0.0
0,12,51,91,0.5,0.0
0,12,52,90,-0.5,0.0
0,12,53,88,0.5,0.0
0,12,54,47,0.5,0.0
0,12,55,86,-0.5,0.0
0,12,56,106,-0.5,0.0
0,12,57,94,-0.5,0.0
0,12,58,44,0.5,0.0
0,12,59,102,-0.5,0.0
0,12,60,21,-0.5,0.0
0,12,61,126,0.5,0.0
0,12,62,114,0.5,0.0
0,12,63,93,-0.5,0.0
0,12,64,5,-0.5,0.0
0,12,65,98,-0.5,0.0
0,12,66,50,-0.5,0.0
0,12,67,3,-0.5,0.0
0,12,68,26,-0.5,0.0
0,12,69,15,0.5,0.0
0,12,70,9,0.5,0.0
0,12,71,97,-0.5,0.0
0,12,72,14,-0.5,0.0
0,12,73,23,0.5,0.0
0,12,74,17,0.5,0.0
0,12,75,103,0.5,0.0
0,12,76,29,-0.5,0.0
0,12,77,100,0.5,0.0
0,12,78,49,-0.5,0.0
0,12,79,27,-0.5,0.0
0,12,80,4,0.5,0.0
0,12,81,39,0.5,0.0
0,12,82,33,0.5,0.0
0,12,83,107,0.5,0.0
0,12,84,45,-0.5,0.0
0,12,85,104,0.5,0.0
0,12,86,55,0.5,0.0
0,12,87,43,-0.5,0.0
0,12,88,53,-0.5,0.0
0,12,89,110,-0.5,0.0
0,12,90,52,0.5,0.0
0,12,91,51,-0.5,0.0
0,12,92,25,-0.5,0.0
0,12,93,63,0.5,0.0
0,12,94,57,0.5,0.0
0,12,95,109,-0.5,0.0
0,12,96,1,-0.5,0.0
0,12,97,71,0.5,0.0
0,12,98,65,0.5,0.0
0,12,99,115,0.5,0.0
0,12,100,77,-0.5,0.0
0,12,101,112,0.5,0.0
0,12,102,59,0.5,0.0
0,12,103,75,-0.5,0.0
0,12,104,85,-0.5,0.0
0,12,105,118,-0.5,0.0
0,12,106,56,0.5,0.0
0,12,107,83,-0.5,0.0
0,12,108,31,0.5,0.0
0,12,109,95,0.5,0.0
0,12,110,89,0.5,0.0
0,12,111,117,-0.5,0.0
0,12,112,101,-0.5,0.0
0,12,113,122,-0.5,0.0
0,12,114,62,-0.5,0.0
0,12,115,99,-0.5,0.0
0,12,116,28,0.5,0.0
0,12,117,111,0.5,0.0
0,12,118,105,0.5,0.0
0,12,119,121,-0.5,0.0
0,12,120,13,-0.5,0.0
0,12,121,119,0.5,0.0
0,12,122,113,0.5,0.0
0,12,123,127,0.5,0.0
0,12,124,125,-0.5,0.0
0,12,125,124,0.5,0.0
0,12,126,61,-0.5,0.0
0,12,127,123,-0.5,0.0
0,13,0,2,0.0,0.5
0,13,1,96,0.0,-0.5
0,13,2,0,0.0,0.5
0,13,3,67,0.0,-0.5
0,13,4,80,0.0,0.5
0,13,5,64,0.0,0.5
0,13,6,35,0.0,-0.5
0,13,7,48,0.0,-0.5
0,13,8,40,0.0,0.5
0,13,9,70,0.0,0.5
0,13,10,32,0.0,0.5
0,13,11,24,0.0,-0.5
0,13,12,19,0.0,-0.5
0,13,13,120,0.0,-0.5
0,13,14,72,0.0,0.5
0,13,15,69,0.0,-0.5
0,13,16,20,0.0,0.5
0,13,17,74,0.0,0.5
0,13,18,38,0.0,0.5
0,13,19,12,0.0,-0.5
0,13,20,16,0.0,0.5
0,13,21,60,0.0,-0.5
0,13,22,36,0.0,0.5
0,13,23,73,0.0,-0.5
0,13,24,11,0.0,-0.5
0,13,25,92,0.0,-0.5
0,13,26,68,0.0,0.5
0,13,27,79,0.0,-0.5
0,13,28,116,0.0,0.5
0,13,29,76,0.0,0.5
0,13,30,37,0.0,-0.5
0,13,31,108,0.0,-0.5
0,13,32,10,0.0,0.5
0,13,33,82,0.0,0.5
0,13,34,42,0.0,0.5
0,13,35,6,0.0,-0.5
0,13,36,22,0.0,0.5
0,13,37,30,0.0,-0.5
0,13,38,18,0.0,0.5
0,13,39,81,0.0,-0.5
0,13,40,8,0.0,0.5
0,13,41,46,0.0,-0.5
0,13,42,34,0.0,0.5
0,13,43,87,0.0,-0.5
0,13,44,58,0.0,0.5
0,13,45,84,0.0,0.5
0,13,46,41,0.0,-0.5
0,13,47,54,0.0,-0.5
0,13,48,7,0.0,-0.5
0,13,49,78,0.0,-0.5
0,13,50,66,0.0,0.5
0,13,51,91,0.0,-0.5
0,13,52,90,0.0,0.5
0,13,53,88,0.0,0.5
0,13,54,47,0.0,-0.5
0,13,55,86,0.0,-0.5
0,13,56,106,0.0,0.5
0,13,57,94,0.0,0.5
0,13,58,44,0.0,0.5
0,13,59,102,0.0,-0.5
0,13,60,21,0.0,-0.5
0,13,61,126,0.0,-0.5
0,13,62,114,0.0,0.5
0,13,63,93,0.0,-0.5
0,13,64,5,0.0,0.5
0,13,65,98,0.0,0.5
0,13,66,50,0.0,0.5
0,13,67,3,0.0,-0.5
0,13,68,26,0.0,0.5
0,13,69,15,0.0,-0.5
0,13,70,9,0.0,0.5
0,13,71,97,0.0,-0.5
0,13,72,14,0.0,0.5
0,13,73,23,0.0,-0.5
0,13,74,17,0.0,0.5
0,13,75,103,0.0,-0.5
0,13,76,29,0.0,0.5
0,13,77,100,0.0,0.5
0,13,78,49,0.0,-0.5
0,13,79,27,0.0,-0.5
0,13,80,4,0.0,0.5
0,13,81,39,0.0,-0.5
0,13,82,33,0.0,0.5
0,13,83,107,0.0,-0.5
0,13,84,45,0.0,0.5
0,13,85,104,0.0,0.5
0,13,86,55,0.0,-0.5
0,13,87,43,0.0,-0.5
0,13,88,53,0.0,0.5
0,13,89,110,0.0,0.5
0,13,90,52,0.0,0.5
0,13,91,51,0.0,-0.5
0,13,92,25,0.0,-0.5
0,13,93,63,0.0,-0.5
0,13,94,57,0.0,0.5
0,13,95,109,0.0,-0.5
0,13,96,1,0.0,-0.5
0,13,97,71,0.0,-0.5
0,13,98,65,0.0,0.5
0,13,99,115,0.0,-0.5
0,13,100,77,0.0,0.5
0,13,101,112,0.0,0.5
0,13,102,59,0.0,-0.5
0,13,103,75,0.0,-0.5
0,13,104,85,0.0,0.5
0,13,105,118,0.0,0.5
0,13,106,56,0.0,0.5
0,13,107,83,0.0,-0.5
0,13,108,31,0.0,-0.5
0,13,109,95,0.0,-0.5
0,13,110,89,0.0,0.5
0,13,111,117,0.0,-0.5
0,13,112,101,0.0,0.5
0,13,113,122,0.0,0.5
0,13,114,62,0.0,0.5
0,13,115,99,0.0,-0.5
0,13,116,28,0.0,0.5
0,13,117,111,0.0,-0.5
0,13,118,105,0.0,0.5
0,13,119,121,0.0,-0.5
0,13,120,13,0.0,-0.5
0,13,121,119,0.0,-0.5
0,13,122,113,0.0,0.5
0,13,123,127,0.0,-0.5
0,13,124,125,0.0,0.5
0,13,125,124,0.0,0.5
0,13,126,61,0.0,-0.5
0,13,127,123,0.0,-0.5
0,14,0,1,-0.5,0.0
0,14,1,0,0.5,0.0
0,14,2,96,-0.5,0.0
0,14,3,64,0.5,0.0
0,14,4,48,-0.5,0.0
0,14,5,67,-0.5,0.0
0,14,6,32,0.5,0.0
0,14,7,80,0.5,0.0
0,14,8,24,-0.5,0.0
0,14,9,69,-0.5,0.0
0,14,10,35,-0.5,0.0
0,14,11,40,0.5,0.0
0,14,12,16,0.5,0.0
0,14,13,72,0.5,0.0
0,14,14,120,-0.5,0.0
0,14,15,70,0.5,0.0
0,14,16,12,-0.5,0.0
0,14,17,73,-0.5,0.0
0,14,18,37,-0.5,0.0
0,14,19,20,0.5,0.0
0,14,20,19,-0.5,0.0
0,14,21,36,0.5,0.0
0,14,22,60,-0.5,0.0
0,14,23,74,0.5,0.0
0,14,24,8,0.5,0.0
0,14,25,68,0.5,0.0
0,14,26,92,-0.5,0.0
0,14,27,76,0.5,0.0
0,14,28,108,-0.5,0.0
0,14,29,79,-0.5,0.0
0,14,30,38,0.5,0.0
0,14,31,116,0.5,0.0
0,14,32,6,-0.5,0.0
0,14,33,81,-0.5,0.0
0,14,34,41,-0.5,0.0
0,14,35,10,0.5,0.0
0,14,36,21,-0.5,0.0
0,14,37,18,0.5,0.0
0,14,38,30,-0.5,0.0
0,14,39,82,0.5,0.0
0,14,40,11,-0.5,0.0
0,14,41,34,0.5,0.0
0,14,42,46,-0.5,0.0
0,14,43,84,0.5,0.0
0,14,44,54,-0.5,0.0
0,14,45,87,-0.5,0.0
0,14,46,42,0.5,0.0
0,14,47,58,0.5,0.0
0,14,48,4,0.5,0.0
0,14,49,66,0.5,0.0
0,14,50,78,-0.5,0.0
0,14,51,88,0.5,0.0
0,14,52,86,-0.5,0.0
0,14,53,91,-0.5,0.0
0,14,54,44,0.5,0.0
0,14,55,90,0.5,0.0
0,14,56,102,-0.5,0.0
0,14,57,93,-0.5,0.0
0,14,58,47,-0.5,0.0
0,14,59,106,0.5,0.0
0,14,60,22,0.5,0.0
0,14,61,114,0.5,0.0
0,14,62,126,-0.5,0.0
0,14,63,94,0.5,0.0
0,14,64,3,-0.5,0.0
0,14,65,97,-0.5,0.0
0,14,66,49,-0.5,0.0
0,14,67,5,0.5,0.0
0,14,68,25,-0.5,0.0
0,14,69,9,0.5,0.0
0,14,70,15,-0.5,0.0
0,14,71,98,0.5,0.0
0,14,72,13,-0.5,0.0
0,14,73,17,0.5,0.0
0,14,74,23,-0.5,0.0
0,14,75,100,0.5,0.0
0,14,76,27,-0.5,0.0
0,14,77,103,-0.5,0.0
0,14,78,50,0.5,0.0
0,14,79,29,0.5,0.0
0,14,80,7,-0.5,0.0
0,14,81,33,0.5,0.0
0,14,82,39,-0.5,0.0
0,14,83,104,0.5,0.0
0,14,84,43,-0.5,0.0
0,14,85,107,-0.5,0.0
0,14,86,52,0.5,0.0
0,14,87,45,0.5,0.0
0,14,88,51,-0.5,0.0
0,14,89,109,-0.5,0.0
0,14,90,55,-0.5,0.0
0,14,91,53,0.5,0.0
0,14,92,26,0.5,0.0
0,14,93,57,0.5,0.0
0,14,94,63,-0.5,0.0
0,14,95,110,0.5,0.0
0,14,96,2,0.5,0.0
0,14,97,65,0.5,0.0
0,14,98,71,-0.5,0.0
0,14,99,112,0.5,0.0
0,14,100,75,-0.5,0.0
0,14,101,115,-0.5,0.0
0,14,102,56,0.5,0.0
0,14,103,77,0.5,0.0
0,14,104,83,-0.5,0.0
0,14,105,117,-0.5,0.0
0,14,106,59,-0.5,0.0
0,14,107,85,0.5,0.0
0,14,108,28,0.5,0.0
0,14,109,89,0.5,0.0
0,14,110,95,-0.5,0.0
0,14,111,118,0.5,0.0
0,14,112,99,-0.5,0.0
0,14,113,121,-0.5,0.0
0,14,114,61,-0.5,0.0
0,14,115,101,0.5,0.0
0,14,116,31,-0.5,0.0
0,14,117,105,0.5,0.0
0,14,118,111,-0.5,0.0
0,14,119,122,0.5,0.0
0,14,120,14,0.5,0.0
0,14,121,113,0.5,0.0
0,14,122,119,-0.5,0.0
0,14,123,124,0.5,0.0
0,14,124,123,-0.5,0.0
0,14,125,127,-0.5,0.0
0,14,126,62,0.5,0.0
0,14,127,125,0.5,0.0
0,15,0,1,0.0,0.5
0,15,1,0,0.0,0.5
0,15,2,96,0.0,0.5
0,15,3,64,0.0,0.5
0,15,4,48,0.0,0.5
0,15,5,67,0.0,0.5
0,15,6,32,0.0,0.5
0,15,7,80,0.0,0.5
0,15,8,24,0.0,0.5
0,15,9,69,0.0,0.5
0,15,10,35,0.0,0.5
0,15,11,40,0.0,0.5
0,15,12,16,0.0,0.5
0,15,13,72,0.0,0.5
0,15,14,120,0.0,0.5
0,15,15,70,0.0,0.5
0,15,16,12,0.0,0.5
0,15,17,73,0.0,0.5
0,15,18,37,0.0,0.5
0,15,19,20,0.0,0.5
0,15,20,19,0.0,0.5
0,15,21,36,0.0,0.5
0,15,22,60,0.0,0.5
0,15,23,74,0.0,0.5
0,15,24,8,0.0,0.5
0,15,25,68,0.0,0.5
0,15,26,92,0.0,0.5
0,15,27,76,0.0,0.5
0,15,28,108,0.0,0.5
0,15,29,79,0.0,0.5
0,15,30,38,0.0,0.5
0,15,31,116,0.0,0.5
0,15,32,6,0.0,0.5
0,15,33,81,0.0,0.5
0,15,34,41,0.0,0.5
0,15,35,10,0.0,0.5
0,15,36,21,0.0,0.5
0,15,37,18,0.0,0.5
0,15,38,30,0.0,0.5
0,15,39,82,0.0,0.5
0,15,40,11,0.0,0.5
0,15,41,34,0.0,0.5
0,15,42,46,0.0,0.5
0,15,43,84,0.0,0.5
0,15,44,54,0.0,0.5
0,15,45,87,0.0,0.5
0,15,46,42,0.0,0.5
0,15,47,58,0.0,0.5
0,15,48,4,0.0,0.5
0,15,49,66,0.0,0.5
0,15,50,78,0.0,0.5
0,15,51,88,0.0,0.5
0,15,52,86,0.0,0.5
0,15,53,91,0.0,0.5
0,15,54,44,0.0,0.5
0,15,55,90,0.0,0.5
0,15,56,102,0.0,0.5
0,15,57,93,0.0,0.5
0,15,58,47,0.0,0.5
0,15,59,106,0.0,0.5
0,15,60,22,0.0,0.5
0,15,61,114,0.0,0.5
0,15,62,126,0.0,0.5
0,15,63,94,0.0,0.5
0,15,64,3,0.0,0.5
0,15,65,97,0.0,0.5
0,15,66,49,0.0,0.5
0,15,67,5,0.0,0.5
0,15,68,25,0.0,0.5
0,15,69,9,0.0,0.5
0,15,70,15,0.0,0.5
0,15,71,98,0.0,0.5
0,15,72,13,0.0,0.5
0,15,73,17,0.0,0.5
0,15,74,23,0.0,0.5
0,15,75,100,0.0,0.5
0,15,76,27,0.0,0.5
0,15,77,103,0.0,0.5
0,15,78,50,0.0,0.5
0,15,79,29,0.0,0.5
0,15,80,7,0.0,0.5
0,15,81,33,0.0,0.5
0,15,82,39,0.0,0.5
0,15,83,104,0.0,0.5
0,15,84,43,0.0,0.5
0,15,85,107,0.0,0.5
0,15,86,52,0.0,0.5
0,15,87,45,0.0,0.5
0,15,88,51,0.0,0.5
0,15,89,109,0.0,0.5
0,15,90,55,0.0,0.5
0,15,91,53,0.0,0.5
0,15,92,26,0.0,0.5
0,15,93,57,0.0,0.5
0,15,94,63,0.0,0.5
0,15,95,110,0.0,0.5
0,15,96,2,0.0,0.5
0,15,97,65,0.0,0.5
0,15,98,71,0.0,0.5
0,15,99,112,0.0,0.5
0,15,100,75,0.0,0.5
0,15,101,115,0.0,0.5
0,15,102,56,0.0,0.5
0,15,103,77,0.0,0.5
0,15,104,83,0.0,0.5
0,15,105,117,0.0,0.5
0,15,106,59,0.0,0.5
0,15,107,85,0.0,0.5
0,15,108,28,0.0,0.5
0,15,109,89,0.0,0.5
0,15,110,95,0.0,0.5
0,15,111,118,0.0,0.5
0,15,112,99,0.0,0.5
0,15,113,121,0.0,0.5
0,15,114,61,0.0,0.5
0,15,115,101,0.0,0.5
0,15,116,31,0.0,0.5
0,15,117,105,0.0,0.5
0,15,118,111,0.0,0.5
0,15,119,122,0.0,0.5
0,15,120,14,0.0,0.5
0,15,121,113,0.0,0.5
0,15,122,119,0.0,0.5
0,15,123,124,0.0,0.5
0,15,124,123,0.0,0.5
0,15,125,127,0.0,0.5
0,15,126,62,0.0,0.5
0,15,127,125,0.0,0.5
1,2,0,64,0.0,0.5
1,2,1,3,0.0,0.5
1,2,2,5,0.0,0.5
1,2,3,1,0.0,0.5
1,2,4,9,0.0,0.5
1,2,5,2,0.0,0.5
1,2,6,97,0.0,0.5
1,2,7,15,0.0,0.5
1,2,8,17,0.0,0.5
1,2,9,4,0.0,0.5
1,2,10,98,0.0,0.5
1,2,11,23,0.0,0.5
1,2,12,81,0.0,0.5
1,2,13,27,0.0,0.5
1,2,14,29,0.0,0.5
1,2,15,7,0.0,0.5
1,2,16,33,0.0,0.5
1,2,17,8,0.0,0.5
1,2,18,100,0.0,0.5
1,2,19,39,0.0,0.5
1,2,20,82,0.0,0.5
1,2,21,43,0.0,0.5
1,2,22,45,0.0,0.5
1,2,23,11,0.0,0.5
1,2,24,73,0.0,0.5
1,2,25,51,0.0,0.5
1,2,26,53,0.0,0.5
1,2,27,13,0.0,0.5
1,2,28,57,0.0,0.5
1,2,29,14,0.0,0.5
1,2,30,103,0.0,0.5
1,2,31,63,0.0,0.5
1,2,32,65,0.0,0.5
1,2,33,16,0.0,0.5
1,2,34,104,0.0,0.5
1,2,35,71,0.0,0.5
1,2,36,84,0.0,0.5
1,2,37,75,0.0,0.5
1,2,38,77,0.0,0.5
1,2,39,19,0.0,0.5
1,2,40,74,0.0,0.5
1,2,41,83,0.0,0.5
1,2,42,85,0.0,0.5
1,2,43,21,0.0,0.5
1,2,44,89,0.0,0.5
1,2,45,22,0.0,0.5
1,2,46,107,0.0,0.5
1,2,47,95,0.0,0.5
1,2,48,69,0.0,0.5
1,2,49,99,0.0,0.5
1,2,50,101,0.0,0.5
1,2,51,25,0.0,0.5
1,2,52,105,0.0,0.5
1,2,53,26,0.0,0.5
1,2,54,109,0.0,0.5
1,2,55,111,0.0,0.5
1,2,56,113,0.0,0.5
1,2,57,28,0.0,0.5
1,2,58,110,0.0,0.5
1,2,59,119,0.0,0.5
1,2,60,87,0.0,0.5
1,2,61,123,0.0,0.5
1,2,62,125,0.0,0.5
1,2,63,31,0.0,0.5
1,2,64,0,0.0,0.5
1,2,65,32,0.0,0.5
1,2,66,112,0.0,0.5
1,2,67,96,0.0,0.5
1,2,68,88,0.0,0.5
1,2,69,48,0.0,0.5
1,2,70,80,0.0,0.5
1,2,71,35,0.0,0.5
1,2,72,76,0.0,0.5
1,2,73,24,0.0,0.5
1,2,74,40,0.0,0.5
1,2,75,37,0.0,0.5
1,2,76,72,0.0,0.5
1,2,77,38,0.0,0.5
1,2,78,115,0.0,0.5
1,2,79,120,0.0,0.5
1,2,80,70,0.0,0.5
1,2,81,12,0.0,0.5
1,2,82,20,0.0,0.5
1,2,83,41,0.0,0.5
1,2,84,36,0.0,0.5
1,2,85,42,0.0,0.5
1,2,86,117,0.0,0.5
1,2,87,60,0.0,0.5
1,2,88,68,0.0,0.5
1,2,89,44,0.0,0.5
1,2,90,118,0.0,0.5
1,2,91,92,0.0,0.5
1,2,92,91,0.0,0.5
1,2,93,108,0.0,0.5
1,2,94,116,0.0,0.5
1,2,95,47,0.0,0.5
1,2,96,67,0.0,0.5
1,2,97,6,0.0,0.5
1,2,98,10,0.0,0.5
1,2,99,49,0.0,0.5
1,2,100,18,0.0,0.5
1,2,101,50,0.0,0.5
1,2,102,121,0.0,0.5
1,2,103,30,0.0,0.5
1,2,104,34,0.0,0.5
1,2,105,52,0.0,0.5
1,2,106,122,0.0,0.5
1,2,107,46,0.0,0.5
1,2,108,93,0.0,0.5
1,2,109,54,0.0,0.5
1,2,110,58,0.0,0.5
1,2,111,55,0.0,0.5
1,2,112,66,0.0,0.5
1,2,113,56,0.0,0.5
1,2,114,124,0.0,0.5
1,2,115,78,0.0,0.5
1,2,116,94,0.0,0.5
1,2,117,86,0.0,0.5
1,2,118,90,0.0,0.5
1,2,119,59,0.0,0.5
1,2,120,79,0.0,0.5
1,2,121,102,0.0,0.5
1,2,122,106,0.0,0.5
1,2,123,61,0.0,0.5
1,2,124,114,0.0,0.5
1,2,125,62,0.0,0.5
1,2,126,127,0.0,0.5
1,2,127,126,0.0,0.5
1,3,0,64,0.5,0.0
1,3,1,3,0.5,0.0
1,3,2,5,0.5,0.0
1,3,3,1,-0.5,0.0
1,3,4,9,0.5,0.0
1,3,5,2,-0.5,0.0
1,3,6,97,0.5,0.0
1,3,7,15,0.5,0.0
1,3,8,17,0.5,0.0
1,3,9,4,-0.5,0.0
1,3,10,98,0.5,0.0
1,3,11,23,0.5,0.0
1,3,12,81,0.5,0.0
1,3,13,27,0.5,0.0
1,3,14,29,0.5,0.0
1,3,15,7,-0.5,0.0
1,3,16,33,0.5,0.0
1,3,17,8,-0.5,0.0
1,3,18,100,0.5,0.0
1,3,19,39,0.5,0.0
1,3,20,82,0.5,0.0
1,3,21,43,0.5,0.0
1,3,22,45,0.5,0.0
1,3,23,11,-0.5,0.0
1,3,24,73,0.5,0.0
1,3,25,51,0.5,0.0
1,3,26,53,0.5,0.0
1,3,27,13,-0.5,0.0
1,3,28,57,0.5,0.0
1,3,29,14,-0.5,0.0
1,3,30,103,0.5,0.0
1,3,31,63,0.5,0.0
1,3,32,65,0.5,0.0
1,3,33,16,-0.5,0.0
1,3,34,104,0.5,0.0
1,3,35,71,0.5,0.0
1,3,36,84,0.5,0.0
1,3,37,75,0.5,0.0
1,3,38,77,0.5,0.0
1,3,39,19,-0.5,0.0
1,3,40,74,0.5,0.0
1,3,41,83,0.5,0.0
1,3,42,85,0.5,0.0
1,3,43,21,-0.5,0.0
1,3,44,89,0.5,0.0
1,3,45,22,-0.5,0.0
1,3,46,107,0.5,0.0
1,3,47,95,0.5,0.0
1,3,48,69,0.5,0.0
1,3,49,99,0.5,0.0
1,3,50,101,0.5,0.0
1,3,51,25,-0.5,0.0
1,3,52,105,0.5,0.0
1,3,53,26,-0.5,0.0
1,3,54,109,0.5,0.0
1,3,55,111,0.5,0.0
1,3,56,113,0.5,0.0
1,3,57,28,-0.5,0.0
1,3,58,110,0.5,0.0
1,3,59,119,0.5,0.0
1,3,60,87,0.5,0.0
1,3,61,123,0.5,0.0
1,3,62,125,0.5,0.0
1,3,63,31,-0.5,0.0
1,3,64,0,-0.5,0.0
1,3,65,32,-0.5,0.0
1,3,66,112,0.5,0.0
1,3,67,96,-0.5,0.0
1,3,68,88,0.5,0.0
1,3,69,48,-0.5,0.0
1,3,70,80,-0.5,0.0
1,3,71,35,-0.5,0.0
1,3,72,76,0.5,0.0
1,3,73,24,-0.5,0.0
1,3,74,40,-0.5,0.0
1,3,75,37,-0.5,0.0
1,3,76,72,-0.5,0.0
1,3,77,38,-0.5,0.0
1,3,78,115,0.5,0.0
1,3,79,120,-0.5,0.0
1,3,80,70,0.5,0.0
1,3,81,12,-0.5,0.0
1,3,82,20,-0.5,0.0
1,3,83,41,-0.5,0.0
1,3,84,36,-0.5,0.0
1,3,85,42,-0.5,0.0
1,3,86,117,0.5,0.0
1,3,87,60,-0.5,0.0
1,3,88,68,-0.5,0.0
1,3,89,44,-0.5,0.0
1,3,90,118,0.5,0.0
1,3,91,92,-0.5,0.0
1,3,92,91,0.5,0.0
1,3,93,108,-0.5,0.0
1,3,94,116,-0.5,0.0
1,3,95,47,-0.5,0.0
1,3,96,67,0.5,0.0
1,3,97,6,-0.5,0.0
1,3,98,10,-0.5,0.0
1,3,99,49,-0.5,0.0
1,3,100,18,-0.5,0.0
1,3,101,50,-0.5,0.0
1,3,102,121,0.5,0.0
1,3,103,30,-0.5,0.0
1,3,104,34,-0.5,0.0
1,3,105,52,-0.5,0.0
1,3,106,122,0.5,0.0
1,3,107,46,-0.5,0.0
1,3,108,93,0.5,0.0
1,3,109,54,-0.5,0.0
1,3,110,58,-0.5,0.0
1,3,111,55,-0.5,0.0
1,3,112,66,-0.5,0.0
1,3,113,56,-0.5,0.0
1,3,114,124,0.5,0.0
1,3,115,78,-0.5,0.0
1,3,116,94,0.5,0.0
1,3,117,86,-0.5,0.0
1,3,118,90,-0.5,0.0
1,3,119,59,-0.5,0.0
1,3,120,79,0.5,0.0
1,3,121,102,-0.5,0.0
1,3,122,106,-0.5,0.0
1,3,123,61,-0.5,0.0
1,3,124,114,-0.5,0.0
1,3,125,62,-0.5,0.0
1,3,126,127,0.5,0.0
1,3,127,126,-0.5,0.0
1,4,0,32,0.0,0.5
1,4,1,6,0.0,0.5
1,4,2,10,0.0,0.5
1,4,3,97,0.0,-0.5
1,4,4,18,0.0,0.5
1,4,5,98,0.0,-0.5
1,4,6,1,0.0,0.5
1,4,7,30,0.0,0.5
1,4,8,34,0.0,0.5
1,4,9,100,0.0,-0.5
1,4,10,2,0.0,0.5
1,4,11,46,0.0,0.5
1,4,12,49,0.0,0.5
1,4,13,54,0.0,0.5
1,4,14,58,0.0,0.5
1,4,15,103,0.0,-0.5
1,4,16,66,0.0,0.5
1,4,17,104,0.0,-0.5
1,4,18,4,0.0,0.5
1,4,19,78,0.0,0.5
1,4,20,50,0.0,0.5
1,4,21,86,0.0,0.5
1,4,22,90,0.0,0.5
1,4,23,107,0.0,-0.5
1,4,24,41,0.0,0.5
1,4,25,102,0.0,0.5
1,4,26,106,0.0,0.5
1,4,27,109,0.0,-0.5
1,4,28,114,0.0,0.5
1,4,29,110,0.0,-0.5
1,4,30,7,0.0,0.5
1,4,31,126,0.0,0.5
1,4,32,0,0.0,0.5
1,4,33,112,0.0,-0.5
1,4,34,8,0.0,0.5
1,4,35,96,0.0,0.5
1,4,36,52,0.0,0.5
1,4,37,48,0.0,0.5
1,4,38,80,0.0,0.5
1,4,39,115,0.0,-0.5
1,4,40,42,0.0,0.5
1,4,41,24,0.0,0.5
1,4,42,40,0.0,0.5
1,4,43,117,0.0,-0.5
1,4,44,72,0.0,0.5
1,4,45,118,0.0,-0.5
1,4,46,11,0.0,0.5
1,4,47,120,0.0,0.5
1,4,48,37,0.0,0.5
1,4,49,12,0.0,0.5
1,4,50,20,0.0,0.5
1,4,51,121,0.0,-0.5
1,4,52,36,0.0,0.5
1,4,53,122,0.0,-0.5
1,4,54,13,0.0,0.5
1,4,55,60,0.0,0.5
1,4,56,68,0.0,0.5
1,4,57,124,0.0,-0.5
1,4,58,14,0.0,0.5
1,4,59,92,0.0,0.5
1,4,60,55,0.0,0.5
1,4,61,108,0.0,0.5
1,4,62,116,0.0,0.5
1,4,63,127,0.0,-0.5
1,4,64,65,0.0,-0.5
1,4,65,64,0.0,-0.5
1,4,66,16,0.0,0.5
1,4,67,71,0.0,-0.5
1,4,68,56,0.0,0.5
1,4,69,75,0.0,-0.5
1,4,70,77,0.0,-0.5
1,4,71,67,0.0,-0.5
1,4,72,44,0.0,0.5
1,4,73,83,0.0,-0.5
1,4,74,85,0.0,-0.5
1,4,75,69,0.0,-0.5
1,4,76,89,0.0,-0.5
1,4,77,70,0.0,-0.5
1,4,78,19,0.0,0.5
1,4,79,95,0.0,-0.5
1,4,80,38,0.0,0.5
1,4,81,99,0.0,-0.5
1,4,82,101,0.0,-0.5
1,4,83,73,0.0,-0.5
1,4,84,105,0.0,-0.5
1,4,85,74,0.0,-0.5
1,4,86,21,0.0,0.5
1,4,87,111,0.0,-0.5
1,4,88,113,0.0,-0.5
1,4,89,76,0.0,-0.5
1,4,90,22,0.0,0.5
1,4,91,119,0.0,-0.5
1,4,92,59,0.0,0.5
1,4,93,123,0.0,-0.5
1,4,94,125,0.0,-0.5
1,4,95,79,0.0,-0.5
1,4,96,35,0.0,0.5
1,4,97,3,0.0,-0.5
1,4,98,5,0.0,-0.5
1,4,99,81,0.0,-0.5
1,4,100,9,0.0,-0.5
1,4,101,82,0.0,-0.5
1,4,102,25,0.0,0.5
1,4,103,15,0.0,-0.5
1,4,104,17,0.0,-0.5
1,4,105,84,0.0,-0.5
1,4,106,26,0.0,0.5
1,4,107,23,0.0,-0.5
1,4,108,61,0.0,0.5
1,4,109,27,0.0,-0.5
1,4,110,29,0.0,-0.5
1,4,111,87,0.0,-0.5
1,4,112,33,0.0,-0.5
1,4,113,88,0.0,-0.5
1,4,114,28,0.0,0.5
1,4,115,39,0.0,-0.5
1,4,116,62,0.0,0.5
1,4,117,43,0.0,-0.5
1,4,118,45,0.0,-0.5
1,4,119,91,0.0,-0.5
1,4,120,47,0.0,0.5
1,4,121,51,0.0,-0.5
1,4,122,53,0.0,-0.5
1,4,123,93,0.0,-0.5
1,4,124,57,0.0,-0.5
1,4,125,94,0.0,-0.5
1,4,126,31,0.0,0.5
1,4,127,63,0.0,-0.5
1,5,0,32,0.5,0.0
1,5,1,6,0.5,0.0
1,5,2,10,0.5,0.0
1,5,3,97,-0.5,0.0
1,5,4,18,0.5,0.0
1,5,5,98,-0.5,0.0
1,5,6,1,-0.5,0.0
1,5,7,30,0.5,0.0
1,5,8,34,0.5,0.0
1,5,9,100,-0.5,0.0
1,5,10,2,-0.5,0.0
1,5,11,46,0.5,0.0
1,5,12,49,0.5,0.0
1,5,13,54,0.5,0.0
1,5,14,58,0.5,0.0
1,5,15,103,-0.5,0.0
1,5,16,66,0.5,0.0
1,5,17,104,-0.5,0.0
1,5,18,4,-0.5,0.0
1,5,19,78,0.5,0.0
1,5,20,50,0.5,0.0
1,5,21,86,0.5,0.0
1,5,22,90,0.5,0.0
1,5,23,107,-0.5,0.0
1,5,24,41,0.5,0.0
1,5,25,102,0.5,0.0
1,5,26,106,0.5,0.0
1,5,27,109,-0.5,0.0
1,5,28,114,0.5,0.0
1,5,29,110,-0.5,0.0
1,5,30,7,-0.5,0.0
1,5,31,126,0.5,0.0
1,5,32,0,-0.5,0.0
1,5,33,112,-0.5,0.0
1,5,34,8,-0.5,0.0
1,5,35,96,-0.5,0.0
1,5,36,52,0.5,0.0
1,5,37,48,-0.5,0.0
1,5,38,80,-0.5,0.0
1,5,39,115,-0.5,0.0
1,5,40,42,0.5,0.0
1,5,41,24,-0.5,0.0
1,5,42,40,-0.5,0.0
1,5,43,117,-0.5,0.0
1,5,44,72,-0.5,0.0
1,5,45,118,-0.5,0.0
1,5,46,11,-0.5,0.0
1,5,47,120,-0.5,0.0
1,5,48,37,0.5,0.0
1,5,49,12,-0.5,0.0
1,5,50,20,-0.5,0.0
1,5,51,121,-0.5,0.0
1,5,52,36,-0.5,0.0
1,5,53,122,-0.5,0.0
1,5,54,13,-0.5,0.0
1,5,55,60,-0.5,0.0
1,5,56,68,-0.5,0.0
1,5,57,124,-0.5,0.0
1,5,58,14,-0.5,0.0
1,5,59,92,-0.5,0.0
1,5,60,55,0.5,0.0
1,5,61,108,-0.5,0.0
1,5,62,116,-0.5,0.0
1,5,63,127,-0.5,0.0
1,5,64,65,-0.5,0.0
1,5,65,64,0.5,0.0
1,5,66,16,-0.5,0.0
1,5,67,71,-0.5,0.0
1,5,68,56,0.5,0.0
1,5,69,75,-0.5,0.0
1,5,70,77,-0.5,0.0
1,5,71,67,0.5,0.0
1,5,72,44,0.5,0.0
1,5,73,83,-0.5,0.0
1,5,74,85,-0.5,0.0
1,5,75,69,0.5,0.0
1,5,76,89,-0.5,0.0
1,5,77,70,0.5,0.0
1,5,78,19,-0.5,0.0
1,5,79,95,-0.5,0.0
1,5,80,38,0.5,0.0
1,5,81,99,-0.5,0.0
1,5,82,101,-0.5,0.0
1,5,83,73,0.5,0.0
1,5,84,105,-0.5,0.0
1,5,85,74,0.5,0.0
1,5,86,21,-0.5,0.0
1,5,87,111,-0.5,0.0
1,5,88,113,-0.5,0.0
1,5,89,76,0.5,0.0
1,5,90,22,-0.5,0.0
1,5,91,119,-0.5,0.0
1,5,92,59,0.5,0.0
1,5,93,123,-0.5,0.0
1,5,94,125,-0.5,0.0
1,5,95,79,0.5,0.0
1,5,96,35,0.5,0.0
1,5,97,3,0.5,0.0
1,5,98,5,0.5,0.0
1,5,99,81,0.5,0.0
1,5,100,9,0.5,0.0
1,5,101,82,0.5,0.0
1,5,102,25,-0.5,0.0
1,5,103,15,0.5,0.0
1,5,104,17,0.5,0.0
1,5,105,84,0.5,0.0
1,5,106,26,-0.5,0.0
1,5,107,23,0.5,0.0
1,5,108,61,0.5,0.0
1,5,109,27,0.5,0.0
1,5,110,29,0.5,0.0
1,5,111,87,0.5,0.0
1,5,112,33,0.5,0.0
1,5,113,88,0.5,0.0
1,5,114,28,-0.5,0.0
1,5,115,39,0.5,0.0
1,5,116,62,0.5,0.0
1,5,117,43,0.5,0.0
1,5,118,45,0.5,0.0
1,5,119,91,0.5,0.0
1,5,120,47,0.5,0.0
1,5,121,51,0.5,0.0
1,5,122,53,0.5,0.0
1,5,123,93,0.5,0.0
1,5,124,57,0.5,0.0
1,5,125,94,0.5,0.0
1,5,126,31,-0.5,0.0
1,5,127,63,0.5,0.0
1,6,0,16,0.0,0.5
1,6,1,12,0.0,0.5
1,6,2,20,0.0,0.5
1,6,3,81,0.0,-0.5
1,6,4,36,0.0,0.5
1,6,5,82,0.0,-0.5
1,6,6,49,0.0,-0.5
1,6,7,60,0.0,0.5
1,6,8,68,0.0,0.5
1,6,9,84,0.0,-0.5
1,6,10,50,0.0,-0.5
1,6,11,92,0.0,0.5
1,6,12,1,0.0,0.5
1,6,13,108,0.0,0.5
1,6,14,116,0.0,0.5
1,6,15,87,0.0,-0.5
1,6,16,0,0.0,0.5
1,6,17,88,0.0,-0.5
1,6,18,52,0.0,-0.5
1,6,19,96,0.0,0.5
1,6,20,2,0.0,0.5
1,6,21,48,0.0,0.5
1,6,22,80,0.0,0.5
1,6,23,91,0.0,-0.5
1,6,24,25,0.0,0.5
1,6,25,24,0.0,0.5
1,6,26,40,0.0,0.5
1,6,27,93,0.0,-0.5
1,6,28,72,0.0,0.5
1,6,29,94,0.0,-0.5
1,6,30,55,0.0,-0.5
1,6,31,120,0.0,0.5
1,6,32,66,0.0,-0.5
1,6,33,64,0.0,-0.5
1,6,34,56,0.0,-0.5
1,6,35,78,0.0,-0.5
1,6,36,4,0.0,0.5
1,6,37,86,0.0,-0.5
1,6,38,90,0.0,-0.5
1,6,39,67,0.0,-0.5
1,6,40,26,0.0,0.5
1,6,41,102,0.0,-0.5
1,6,42,106,0.0,-0.5
1,6,43,69,0.0,-0.5
1,6,44,114,0.0,-0.5
1,6,45,70,0.0,-0.5
1,6,46,59,0.0,-0.5
1,6,47,126,0.0,-0.5
1,6,48,21,0.0,0.5
1,6,49,6,0.0,-0.5
1,6,50,10,0.0,-0.5
1,6,51,73,0.0,-0.5
1,6,52,18,0.0,-0.5
1,6,53,74,0.0,-0.5
1,6,54,61,0.0,-0.5
1,6,55,30,0.0,-0.5
1,6,56,34,0.0,-0.5
1,6,57,76,0.0,-0.5
1,6,58,62,0.0,-0.5
1,6,59,46,0.0,-0.5
1,6,60,7,0.0,0.5
1,6,61,54,0.0,-0.5
1,6,62,58,0.0,-0.5
1,6,63,79,0.0,-0.5
1,6,64,33,0.0,-0.5
1,6,65,112,0.0,0.5
1,6,66,32,0.0,-0.5
1,6,67,39,0.0,-0.5
1,6,68,8,0.0,0.5
1,6,69,43,0.0,-0.5
1,6,70,45,0.0,-0.5
1,6,71,115,0.0,0.5
1,6,72,28,0.0,0.5
1,6,73,51,0.0,-0.5
1,6,74,53,0.0,-0.5
1,6,75,117,0.0,0.5
1,6,76,57,0.0,-0.5
1,6,77,118,0.0,0.5
1,6,78,35,0.0,-0.5
1,6,79,63,0.0,-0.5
1,6,80,22,0.0,0.5
1,6,81,3,0.0,-0.5
1,6,82,5,0.0,-0.5
1,6,83,121,0.0,0.5
1,6,84,9,0.0,-0.5
1,6,85,122,0.0,0.5
1,6,86,37,0.0,-0.5
1,6,87,15,0.0,-0.5
1,6,88,17,0.0,-0.5
1,6,89,124,0.0,0.5
1,6,90,38,0.0,-0.5
1,6,91,23,0.0,-0.5
1,6,92,11,0.0,0.5
1,6,93,27,0.0,-0.5
1,6,94,29,0.0,-0.5
1,6,95,127,0.0,0.5
1,6,96,19,0.0,0.5
1,6,97,99,0.0,0.5
1,6,98,101,0.0,0.5
1,6,99,97,0.0,0.5
1,6,100,105,0.0,0.5
1,6,101,98,0.0,0.5
1,6,102,41,0.0,-0.5
1,6,103,111,0.0,0.5
1,6,104,113,0.0,0.5
1,6,105,100,0.0,0.5
1,6,106,42,0.0,-0.5
1,6,107,119,0.0,0.5
1,6,108,13,0.0,0.5
1,6,109,123,0.0,0.5
1,6,110,125,0.0,0.5
1,6,111,103,0.0,0.5
1,6,112,65,0.0,0.5
1,6,113,104,0.0,0.5
1,6,114,44,0.0,-0.5
1,6,115,71,0.0,0.5
1,6,116,14,0.0,0.5
1,6,117,75,0.0,0.5
1,6,118,77,0.0,0.5
1,6,119,107,0.0,0.5
1,6,120,31,0.0,0.5
1,6,121,83,0.0,0.5
1,6,122,85,0.0,0.5
1,6,123,109,0.0,0.5
1,6,124,89,0.0,0.5
1,6,125,110,0.0,0.5
1,6,126,47,0.0,-0.5
1,6,127,95,0.0,0.5
1,7,0,16,0.5,0.0
1,7,1,12,0.5,0.0
1,7,2,20,0.5,0.0
1,7,3,81,-0.5,0.0
1,7,4,36,0.5,0.0
1,7,5,82,-0.5,0.0
1,7,6,49,-0.5,0.0
1,7,7,60,0.5,0.0
1,7,8,68,0.5,0.0
1,7,9,84,-0.5,0.0
1,7,10,50,-0.5,0.0
1,7,11,92,0.5,0.0
1,7,12,1,-0.5,0.0
1,7,13,108,0.5,0.0
1,7,14,116,0.5,0.0
1,7,15,87,-0.5,0.0
1,7,16,0,-0.5,0.0
1,7,17,88,-0.5,0.0
1,7,18,52,-0.5,0.0
1,7,19,96,-0.5,0.0
1,7,20,2,-0.5,0.0
1,7,21,48,-0.5,0.0
1,7,22,80,-0.5,0.0
1,7,23,91,-0.5,0.0
1,7,24,25,0.5,0.0
1,7,25,24,-0.5,0.0
1,7,26,40,-0.5,0.0
1,7,27,93,-0.5,0.0
1,7,28,72,-0.5,0.0
1,7,29,94,-0.5,0.0
1,7,30,55,-0.5,0.0
1,7,31,120,-0.5,0.0
1,7,32,66,-0.5,0.0
1,7,33,64,0.5,0.0
1,7,34,56,-0.5,0.0
1,7,35,78,-0.5,0.0
1,7,36,4,-0.5,0.0
1,7,37,86,-0.5,0.0
1,7,38,90,-0.5,0.0
1,7,39,67,0.5,0.0
1,7,40,26,0.5,0.0
1,7,41,102,-0.5,0.0
1,7,42,106,-0.5,0.0
1,7,43,69,0.5,0.0
1,7,44,114,-0.5,0.0
1,7,45,70,0.5,0.0
1,7,46,59,-0.5,0.0
1,7,47,126,-0.5,0.0
1,7,48,21,0.5,0.0
1,7,49,6,0.5,0.0
1,7,50,10,0.5,0.0
1,7,51,73,0.5,0.0
1,7,52,18,0.5,0.0
1,7,53,74,0.5,0.0
1,7,54,61,-0.5,0.0
1,7,55,30,0.5,0.0
1,7,56,34,0.5,0.0
1,7,57,76,0.5,0.0
1,7,58,62,-0.5,0.0
1,7,59,46,0.5,0.0
1,7,60,7,-0.5,0.0
1,7,61,54,0.5,0.0
1,7,62,58,0.5,0.0
1,7,63,79,0.5,0.0
1,7,64,33,-0.5,0.0
1,7,65,112,0.5,0.0
1,7,66,32,0.5,0.0
1,7,67,39,-0.5,0.0
1,7,68,8,-0.5,0.0
1,7,69,43,-0.5,0.0
1,7,70,45,-0.5,0.0
1,7,71,115,0.5,0.0
1,7,72,28,0.5,0.0
1,7,73,51,-0.5,0.0
1,7,74,53,-0.5,0.0
1,7,75,117,0.5,0.0
1,7,76,57,-0.5,0.0
1,7,77,118,0.5,0.0
1,7,78,35,0.5,0.0
1,7,79,63,-0.5,0.0
1,7,80,22,0.5,0.0
1,7,81,3,0.5,0.0
1,7,82,5,0.5,0.0
1,7,83,121,0.5,0.0
1,7,84,9,0.5,0.0
1,7,85,122,0.5,0.0
1,7,86,37,0.5,0.0
1,7,87,15,0.5,0.0
1,7,88,17,0.5,0.0
1,7,89,124,0.5,0.0
1,7,90,38,0.5,0.0
1,7,91,23,0.5,0.0
1,7,92,11,-0.5,0.0
1,7,93,27,0.5,0.0
1,7,94,29,0.5,0.0
1,7,95,127,0.5,0.0
1,7,96,19,0.5,0.0
1,7,97,99,0.5,0.0
1,7,98,101,0.5,0.0
1,7,99,97,-0.5,0.0
1,7,100,105,0.5,0.0
1,7,101,98,-0.5,0.0
1,7,102,41,0.5,0.0
1,7,103,111,0.5,0.0
1,7,104,113,0.5,0.0
1,7,105,100,-0.5,0.0
1,7,106,42,0.5,0.0
1,7,107,119,0.5,0.0
1,7,108,13,-0.5,0.0
1,7,109,123,0.5,0.0
1,7,110,125,0.5,0.0
1,7,111,103,-0.5,0.0
1,7,112,65,-0.5,0.0
1,7,113,104,-0.5,0.0
1,7,114,44,0.5,0.0
1,7,115,71,-0.5,0.0
1,7,116,14,-0.5,0.0
1,7,117,75,-0.5,0.0
1,7,118,77,-0.5,0.0
1,7,119,107,-0.5,0.0
1,7,120,31,0.5,0.0
1,7,121,83,-0.5,0.0
1,7,122,85,-0.5,0.0
1,7,123,109,-0.5,0.0
1,7,124,89,-0.5,0.0
1,7,125,110,-0.5,0.0
1,7,126,47,0.5,0.0
1,7,127,95,-0.5,0.0
1,8,0,8,0.0,0.5
1,8,1,24,0.0,0.5
1,8,2,40,0.0,0.5
1,8,3,73,0.0,-0.5
1,8,4,72,0.0,0.5
1,8,5,74,0.0,-0.5
1,8,6,41,0.0,-0.5
1,8,7,120,0.0,0.5
1,8,8,0,0.0,0.5
1,8,9,76,0.0,-0.5
1,8,10,42,0.0,-0.5
1,8,11,96,0.0,0.5
1,8,12,25,0.0,-0.5
1,8,13,48,0.0,0.5
1,8,14,80,0.0,0.5
1,8,15,79,0.0,-0.5
1,8,16,68,0.0,-0.5
1,8,17,64,0.0,-0.5
1,8,18,44,0.0,-0.5
1,8,19,92,0.0,-0.5
1,8,20,26,0.0,-0.5
1,8,21,108,0.0,-0.5
1,8,22,116,0.0,-0.5
1,8,23,67,0.0,-0.5
1,8,24,1,0.0,0.5
1,8,25,12,0.0,-0.5
1,8,26,20,0.0,-0.5
1,8,27,69,0.0,-0.5
1,8,28,36,0.0,-0.5
1,8,29,70,0.0,-0.5
1,8,30,47,0.0,-0.5
1,8,31,60,0.0,-0.5
1,8,32,34,0.0,-0.5
1,8,33,88,0.0,0.5
1,8,34,32,0.0,-0.5
1,8,35,46,0.0,-0.5
1,8,36,28,0.0,-0.5
1,8,37,54,0.0,-0.5
1,8,38,58,0.0,-0.5
1,8,39,91,0.0,0.5
1,8,40,2,0.0,0.5
1,8,41,6,0.0,-0.5
1,8,42,10,0.0,-0.5
1,8,43,93,0.0,0.5
1,8,44,18,0.0,-0.5
1,8,45,94,0.0,0.5
1,8,46,35,0.0,-0.5
1,8,47,30,0.0,-0.5
1,8,48,13,0.0,0.5
1,8,49,102,0.0,0.5
1,8,50,106,0.0,0.5
1,8,51,81,0.0,0.5
1,8,52,114,0.0,0.5
1,8,53,82,0.0,0.5
1,8,54,37,0.0,-0.5
1,8,55,126,0.0,0.5
1,8,56,66,0.0,0.5
1,8,57,84,0.0,0.5
1,8,58,38,0.0,-0.5
1,8,59,78,0.0,0.5
1,8,60,31,0.0,-0.5
1,8,61,86,0.0,0.5
1,8,62,90,0.0,0.5
1,8,63,87,0.0,0.5
1,8,64,17,0.0,-0.5
1,8,65,104,0.0,0.5
1,8,66,56,0.0,0.5
1,8,67,23,0.0,-0.5
1,8,68,16,0.0,-0.5
1,8,69,27,0.0,-0.5
1,8,70,29,0.0,-0.5
1,8,71,107,0.0,0.5
1,8,72,4,0.0,0.5
1,8,73,3,0.0,-0.5
1,8,74,5,0.0,-0.5
1,8,75,109,0.0,0.5
1,8,76,9,0.0,-0.5
1,8,77,110,0.0,0.5
1,8,78,59,0.0,0.5
1,8,79,15,0.0,-0.5
1,8,80,14,0.0,0.5
1,8,81,51,0.0,0.5
1,8,82,53,0.0,0.5
1,8,83,97,0.0,0.5
1,8,84,57,0.0,0.5
1,8,85,98,0.0,0.5
1,8,86,61,0.0,0.5
1,8,87,63,0.0,0.5
1,8,88,33,0.0,0.5
1,8,89,100,0.0,0.5
1,8,90,62,0.0,0.5
1,8,91,39,0.0,0.5
1,8,92,19,0.0,-0.5
1,8,93,43,0.0,0.5
1,8,94,45,0.0,0.5
1,8,95,103,0.0,0.5
1,8,96,11,0.0,0.5
1,8,97,83,0.0,0.5
1,8,98,85,0.0,0.5
1,8,99,121,0.0,-0.5
1,8,100,89,0.0,0.5
1,8,101,122,0.0,-0.5
1,8,102,49,0.0,0.5
1,8,103,95,0.0,0.5
1,8,104,65,0.0,0.5
1,8,105,124,0.0,-0.5
1,8,106,50,0.0,0.5
1,8,107,71,0.0,0.5
1,8,108,21,0.0,-0.5
1,8,109,75,0.0,0.5
1,8,110,77,0.0,0.5
1,8,111,127,0.0,-0.5
1,8,112,113,0.0,-0.5
1,8,113,112,0.0,-0.5
1,8,114,52,0.0,0.5
1,8,115,119,0.0,-0.5
1,8,116,22,0.0,-0.5
1,8,117,123,0.0,-0.5
1,8,118,125,0.0,-0.5
1,8,119,115,0.0,-0.5
1,8,120,7,0.0,0.5
1,8,121,99,0.0,-0.5
1,8,122,101,0.0,-0.5
1,8,123,117,0.0,-0.5
1,8,124,105,0.0,-0.5
1,8,125,118,0.0,-0.5
1,8,126,55,0.0,0.5
1,8,127,111,0.0,-0.5
1,9,0,8,0.5,0.0
1,9,1,24,0.5,0.0
1,9,2,40,0.5,0.0
1,9,3,73,-0.5,0.0
1,9,4,72,0.5,0.0
1,9,5,74,-0.5,0.0
1,9,6,41,-0.5,0.0
1,9,7,120,0.5,0.0
1,9,8,0,-0.5,0.0
1,9,9,76,-0.5,0.0
1,9,10,42,-0.5,0.0
1,9,11,96,-0.5,0.0
1,9,12,25,-0.5,0.0
1,9,13,48,-0.5,0.0
1,9,14,80,-0.5,0.0
1,9,15,79,-0.5,0.0
1,9,16,68,-0.5,0.0
1,9,17,64,0.5,0.0
1,9,18,44,-0.5,0.0
1,9,19,92,-0.5,0.0
1,9,20,26,-0.5,0.0
1,9,21,108,-0.5,0.0
1,9,22,116,-0.5,0.0
1,9,23,67,0.5,0.0
1,9,24,1,-0.5,0.0
1,9,25,12,0.5,0.0
1,9,26,20,0.5,0.0
1,9,27,69,0.5,0.0
1,9,28,36,0.5,0.0
1,9,29,70,0.5,0.0
1,9,30,47,-0.5,0.0
1,9,31,60,0.5,0.0
1,9,32,34,-0.5,0.0
1,9,33,88,0.5,0.0
1,9,34,32,0.5,0.0
1,9,35,46,-0.5,0.0
1,9,36,28,-0.5,0.0
1,9,37,54,-0.5,0.0
1,9,38,58,-0.5,0.0
1,9,39,91,0.5,0.0
1,9,40,2,-0.5,0.0
1,9,41,6,0.5,0.0
1,9,42,10,0.5,0.0
1,9,43,93,0.5,0.0
1,9,44,18,0.5,0.0
1,9,45,94,0.5,0.0
1,9,46,35,0.5,0.0
1,9,47,30,0.5,0.0
1,9,48,13,0.5,0.0
1,9,49,102,0.5,0.0
1,9,50,106,0.5,0.0
1,9,51,81,-0.5,0.0
1,9,52,114,0.5,0.0
1,9,53,82,-0.5,0.0
1,9,54,37,0.5,0.0
1,9,55,126,0.5,0.0
1,9,56,66,-0.5,0.0
1,9,57,84,-0.5,0.0
1,9,58,38,0.5,0.0
1,9,59,78,-0.5,0.0
1,9,60,31,-0.5,0.0
1,9,61,86,-0.5,0.0
1,9,62,90,-0.5,0.0
1,9,63,87,-0.5,0.0
1,9,64,17,-0.5,0.0
1,9,65,104,0.5,0.0
1,9,66,56,0.5,0.0
1,9,67,23,-0.5,0.0
1,9,68,16,0.5,0.0
1,9,69,27,-0.5,0.0
1,9,70,29,-0.5,0.0
1,9,71,107,0.5,0.0
1,9,72,4,-0.5,0.0
1,9,73,3,0.5,0.0
1,9,74,5,0.5,0.0
1,9,75,109,0.5,0.0
1,9,76,9,0.5,0.0
1,9,77,110,0.5,0.0
1,9,78,59,0.5,0.0
1,9,79,15,0.5,0.0
1,9,80,14,0.5,0.0
1,9,81,51,0.5,0.0
1,9,82,53,0.5,0.0
1,9,83,97,-0.5,0.0
1,9,84,57,0.5,0.0
1,9,85,98,-0.5,0.0
1,9,86,61,0.5,0.0
1,9,87,63,0.5,0.0
1,9,88,33,-0.5,0.0
1,9,89,100,-0.5,0.0
1,9,90,62,0.5,0.0
1,9,91,39,-0.5,0.0
1,9,92,19,0.5,0.0
1,9,93,43,-0.5,0.0
1,9,94,45,-0.5,0.0
1,9,95,103,-0.5,0.0
1,9,96,11,0.5,0.0
1,9,97,83,0.5,0.0
1,9,98,85,0.5,0.0
1,9,99,121,-0.5,0.0
1,9,100,89,0.5,0.0
1,9,101,122,-0.5,0.0
1,9,102,49,-0.5,0.0
1,9,103,95,0.5,0.0
1,9,104,65,-0.5,0.0
1,9,105,124,-0.5,0.0
1,9,106,50,-0.5,0.0
1,9,107,71,-0.5,0.0
1,9,108,21,0.5,0.0
1,9,109,75,-0.5,0.0
1,9,110,77,-0.5,0.0
1,9,111,127,-0.5,0.0
1,9,112,113,-0.5,0.0
1,9,113,112,0.5,0.0
1,9,114,52,-0.5,0.0
1,9,115,119,-0.5,0.0
1,9,116,22,0.5,0.0
1,9,117,123,-0.5,0.0
1,9,118,125,-0.5,0.0
1,9,119,115,0.5,0.0
1,9,120,7,-0.5,0.0
1,9,121,99,0.5,0.0
1,9,122,101,0.5,0.0
1,9,123,117,0.5,0.0
1,9,124,105,0.5,0.0
1,9,125,118,0.5,0.0
1,9,126,55,-0.5,0.0
1,9,127,111,0.5,0.0
1,10,0,4,0.0,0.5
1,10,1,48,0.0,0.5
1,10,2,80,0.0,0.5
1,10,3,69,0.0,-0.5
1,10,4,0,0.0,0.5
1,10,5,70,0.0,-0.5
1,10,6,37,0.0,-0.5
1,10,7,96,0.0,0.5
1,10,8,72,0.0,-0.5
1,10,9,64,0.0,-0.5
1,10,10,38,0.0,-0.5
1,10,11,120,0.0,-0.5
1,10,12,21,0.0,-0.5
1,10,13,24,0.0,-0.5
1,10,14,40,0.0,-0.5
1,10,15,67,0.0,-0.5
1,10,16,36,0.0,-0.5
1,10,17,76,0.0,0.5
1,10,18,32,0.0,-0.5
1,10,19,60,0.0,-0.5
1,10,20,22,0.0,-0.5
1,10,21,12,0.0,-0.5
1,10,22,20,0.0,-0.5
1,10,23,79,0.0,0.5
1,10,24,13,0.0,-0.5
1,10,25,108,0.0,0.5
1,10,26,116,0.0,0.5
1,10,27,73,0.0,0.5
1,10,28,68,0.0,0.5
1,10,29,74,0.0,0.5
1,10,30,35,0.0,-0.5
1,10,31,92,0.0,0.5
1,10,32,18,0.0,-0.5
1,10,33,84,0.0,0.5
1,10,34,44,0.0,0.5
1,10,35,30,0.0,-0.5
1,10,36,16,0.0,-0.5
1,10,37,6,0.0,-0.5
1,10,38,10,0.0,-0.5
1,10,39,87,0.0,0.5
1,10,40,14,0.0,-0.5
1,10,41,54,0.0,0.5
1,10,42,58,0.0,0.5
1,10,43,81,0.0,0.5
1,10,44,34,0.0,0.5
1,10,45,82,0.0,0.5
1,10,46,47,0.0,0.5
1,10,47,46,0.0,0.5
1,10,48,1,0.0,0.5
1,10,49,86,0.0,0.5
1,10,50,90,0.0,0.5
1,10,51,93,0.0,-0.5
1,10,52,66,0.0,0.5
1,10,53,94,0.0,-0.5
1,10,54,41,0.0,0.5
1,10,55,78,0.0,0.5
1,10,56,114,0.0,-0.5
1,10,57,88,0.0,-0.5
1,10,58,42,0.0,0.5
1,10,59,126,0.0,-0.5
1,10,60,19,0.0,-0.5
1,10,61,102,0.0,-0.5
1,10,62,106,0.0,-0.5
1,10,63,91,0.0,-0.5
1,10,64,9,0.0,-0.5
1,10,65,100,0.0,0.5
1,10,66,52,0.0,0.5
1,10,67,15,0.0,-0.5
1,10,68,28,0.0,0.5
1,10,69,3,0.0,-0.5
1,10,70,5,0.0,-0.5
1,10,71,103,0.0,0.5
1,10,72,8,0.0,-0.5
1,10,73,27,0.0,0.5
1,10,74,29,0.0,0.5
1,10,75,97,0.0,0.5
1,10,76,17,0.0,0.5
1,10,77,98,0.0,0.5
1,10,78,55,0.0,0.5
1,10,79,23,0.0,0.5
1,10,80,2,0.0,0.5
1,10,81,43,0.0,0.5
1,10,82,45,0.0,0.5
1,10,83,109,0.0,-0.5
1,10,84,33,0.0,0.5
1,10,85,110,0.0,-0.5
1,10,86,49,0.0,0.5
1,10,87,39,0.0,0.5
1,10,88,57,0.0,-0.5
1,10,89,104,0.0,-0.5
1,10,90,50,0.0,0.5
1,10,91,63,0.0,-0.5
1,10,92,31,0.0,0.5
1,10,93,51,0.0,-0.5
1,10,94,53,0.0,-0.5
1,10,95,107,0.0,-0.5
1,10,96,7,0.0,0.5
1,10,97,75,0.0,0.5
1,10,98,77,0.0,0.5
1,10,99,117,0.0,-0.5
1,10,100,65,0.0,0.5
1,10,101,118,0.0,-0.5
1,10,102,61,0.0,-0.5
1,10,103,71,0.0,0.5
1,10,104,89,0.0,-0.5
1,10,105,112,0.0,-0.5
1,10,106,62,0.0,-0.5
1,10,107,95,0.0,-0.5
1,10,108,25,0.0,0.5
1,10,109,83,0.0,-0.5
1,10,110,85,0.0,-0.5
1,10,111,115,0.0,-0.5
1,10,112,105,0.0,-0.5
1,10,113,124,0.0,0.5
1,10,114,56,0.0,-0.5
1,10,115,111,0.0,-0.5
1,10,116,26,0.0,0.5
1,10,117,99,0.0,-0.5
1,10,118,101,0.0,-0.5
1,10,119,127,0.0,0.5
1,10,120,11,0.0,-0.5
1,10,121,123,0.0,0.5
1,10,122,125,0.0,0.5
1,10,123,121,0.0,0.5
1,10,124,113,0.0,0.5
1,10,125,122,0.0,0.5
1,10,126,59,0.0,-0.5
1,10,127,119,0.0,0.5
1,11,0,4,0.5,0.0
1,11,1,48,0.5,0.0
1,11,2,80,0.5,0.0
1,11,3,69,-0.5,0.0
1,11,4,0,-0.5,0.0
1,11,5,70,-0.5,0.0
1,11,6,37,-0.5,0.0
1,11,7,96,-0.5,0.0
1,11,8,72,-0.5,0.0
1,11,9,64,0.5,0.0
1,11,10,38,-0.5,0.0
1,11,11,120,-0.5,0.0
1,11,12,21,-0.5,0.0
1,11,13,24,0.5,0.0
1,11,14,40,0.5,0.0
1,11,15,67,0.5,0.0
1,11,16,36,-0.5,0.0
1,11,17,76,0.5,0.0
1,11,18,32,0.5,0.0
1,11,19,60,-0.5,0.0
1,11,20,22,-0.5,0.0
1,11,21,12,0.5,0.0
1,11,22,20,0.5,0.0
1,11,23,79,0.5,0.0
1,11,24,13,-0.5,0.0
1,11,25,108,0.5,0.0
1,11,26,116,0.5,0.0
1,11,27,73,-0.5,0.0
1,11,28,68,-0.5,0.0
1,11,29,74,-0.5,0.0
1,11,30,35,0.5,0.0
1,11,31,92,-0.5,0.0
1,11,32,18,-0.5,0.0
1,11,33,84,0.5,0.0
1,11,34,44,0.5,0.0
1,11,35,30,-0.5,0.0
1,11,36,16,0.5,0.0
1,11,37,6,0.5,0.0
1,11,38,10,0.5,0.0
1,11,39,87,0.5,0.0
1,11,40,14,-0.5,0.0
1,11,41,54,0.5,0.0
1,11,42,58,0.5,0.0
1,11,43,81,-0.5,0.0
1,11,44,34,-0.5,0.0
1,11,45,82,-0.5,0.0
1,11,46,47,0.5,0.0
1,11,47,46,-0.5,0.0
1,11,48,1,-0.5,0.0
1,11,49,86,0.5,0.0
1,11,50,90,0.5,0.0
1,11,51,93,-0.5,0.0
1,11,52,66,-0.5,0.0
1,11,53,94,-0.5,0.0
1,11,54,41,-0.5,0.0
1,11,55,78,-0.5,0.0
1,11,56,114,-0.5,0.0
1,11,57,88,0.5,0.0
1,11,58,42,-0.5,0.0
1,11,59,126,-0.5,0.0
1,11,60,19,0.5,0.0
1,11,61,102,0.5,0.0
1,11,62,106,0.5,0.0
1,11,63,91,0.5,0.0
1,11,64,9,-0.5,0.0
1,11,65,100,0.5,0.0
1,11,66,52,0.5,0.0
1,11,67,15,-0.5,0.0
1,11,68,28,0.5,0.0
1,11,69,3,0.5,0.0
1,11,70,5,0.5,0.0
1,11,71,103,0.5,0.0
1,11,72,8,0.5,0.0
1,11,73,27,0.5,0.0
1,11,74,29,0.5,0.0
1,11,75,97,-0.5,0.0
1,11,76,17,-0.5,0.0
1,11,77,98,-0.5,0.0
1,11,78,55,0.5,0.0
1,11,79,23,-0.5,0.0
1,11,80,2,-0.5,0.0
1,11,81,43,0.5,0.0
1,11,82,45,0.5,0.0
1,11,83,109,-0.5,0.0
1,11,84,33,-0.5,0.0
1,11,85,110,-0.5,0.0
1,11,86,49,-0.5,0.0
1,11,87,39,-0.5,0.0
1,11,88,57,-0.5,0.0
1,11,89,104,0.5,0.0
1,11,90,50,-0.5,0.0
1,11,91,63,-0.5,0.0
1,11,92,31,0.5,0.0
1,11,93,51,0.5,0.0
1,11,94,53,0.5,0.0
1,11,95,107,0.5,0.0
1,11,96,7,0.5,0.0
1,11,97,75,0.5,0.0
1,11,98,77,0.5,0.0
1,11,99,117,-0.5,0.0
1,11,100,65,-0.5,0.0
1,11,101,118,-0.5,0.0
1,11,102,61,-0.5,0.0
1,11,103,71,-0.5,0.0
1,11,104,89,-0.5,0.0
1,11,105,112,0.5,0.0
1,11,106,62,-0.5,0.0
1,11,107,95,-0.5,0.0
1,11,108,25,-0.5,0.0
1,11,109,83,0.5,0.0
1,11,110,85,0.5,0.0
1,11,111,115,0.5,0.0
1,11,112,105,-0.5,0.0
1,11,113,124,0.5,0.0
1,11,114,56,0.5,0.0
1,11,115,111,-0.5,0.0
1,11,116,26,-0.5,0.0
1,11,117,99,0.5,0.0
1,11,118,101,0.5,0.0
1,11,119,127,0.5,0.0
1,11,120,11,0.5,0.0
1,11,121,123,0.5,0.0
1,11,122,125,0.5,0.0
1,11,123,121,-0.5,0.0
1,11,124,113,-0.5,0.0
1,11,125,122,-0.5,0.0
1,11,126,59,0.5,0.0
1,11,127,119,-0.5,0.0
1,12,0,2,0.0,0.5
1,12,1,96,0.0,0.5
1,12,2,0,0.0,0.5
1,12,3,67,0.0,-0.5
1,12,4,80,0.0,-0.5
1,12,5,64,0.0,-0.5
1,12,6,35,0.0,-0.5
1,12,7,48,0.0,-0.5
1,12,8,40,0.0,-0.5
1,12,9,70,0.0,0.5
1,12,10,32,0.0,-0.5
1,12,11,24,0.0,-0.5
1,12,12,19,0.0,-0.5
1,12,13,120,0.0,0.5
1,12,14,72,0.0,0.5
1,12,15,69,0.0,0.5
1,12,16,20,0.0,-0.5
1,12,17,74,0.0,0.5
1,12,18,38,0.0,0.5
1,12,19,12,0.0,-0.5
1,12,20,16,0.0,-0.5
1,12,21,60,0.0,0.5
1,12,22,36,0.0,0.5
1,12,23,73,0.0,0.5
1,12,24,11,0.0,-0.5
1,12,25,92,0.0,0.5
1,12,26,68,0.0,0.5
1,12,27,79,0.0,-0.5
1,12,28,116,0.0,-0.5
1,12,29,76,0.0,-0.5
1,12,30,37,0.0,0.5
1,12,31,108,0.0,-0.5
1,12,32,10,0.0,-0.5
1,12,33,82,0.0,0.5
1,12,34,42,0.0,0.5
1,12,35,6,0.0,-0.5
1,12,36,22,0.0,0.5
1,12,37,30,0.0,0.5
1,12,38,18,0.0,0.5
1,12,39,81,0.0,0.5
1,12,40,8,0.0,-0.5
1,12,41,46,0.0,0.5
1,12,42,34,0.0,0.5
1,12,43,87,0.0,-0.5
1,12,44,58,0.0,-0.5
1,12,45,84,0.0,-0.5
1,12,46,41,0.0,0.5
1,12,47,54,0.0,-0.5
1,12,48,7,0.0,-0.5
1,12,49,78,0.0,0.5
1,12,50,66,0.0,0.5
1,12,51,91,0.0,-0.5
1,12,52,90,0.0,-0.5
1,12,53,88,0.0,-0.5
1,12,54,47,0.0,-0.5
1,12,55,86,0.0,-0.5
1,12,56,106,0.0,-0.5
1,12,57,94,0.0,0.5
1,12,58,44,0.0,-0.5
1,12,59,102,0.0,-0.5
1,12,60,21,0.0,0.5
1,12,61,126,0.0,0.5
1,12,62,114,0.0,0.5
1,12,63,93,0.0,0.5
1,12,64,5,0.0,-0.5
1,12,65,98,0.0,0.5
1,12,66,50,0.0,0.5
1,12,67,3,0.0,-0.5
1,12,68,26,0.0,0.5
1,12,69,15,0.0,0.5
1,12,70,9,0.0,0.5
1,12,71,97,0.0,0.5
1,12,72,14,0.0,0.5
1,12,73,23,0.0,0.5
1,12,74,17,0.0,0.5
1,12,75,103,0.0,-0.5
1,12,76,29,0.0,-0.5
1,12,77,100,0.0,-0.5
1,12,78,49,0.0,0.5
1,12,79,27,0.0,-0.5
1,12,80,4,0.0,-0.5
1,12,81,39,0.0,0.5
1,12,82,33,0.0,0.5
1,12,83,107,0.0,-0.5
1,12,84,45,0.0,-0.5
1,12,85,104,0.0,-0.5
1,12,86,55,0.0,-0.5
1,12,87,43,0.0,-0.5
1,12,88,53,0.0,-0.5
1,12,89,110,0.0,0.5
1,12,90,52,0.0,-0.5
1,12,91,51,0.0,-0.5
1,12,92,25,0.0,0.5
1,12,93,63,0.0,0.5
1,12,94,57,0.0,0.5
1,12,95,109,0.0,0.5
1,12,96,1,0.0,0.5
1,12,97,71,0.0,0.5
1,12,98,65,0.0,0.5
1,12,99,115,0.0,-0.5
1,12,100,77,0.0,-0.5
1,12,101,112,0.0,-0.5
1,12,102,59,0.0,-0.5
1,12,103,75,0.0,-0.5
1,12,104,85,0.0,-0.5
1,12,105,118,0.0,0.5
1,12,106,56,0.0,-0.5
1,12,107,83,0.0,-0.5
1,12,108,31,0.0,-0.5
1,12,109,95,0.0,0.5
1,12,110,89,0.0,0.5
1,12,111,117,0.0,0.5
1,12,112,101,0.0,-0.5
1,12,113,122,0.0,0.5
1,12,114,62,0.0,0.5
1,12,115,99,0.0,-0.5
1,12,116,28,0.0,-0.5
1,12,117,111,0.0,0.5
1,12,118,105,0.0,0.5
1,12,119,121,0.0,0.5
1,12,120,13,0.0,0.5
1,12,121,119,0.0,0.5
1,12,122,113,0.0,0.5
1,12,123,127,0.0,-0.5
1,12,124,125,0.0,-0.5
1,12,125,124,0.0,-0.5
1,12,126,61,0.0,0.5
1,12,127,123,0.0,-0.5
1,13,0,2,0.5,0.0
1,13,1,96,0.5,0.0
1,13,2,0,-0.5,0.0
1,13,3,67,-0.5,0.0
1,13,4,80,-0.5,0.0
1,13,5,64,0.5,0.0
1,13,6,35,-0.5,0.0
1,13,7,48,0.5,0.0
1,13,8,40,-0.5,0.0
1,13,9,70,0.5,0.0
1,13,10,32,0.5,0.0
1,13,11,24,0.5,0.0
1,13,12,19,-0.5,0.0
1,13,13,120,0.5,0.0
1,13,14,72,-0.5,0.0
1,13,15,69,-0.5,0.0
1,13,16,20,-0.5,0.0
1,13,17,74,0.5,0.0
1,13,18,38,0.5,0.0
1,13,19,12,0.5,0.0
1,13,20,16,0.5,0.0
1,13,21,60,0.5,0.0
1,13,22,36,-0.5,0.0
1,13,23,73,-0.5,0.0
1,13,24,11,-0.5,0.0
1,13,25,92,0.5,0.0
1,13,26,68,-0.5,0.0
1,13,27,79,-0.5,0.0
1,13,28,116,-0.5,0.0
1,13,29,76,0.5,0.0
1,13,30,37,-0.5,0.0
1,13,31,108,0.5,0.0
1,13,32,10,-0.5,0.0
1,13,33,82,0.5,0.0
1,13,34,42,0.5,0.0
1,13,35,6,0.5,0.0
1,13,36,22,0.5,0.0
1,13,37,30,0.5,0.0
1,13,38,18,-0.5,0.0
1,13,39,81,-0.5,0.0
1,13,40,8,0.5,0.0
1,13,41,46,0.5,0.0
1,13,42,34,-0.5,0.0
1,13,43,87,-0.5,0.0
1,13,44,58,-0.5,0.0
1,13,45,84,0.5,0.0
1,13,46,41,-0.5,0.0
1,13,47,54,0.5,0.0
1,13,48,7,-0.5,0.0
1,13,49,78,0.5,0.0
1,13,50,66,-0.5,0.0
1,13,51,91,-0.5,0.0
1,13,52,90,-0.5,0.0
1,13,53,88,0.5,0.0
1,13,54,47,-0.5,0.0
1,13,55,86,0.5,0.0
1,13,56,106,-0.5,0.0
1,13,57,94,0.5,0.0
1,13,58,44,0.5,0.0
1,13,59,102,0.5,0.0
1,13,60,21,-0.5,0.0
1,13,61,126,0.5,0.0
1,13,62,114,-0.5,0.0
1,13,63,93,-0.5,0.0
1,13,64,5,-0.5,0.0
1,13,65,98,0.5,0.0
1,13,66,50,0.5,0.0
1,13,67,3,0.5,0.0
1,13,68,26,0.5,0.0
1,13,69,15,0.5,0.0
1,13,70,9,-0.5,0.0
1,13,71,97,-0.5,0.0
1,13,72,14,0.5,0.0
1,13,73,23,0.5,0.0
1,13,74,17,-0.5,0.0
1,13,75,103,-0.5,0.0
1,13,76,29,-0.5,0.0
1,13,77,100,0.5,0.0
1,13,78,49,-0.5,0.0
1,13,79,27,0.5,0.0
1,13,80,4,0.5,0.0
1,13,81,39,0.5,0.0
1,13,82,33,-0.5,0.0
1,13,83,107,-0.5,0.0
1,13,84,45,-0.5,0.0
1,13,85,104,0.5,0.0
1,13,86,55,-0.5,0.0
1,13,87,43,0.5,0.0
1,13,88,53,-0.5,0.0
1,13,89,110,0.5,0.0
1,13,90,52,0.5,0.0
1,13,91,51,0.5,0.0
1,13,92,25,-0.5,0.0
1,13,93,63,0.5,0.0
1,13,94,57,-0.5,0.0
1,13,95,109,-0.5,0.0
1,13,96,1,-0.5,0.0
1,13,97,71,0.5,0.0
1,13,98,65,-0.5,0.0
1,13,99,115,-0.5,0.0
1,13,100,77,-0.5,0.0
1,13,101,112,0.5,0.0
1,13,102,59,-0.5,0.0
1,13,103,75,0.5,0.0
1,13,104,85,-0.5,0.0
1,13,105,118,0.5,0.0
1,13,106,56,0.5,0.0
1,13,107,83,0.5,0.0
1,13,108,31,-0.5,0.0
1,13,109,95,0.5,0.0
1,13,110,89,-0.5,0.0
1,13,111,117,-0.5,0.0
1,13,112,101,-0.5,0.0
1,13,113,122,0.5,0.0
1,13,114,62,0.5,0.0
1,13,115,99,0.5,0.0
1,13,116,28,0.5,0.0
1,13,117,111,0.5,0.0
1,13,118,105,-0.5,0.0
1,13,119,121,-0.5,0.0
1,13,120,13,-0.5,0.0
1,13,121,119,0.5,0.0
1,13,122,113,-0.5,0.0
1,13,123,127,-0.5,0.0
1,13,124,125,-0.5,0.0
1,13,125,124,0.5,0.0
1,13,126,61,-0.5,0.0
1,13,127,123,0.5,0.0
1,14,0,1,0.0,0.5
1,14,1,0,0.0,0.5
1,14,2,96,0.0,-0.5
1,14,3,64,0.0,-0.5
1,14,4,48,0.0,-0.5
1,14,5,67,0.0,0.5
1,14,6,32,0.0,-0.5
1,14,7,80,0.0,0.5
1,14,8,24,0.0,-0.5
1,14,9,69,0.0,0.5
1,14,10,35,0.0,0.5
1,14,11,40,0.0,0.5
1,14,12,16,0.0,-0.5
1,14,13,72,0.0,0.5
1,14,14,120,0.0,-0.5
1,14,15,70,0.0,-0.5
1,14,16,12,0.0,-0.5
1,14,17,73,0.0,0.5
1,14,18,37,0.0,0.5
1,14,19,20,0.0,0.5
1,14,20,19,0.0,0.5
1,14,21,36,0.0,0.5
1,14,22,60,0.0,-0.5
1,14,23,74,0.0,-0.5
1,14,24,8,0.0,-0.5
1,14,25,68,0.0,0.5
1,14,26,92,0.0,-0.5
1,14,27,76,0.0,-0.5
1,14,28,108,0.0,-0.5
1,14,29,79,0.0,0.5
1,14,30,38,0.0,-0.5
1,14,31,116,0.0,0.5
1,14,32,6,0.0,-0.5
1,14,33,81,0.0,0.5
1,14,34,41,0.0,0.5
1,14,35,10,0.0,0.5
1,14,36,21,0.0,0.5
1,14,37,18,0.0,0.5
1,14,38,30,0.0,-0.5
1,14,39,82,0.0,-0.5
1,14,40,11,0.0,0.5
1,14,41,34,0.0,0.5
1,14,42,46,0.0,-0.5
1,14,43,84,0.0,-0.5
1,14,44,54,0.0,-0.5
1,14,45,87,0.0,0.5
1,14,46,42,0.0,-0.5
1,14,47,58,0.0,0.5
1,14,48,4,0.0,-0.5
1,14,49,66,0.0,0.5
1,14,50,78,0.0,-0.5
1,14,51,88,0.0,-0.5
1,14,52,86,0.0,-0.5
1,14,53,91,0.0,0.5
1,14,54,44,0.0,-0.5
1,14,55,90,0.0,0.5
1,14,56,102,0.0,-0.5
1,14,57,93,0.0,0.5
1,14,58,47,0.0,0.5
1,14,59,106,0.0,0.5
1,14,60,22,0.0,-0.5
1,14,61,114,0.0,0.5
1,14,62,126,0.0,-0.5
1,14,63,94,0.0,-0.5
1,14,64,3,0.0,-0.5
1,14,65,97,0.0,0.5
1,14,66,49,0.0,0.5
1,14,67,5,0.0,0.5
1,14,68,25,0.0,0.5
1,14,69,9,0.0,0.5
1,14,70,15,0.0,-0.5
1,14,71,98,0.0,-0.5
1,14,72,13,0.0,0.5
1,14,73,17,0.0,0.5
1,14,74,23,0.0,-0.5
1,14,75,100,0.0,-0.5
1,14,76,27,0.0,-0.5
1,14,77,103,0.0,0.5
1,14,78,50,0.0,-0.5
1,14,79,29,0.0,0.5
1,14,80,7,0.0,0.5
1,14,81,33,0.0,0.5
1,14,82,39,0.0,-0.5
1,14,83,104,0.0,-0.5
1,14,84,43,0.0,-0.5
1,14,85,107,0.0,0.5
1,14,86,52,0.0,-0.5
1,14,87,45,0.0,0.5
1,14,88,51,0.0,-0.5
1,14,89,109,0.0,0.5
1,14,90,55,0.0,0.5
1,14,91,53,0.0,0.5
1,14,92,26,0.0,-0.5
1,14,93,57,0.0,0.5
1,14,94,63,0.0,-0.5
1,14,95,110,0.0,-0.5
1,14,96,2,0.0,-0.5
1,14,97,65,0.0,0.5
1,14,98,71,0.0,-0.5
1,14,99,112,0.0,-0.5
1,14,100,75,0.0,-0.5
1,14,101,115,0.0,0.5
1,14,102,56,0.0,-0.5
1,14,103,77,0.0,0.5
1,14,104,83,0.0,-0.5
1,14,105,117,0.0,0.5
1,14,106,59,0.0,0.5
1,14,107,85,0.0,0.5
1,14,108,28,0.0,-0.5
1,14,109,89,0.0,0.5
1,14,110,95,0.0,-0.5
1,14,111,118,0.0,-0.5
1,14,112,99,0.0,-0.5
1,14,113,121,0.0,0.5
1,14,114,61,0.0,0.5
1,14,115,101,0.0,0.5
1,14,116,31,0.0,0.5
1,14,117,105,0.0,0.5
1,14,118,111,0.0,-0.5
1,14,119,122,0.0,-0.5
1,14,120,14,0.0,-0.5
1,14,121,113,0.0,0.5
1,14,122,119,0.0,-0.5
1,14,123,124,0.0,-0.5
1,14,124,123,0.0,-0.5
1,14,125,127,0.0,0.5
1,14,126,62,0.0,-0.5
1,14,127,125,0.0,0.5
1,15,0,1,0.5,0.0
1,15,1,0,-0.5,0.0
1,15,2,96,-0.5,0.0
1,15,3,64,0.5,0.0
1,15,4,48,-0.5,0.0
1,15,5,67,0.5,0.0
1,15,6,32,0.5,0.0
1,15,7,80,-0.5,0.0
1,15,8,24,-0.5,0.0
1,15,9,69,0.5,0.0
1,15,10,35,0.5,0.0
1,15,11,40,-0.5,0.0
1,15,12,16,0.5,0.0
1,15,13,72,-0.5,0.0
1,15,14,120,-0.5,0.0
1,15,15,70,0.5,0.0
1,15,16,12,-0.5,0.0
1,15,17,73,0.5,0.0
1,15,18,37,0.5,0.0
1,15,19,20,-0.5,0.0
1,15,20,19,0.5,0.0
1,15,21,36,-0.5,0.0
1,15,22,60,-0.5,0.0
1,15,23,74,0.5,0.0
1,15,24,8,0.5,0.0
1,15,25,68,-0.5,0.0
1,15,26,92,-0.5,0.0
1,15,27,76,0.5,0.0
1,15,28,108,-0.5,0.0
1,15,29,79,0.5,0.0
1,15,30,38,0.5,0.0
1,15,31,116,-0.5,0.0
1,15,32,6,-0.5,0.0
1,15,33,81,0.5,0.0
1,15,34,41,0.5,0.0
1,15,35,10,-0.5,0.0
1,15,36,21,0.5,0.0
1,15,37,18,-0.5,0.0
1,15,38,30,-0.5,0.0
1,15,39,82,0.5,0.0
1,15,40,11,0.5,0.0
1,15,41,34,-0.5,0.0
1,15,42,46,-0.5,0.0
1,15,43,84,0.5,0.0
1,15,44,54,-0.5,0.0
1,15,45,87,0.5,0.0
1,15,46,42,0.5,0.0
1,15,47,58,-0.5,0.0
1,15,48,4,0.5,0.0
1,15,49,66,-0.5,0.0
1,15,50,78,-0.5,0.0
1,15,51,88,0.5,0.0
1,15,52,86,-0.5,0.0
1,15,53,91,0.5,0.0
1,15,54,44,0.5,0.0
1,15,55,90,-0.5,0.0
1,15,56,102,-0.5,0.0
1,15,57,93,0.5,0.0
1,15,58,47,0.5,0.0
1,15,59,106,-0.5,0.0
1,15,60,22,0.5,0.0
1,15,61,114,-0.5,0.0
1,15,62,126,-0.5,0.0
1,15,63,94,0.5,0.0
1,15,64,3,-0.5,0.0
1,15,65,97,0.5,0.0
1,15,66,49,0.5,0.0
1,15,67,5,-0.5,0.0
1,15,68,25,0.5,0.0
1,15,69,9,-0.5,0.0
1,15,70,15,-0.5,0.0
1,15,71,98,0.5,0.0
1,15,72,13,0.5,0.0
1,15,73,17,-0.5,0.0
1,15,74,23,-0.5,0.0
1,15,75,100,0.5,0.0
1,15,76,27,-0.5,0.0
1,15,77,103,0.5,0.0
1,15,78,50,0.5,0.0
1,15,79,29,-0.5,0.0
1,15,80,7,0.5,0.0
1,15,81,33,-0.5,0.0
1,15,82,39,-0.5,0.0
1,15,83,104,0.5,0.0
1,15,84,43,-0.5,0.0
1,15,85,107,0.5,0.0
1,15,86,52,0.5,0.0
1,15,87,45,-0.5,0.0
1,15,88,51,-0.5,0.0
1,15,89,109,0.5,0.0
1,15,90,55,0.5,0.0
1,15,91,53,-0.5,0.0
1,15,92,26,0.5,0.0
1,15,93,57,-0.5,0.0
1,15,94,63,-0.5,0.0
1,15,95,110,0.5,0.0
1,15,96,2,0.5,0.0
1,15,97,65,-0.5,0.0
1,15,98,71,-0.5,0.0
1,15,99,112,0.5,0.0
1,15,100,75,-0.5,0.0
1,15,101,115,0.5,0.0
1,15,102,56,0.5,0.0
1,15,103,77,-0.5,0.0
1,15,104,83,-0.5,0.0
1,15,105,117,0.5,0.0
1,15,106,59,0.5,0.0
1,15,107,85,-0.5,0.0
1,15,108,28,0.5,0.0
1,15,109,89,-0.5,0.0
1,15,110,95,-0.5,0.0
1,15,111,118,0.5,0.0
1,15,112,99,-0.5,0.0
1,15,113,121,0.5,0.0
1,15,114,61,0.5,0.0
1,15,115,101,-0.5,0.0
1,15,116,31,0.5,0.0
1,15,117,105,-0.5,0.0
1,15,118,111,-0.5,0.0
1,15,119,122,0.5,0.0
1,15,120,14,0.5,0.0
1,15,121,113,-0.5,0.0
1,15,122,119,-0.5,0.0
1,15,123,124,0.5,0.0
1,15,124,123,-0.5,0.0
1,15,125,127,0.5,0.0
1,15,126,62,0.5,0.0
1,15,127,125,-0.5,0.0
2,3,0,0,0.0,0.5
2,3,1,1,0.0,0.5
2,3,2,2,0.0,0.5
2,3,3,3,0.0,-0.5
2,3,4,4,0.0,0.5
2,3,5,5,0.0,-0.5
2,3,6,6,0.0,0.5
2,3,7,7,0.0,0.5
2,3,8,8,0.0,0.5
2,3,9,9,0.0,-0.5
2,3,10,10,0.0,0.5
2,3,11,11,0.0,0.5
2,3,12,12,0.0,0.5
2,3,13,13,0.0,0.5
2,3,14,14,0.0,0.5
2,3,15,15,0.0,-0.5
2,3,16,16,0.0,0.5
2,3,17,17,0.0,-0.5
2,3,18,18,0.0,0.5
2,3,19,19,0.0,0.5
2,3,20,20,0.0,0.5
2,3,21,21,0.0,0.5
2,3,22,22,0.0,0.5
2,3,23,23,0.0,-0.5
2,3,24,24,0.0,0.5
2,3,25,25,0.0,0.5
2,3,26,26,0.0,0.5
2,3,27,27,0.0,-0.5
2,3,28,28,0.0,0.5
2,3,29,29,0.0,-0.5
2,3,30,30,0.0,0.5
2,3,31,31,0.0,0.5
2,3,32,32,0.0,0.5
2,3,33,33,0.0,-0.5
2,3,34,34,0.0,0.5
2,3,35,35,0.0,0.5
2,3,36,36,0.0,0.5
2,3,37,37,0.0,0.5
2,3,38,38,0.0,0.5
2,3,39,39,0.0,-0.5
2,3,40,40,0.0,0.5
2,3,41,41,0.0,0.5
2,3,42,42,0.0,0.5
2,3,43,43,0.0,-0.5
2,3,44,44,0.0,0.5
2,3,45,45,0.0,-0.5
2,3,46,46,0.0,0.5
2,3,47,47,0.0,0.5
2,3,48,48,0.0,0.5
2,3,49,49,0.0,0.5
2,3,50,50,0.0,0.5
2,3,51,51,0.0,-0.5
2,3,52,52,0.0,0.5
2,3,53,53,0.0,-0.5
2,3,54,54,0.0,0.5
2,3,55,55,0.0,0.5
2,3,56,56,0.0,0.5
2,3,57,57,0.0,-0.5
2,3,58,58,0.0,0.5
2,3,59,59,0.0,0.5
2,3,60,60,0.0,0.5
2,3,61,61,0.0,0.5
2,3,62,62,0.0,0.5
2,3,63,63,0.0,-0.5
2,3,64,64,0.0,-0.5
2,3,65,65,0.0,-0.5
2,3,66,66,0.0,0.5
2,3,67,67,0.0,-0.5
2,3,68,68,0.0,0.5
2,3,69,69,0.0,-0.5
2,3,70,70,0.0,-0.5
2,3,71,71,0.0,-0.5
2,3,72,72,0.0,0.5
2,3,73,73,0.0,-0.5
2,3,74,74,0.0,-0.5
2,3,75,75,0.0,-0.5
2,3,76,76,0.0,-0.5
2,3,77,77,0.0,-0.5
2,3,78,78,0.0,0.5
2,3,79,79,0.0,-0.5
2,3,80,80,0.0,0.5
2,3,81,81,0.0,-0.5
2,3,82,82,0.0,-0.5
2,3,83,83,0.0,-0.5
2,3,84,84,0.0,-0.5
2,3,85,85,0.0,-0.5
2,3,86,86,0.0,0.5
2,3,87,87,0.0,-0.5
2,3,88,88,0.0,-0.5
2,3,89,89,0.0,-0.5
2,3,90,90,0.0,0.5
2,3,91,91,0.0,-0.5
2,3,92,92,0.0,0.5
2,3,93,93,0.0,-0.5
2,3,94,94,0.0,-0.5
2,3,95,95,0.0,-0.5
2,3,96,96,0.0,0.5
2,3,97,97,0.0,-0.5
2,3,98,98,0.0,-0.5
2,3,99,99,0.0,-0.5
2,3,100,100,0.0,-0.5
2,3,101,101,0.0,-0.5
2,3,102,102,0.0,0.5
2,3,103,103,0.0,-0.5
2,3,104,104,0.0,-0.5
2,3,105,105,0.0,-0.5
2,3,106,106,0.0,0.5
2,3,107,107,0.0,-0.5
2,3,108,108,0.0,0.5
2,3,109,109,0.0,-0.5
2,3,110,110,0.0,-0.5
2,3,111,111,0.0,-0.5
2,3,112,112,0.0,-0.5
2,3,113,113,0.0,-0.5
2,3,114,114,0.0,0.5
2,3,115,115,0.0,-0.5
2,3,116,116,0.0,0.5
2,3,117,117,0.0,-0.5
2,3,118,118,0.0,-0.5
2,3,119,119,0.0,-0.5
2,3,120,120,0.0,0.5
2,3,121,121,0.0,-0.5
2,3,122,122,0.0,-0.5
2,3,123,123,0.0,-0.5
2,3,124,124,0.0,-0.5
2,3,125,125,0.0,-0.5
2,3,126,126,0.0,0.5
2,3,127,127,0.0,-0.5
2,4,0,65,-0.5,0.0
2,4,1,97,-0.5,0.0
2,4,2,98,-0.5,0.0
2,4,3,6,0.5,0.0
2,4,4,100,-0.5,0.0
2,4,5,10,0.5,0.0
2,4,6,3,-0.5,0.0
2,4,7,103,-0.5,0.0
2,4,8,104,-0.5,0.0
2,4,9,18,0.5,0.0
2,4,10,5,-0.5,0.0
2,4,11,107,-0.5,0.0
2,4,12,99,-0.5,0.0
2,4,13,109,-0.5,0.0
2,4,14,110,-0.5,0.0
2,4,15,30,0.5,0.0
2,4,16,112,-0.5,0.0
2,4,17,34,0.5,0.0
2,4,18,9,-0.5,0.0
2,4,19,115,-0.5,0.0
2,4,20,101,-0.5,0.0
2,4,21,117,-0.5,0.0
2,4,22,118,-0.5,0.0
2,4,23,46,0.5,0.0
2,4,24,83,-0.5,0.0
2,4,25,121,-0.5,0.0
2,4,26,122,-0.5,0.0
2,4,27,54,0.5,0.0
2,4,28,124,-0.5,0.0
2,4,29,58,0.5,0.0
2,4,30,15,-0.5,0.0
2,4,31,127,-0.5,0.0
2,4,32,64,-0.5,0.0
2,4,33,66,0.5,0.0
2,4,34,17,-0.5,0.0
2,4,35,67,-0.5,0.0
2,4,36,105,-0.5,0.0
2,4,37,69,-0.5,0.0
2,4,38,70,-0.5,0.0
2,4,39,78,0.5,0.0
2,4,40,85,-0.5,0.0
2,4,41,73,-0.5,0.0
2,4,42,74,-0.5,0.0
2,4,43,86,0.5,0.0
2,4,44,76,-0.5,0.0
2,4,45,90,0.5,0.0
2,4,46,23,-0.5,0.0
2,4,47,79,-0.5,0.0
2,4,48,75,-0.5,0.0
2,4,49,81,-0.5,0.0
2,4,50,82,-0.5,0.0
2,4,51,102,0.5,0.0
2,4,52,84,-0.5,0.0
2,4,53,106,0.5,0.0
2,4,54,27,-0.5,0.0
2,4,55,87,-0.5,0.0
2,4,56,88,-0.5,0.0
2,4,57,114,0.5,0.0
2,4,58,29,-0.5,0.0
2,4,59,91,-0.5,0.0
2,4,60,111,-0.5,0.0
2,4,61,93,-0.5,0.0
2,4,62,94,-0.5,0.0
2,4,63,126,0.5,0.0
2,4,64,32,0.5,0.0
2,4,65,0,0.5,0.0
2,4,66,33,-0.5,0.0
2,4,67,35,0.5,0.0
2,4,68,113,-0.5,0.0
2,4,69,37,0.5,0.0
2,4,70,38,0.5,0.0
2,4,71,96,0.5,0.0
2,4,72,89,-0.5,0.0
2,4,73,41,0.5,0.0
2,4,74,42,0.5,0.0
2,4,75,48,0.5,0.0
2,4,76,44,0.5,0.0
2,4,77,80,0.5,0.0
2,4,78,39,-0.5,0.0
2,4,79,47,0.5,0.0
2,4,80,77,-0.5,0.0
2,4,81,49,0.5,0.0
2,4,82,50,0.5,0.0
2,4,83,24,0.5,0.0
2,4,84,52,0.5,0.0
2,4,85,40,0.5,0.0
2,4,86,43,-0.5,0.0
2,4,87,55,0.5,0.0
2,4,88,56,0.5,0.0
2,4,89,72,0.5,0.0
2,4,90,45,-0.5,0.0
2,4,91,59,0.5,0.0
2,4,92,119,-0.5,0.0
2,4,93,61,0.5,0.0
2,4,94,62,0.5,0.0
2,4,95,120,0.5,0.0
2,4,96,71,-0.5,0.0
2,4,97,1,0.5,0.0
2,4,98,2,0.5,0.0
2,4,99,12,0.5,0.0
2,4,100,4,0.5,0.0
2,4,101,20,0.5,0.0
2,4,102,51,-0.5,0.0
2,4,103,7,0.5,0.0
2,4,104,8,0.5,0.0
2,4,105,36,0.5,0.0
2,4,106,53,-0.5,0.0
2,4,107,11,0.5,0.0
2,4,108,123,-0.5,0.0
2,4,109,13,0.5,0.0
2,4,110,14,0.5,0.0
2,4,111,60,0.5,0.0
2,4,112,16,0.5,0.0
2,4,113,68,0.5,0.0
2,4,114,57,-0.5,0.0
2,4,115,19,0.5,0.0
2,4,116,125,-0.5,0.0
2,4,117,21,0.5,0.0
2,4,118,22,0.5,0.0
2,4,119,92,0.5,0.0
2,4,120,95,-0.5,0.0
2,4,121,25,0.5,0.0
2,4,122,26,0.5,0.0
2,4,123,108,0.5,0.0
2,4,124,28,0.5,0.0
2,4,125,116,0.5,0.0
2,4,126,63,-0.5,0.0
2,4,127,31,0.5,0.0
2,5,0,65,0.0,0.5
2,5,1,97,0.0,0.5
2,5,2,98,0.0,0.5
2,5,3,6,0.0,-0.5
2,5,4,100,0.0,0.5
2,5,5,10,0.0,-0.5
2,5,6,3,0.0,-0.5
2,5,7,103,0.0,0.5
2,5,8,104,0.0,0.5
2,5,9,18,0.0,-0.5
2,5,10,5,0.0,-0.5
2,5,11,107,0.0,0.5
2,5,12,99,0.0,0.5
2,5,13,109,0.0,0.5
2,5,14,110,0.0,0.5
2,5,15,30,0.0,-0.5
2,5,16,112,0.0,0.5
2,5,17,34,0.0,-0.5
2,5,18,9,0.0,-0.5
2,5,19,115,0.0,0.5
2,5,20,101,0.0,0.5
2,5,21,117,0.0,0.5
2,5,22,118,0.0,0.5
2,5,23,46,0.0,-0.5
2,5,24,83,0.0,0.5
2,5,25,121,0.0,0.5
2,5,26,122,0.0,0.5
2,5,27,54,0.0,-0.5
2,5,28,124,0.0,0.5
2,5,29,58,0.0,-0.5
2,5,30,15,0.0,-0.5
2,5,31,127,0.0,0.5
2,5,32,64,0.0,-0.5
2,5,33,66,0.0,-0.5
2,5,34,17,0.0,-0.5
2,5,35,67,0.0,-0.5
2,5,36,105,0.0,0.5
2,5,37,69,0.0,-0.5
2,5,38,70,0.0,-0.5
2,5,39,78,0.0,-0.5
2,5,40,85,0.0,0.5
2,5,41,73,0.0,-0.5
2,5,42,74,0.0,-0.5
2,5,43,86,0.0,-0.5
2,5,44,76,0.0,-0.5
2,5,45,90,0.0,-0.5
2,5,46,23,0.0,-0.5
2,5,47,79,0.0,-0.5
2,5,48,75,0.0,0.5
2,5,49,81,0.0,-0.5
2,5,50,82,0.0,-0.5
2,5,51,102,0.0,-0.5
2,5,52,84,0.0,-0.5
2,5,53,106,0.0,-0.5
2,5,54,27,0.0,-0.5
2,5,55,87,0.0,-0.5
2,5,56,88,0.0,-0.5
2,5,57,114,0.0,-0.5
2,5,58,29,0.0,-0.5
2,5,59,91,0.0,-0.5
2,5,60,111,0.0,0.5
2,5,61,93,0.0,-0.5
2,5,62,94,0.0,-0.5
2,5,63,126,0.0,-0.5
2,5,64,32,0.0,-0.5
2,5,65,0,0.0,0.5
2,5,66,33,0.0,-0.5
2,5,67,35,0.0,-0.5
2,5,68,113,0.0,0.5
2,5,69,37,0.0,-0.5
2,5,70,38,0.0,-0.5
2,5,71,96,0.0,0.5
2,5,72,89,0.0,0.5
2,5,73,41,0.0,-0.5
2,5,74,42,0.0,-0.5
2,5,75,48,0.0,0.5
2,5,76,44,0.0,-0.5
2,5,77,80,0.0,0.5
2,5,78,39,0.0,-0.5
2,5,79,47,0.0,-0.5
2,5,80,77,0.0,0.5
2,5,81,49,0.0,-0.5
2,5,82,50,0.0,-0.5
2,5,83,24,0.0,0.5
2,5,84,52,0.0,-0.5
2,5,85,40,0.0,0.5
2,5,86,43,0.0,-0.5
2,5,87,55,0.0,-0.5
2,5,88,56,0.0,-0.5
2,5,89,72,0.0,0.5
2,5,90,45,0.0,-0.5
2,5,91,59,0.0,-0.5
2,5,92,119,0.0,0.5
2,5,93,61,0.0,-0.5
2,5,94,62,0.0,-0.5
2,5,95,120,0.0,0.5
2,5,96,71,0.0,0.5
2,5,97,1,0.0,0.5
2,5,98,2,0.0,0.5
2,5,99,12,0.0,0.5
2,5,100,4,0.0,0.5
2,5,101,20,0.0,0.5
2,5,102,51,0.0,-0.5
2,5,103,7,0.0,0.5
2,5,104,8,0.0,0.5
2,5,105,36,0.0,0.5
2,5,106,53,0.0,-0.5
2,5,107,11,0.0,0.5
2,5,108,123,0.0,0.5
2,5,109,13,0.0,0.5
2,5,110,14,0.0,0.5
2,5,111,60,0.0,0.5
2,5,112,16,0.0,0.5
2,5,113,68,0.0,0.5
2,5,114,57,0.0,-0.5
2,5,115,19,0.0,0.5
2,5,116,125,0.0,0.5
2,5,117,21,0.0,0.5
2,5,118,22,0.0,0.5
2,5,119,92,0.0,0.5
2,5,120,95,0.0,0.5
2,5,121,25,0.0,0.5
2,5,122,26,0.0,0.5
2,5,123,108,0.0,0.5
2,5,124,28,0.0,0.5
2,5,125,116,0.0,0.5
2,5,126,63,0.0,-0.5
2,5,127,31,0.0,0.5
2,6,0,33,-0.5,0.0
2,6,1,81,-0.5,0.0
2,6,2,82,-0.5,0.0
2,6,3,12,0.5,0.0
2,6,4,84,-0.5,0.0
2,6,5,20,0.5,0.0
2,6,6,99,0.5,0.0
2,6,7,87,-0.5,0.0
2,6,8,88,-0.5,0.0
2,6,9,36,0.5,0.0
2,6,10,101,0.5,0.0
2,6,11,91,-0.5,0.0
2,6,12,3,-0.5,0.0
2,6,13,93,-0.5,0.0
2,6,14,94,-0.5,0.0
2,6,15,60,0.5,0.0
2,6,16,64,-0.5,0.0
2,6,17,68,0.5,0.0
2,6,18,105,0.5,0.0
2,6,19,67,-0.5,0.0
2,6,20,5,-0.5,0.0
2,6,21,69,-0.5,0.0
2,6,22,70,-0.5,0.0
2,6,23,92,0.5,0.0
2,6,24,51,-0.5,0.0
2,6,25,73,-0.5,0.0
2,6,26,74,-0.5,0.0
2,6,27,108,0.5,0.0
2,6,28,76,-0.5,0.0
2,6,29,116,0.5,0.0
2,6,30,111,0.5,0.0
2,6,31,79,-0.5,0.0
2,6,32,112,0.5,0.0
2,6,33,0,0.5,0.0
2,6,34,113,0.5,0.0
2,6,35,115,0.5,0.0
2,6,36,9,-0.5,0.0
2,6,37,117,0.5,0.0
2,6,38,118,0.5,0.0
2,6,39,96,0.5,0.0
2,6,40,53,-0.5,0.0
2,6,41,121,0.5,0.0
2,6,42,122,0.5,0.0
2,6,43,48,0.5,0.0
2,6,44,124,0.5,0.0
2,6,45,80,0.5,0.0
2,6,46,119,0.5,0.0
2,6,47,127,0.5,0.0
2,6,48,43,-0.5,0.0
2,6,49,97,0.5,0.0
2,6,50,98,0.5,0.0
2,6,51,24,0.5,0.0
2,6,52,100,0.5,0.0
2,6,53,40,0.5,0.0
2,6,54,123,0.5,0.0
2,6,55,103,0.5,0.0
2,6,56,104,0.5,0.0
2,6,57,72,0.5,0.0
2,6,58,125,0.5,0.0
2,6,59,107,0.5,0.0
2,6,60,15,-0.5,0.0
2,6,61,109,0.5,0.0
2,6,62,110,0.5,0.0
2,6,63,120,0.5,0.0
2,6,64,16,0.5,0.0
2,6,65,66,-0.5,0.0
2,6,66,65,0.5,0.0
2,6,67,19,0.5,0.0
2,6,68,17,-0.5,0.0
2,6,69,21,0.5,0.0
2,6,70,22,0.5,0.0
2,6,71,78,-0.5,0.0
2,6,72,57,-0.5,0.0
2,6,73,25,0.5,0.0
2,6,74,26,0.5,0.0
2,6,75,86,-0.5,0.0
2,6,76,28,0.5,0.0
2,6,77,90,-0.5,0.0
2,6,78,71,0.5,0.0
2,6,79,31,0.5,0.0
2,6,80,45,-0.5,0.0
2,6,81,1,0.5,0.0
2,6,82,2,0.5,0.0
2,6,83,102,-0.5,0.0
2,6,84,4,0.5,0.0
2,6,85,106,-0.5,0.0
2,6,86,75,0.5,0.0
2,6,87,7,0.5,0.0
2,6,88,8,0.5,0.0
2,6,89,114,-0.5,0.0
2,6,90,77,0.5,0.0
2,6,91,11,0.5,0.0
2,6,92,23,-0.5,0.0
2,6,93,13,0.5,0.0
2,6,94,14,0.5,0.0
2,6,95,126,-0.5,0.0
2,6,96,39,-0.5,0.0
2,6,97,49,-0.5,0.0
2,6,98,50,-0.5,0.0
2,6,99,6,-0.5,0.0
2,6,100,52,-0.5,0.0
2,6,101,10,-0.5,0.0
2,6,102,83,0.5,0.0
2,6,103,55,-0.5,0.0
2,6,104,56,-0.5,0.0
2,6,105,18,-0.5,0.0
2,6,106,85,0.5,0.0
2,6,107,59,-0.5,0.0
2,6,108,27,-0.5,0.0
2,6,109,61,-0.5,0.0
2,6,110,62,-0.5,0.0
2,6,111,30,-0.5,0.0
2,6,112,32,-0.5,0.0
2,6,113,34,-0.5,0.0
2,6,114,89,0.5,0.0
2,6,115,35,-0.5,0.0
2,6,116,29,-0.5,0.0
2,6,117,37,-0.5,0.0
2,6,118,38,-0.5,0.0
2,6,119,46,-0.5,0.0
2,6,120,63,-0.5,0.0
2,6,121,41,-0.5,0.0
2,6,122,42,-0.5,0.0
2,6,123,54,-0.5,0.0
2,6,124,44,-0.5,0.0
2,6,125,58,-0.5,0.0
2,6,126,95,0.5,0.0
2,6,127,47,-0.5,0.0
2,7,0,33,0.0,0.5
2,7,1,81,0.0,0.5
2,7,2,82,0.0,0.5
2,7,3,12,0.0,-0.5
2,7,4,84,0.0,0.5
2,7,5,20,0.0,-0.5
2,7,6,99,0.0,-0.5
2,7,7,87,0.0,0.5
2,7,8,88,0.0,0.5
2,7,9,36,0.0,-0.5
2,7,10,101,0.0,-0.5
2,7,11,91,0.0,0.5
2,7,12,3,0.0,-0.5
2,7,13,93,0.0,0.5
2,7,14,94,0.0,0.5
2,7,15,60,0.0,-0.5
2,7,16,64,0.0,-0.5
2,7,17,68,0.0,-0.5
2,7,18,105,0.0,-0.5
2,7,19,67,0.0,-0.5
2,7,20,5,0.0,-0.5
2,7,21,69,0.0,-0.5
2,7,22,70,0.0,-0.5
2,7,23,92,0.0,-0.5
2,7,24,51,0.0,0.5
2,7,25,73,0.0,-0.5
2,7,26,74,0.0,-0.5
2,7,27,108,0.0,-0.5
2,7,28,76,0.0,-0.5
2,7,29,116,0.0,-0.5
2,7,30,111,0.0,-0.5
2,7,31,79,0.0,-0.5
2,7,32,112,0.0,-0.5
2,7,33,0,0.0,0.5
2,7,34,113,0.0,-0.5
2,7,35,115,0.0,-0.5
2,7,36,9,0.0,-0.5
2,7,37,117,0.0,-0.5
2,7,38,118,0.0,-0.5
2,7,39,96,0.0,0.5
2,7,40,53,0.0,0.5
2,7,41,121,0.0,-0.5
2,7,42,122,0.0,-0.5
2,7,43,48,0.0,0.5
2,7,44,124,0.0,-0.5
2,7,45,80,0.0,0.5
2,7,46,119,0.0,-0.5
2,7,47,127,0.0,-0.5
2,7,48,43,0.0,0.5
2,7,49,97,0.0,0.5
2,7,50,98,0.0,0.5
2,7,51,24,0.0,0.5
2,7,52,100,0.0,0.5
2,7,53,40,0.0,0.5
2,7,54,123,0.0,-0.5
2,7,55,103,0.0,0.5
2,7,56,104,0.0,0.5
2,7,57,72,0.0,0.5
2,7,58,125,0.0,-0.5
2,7,59,107,0.0,0.5
2,7,60,15,0.0,-0.5
2,7,61,109,0.0,0.5
2,7,62,110,0.0,0.5
2,7,63,120,0.0,0.5
2,7,64,16,0.0,-0.5
2,7,65,66,0.0,0.5
2,7,66,65,0.0,0.5
2,7,67,19,0.0,-0.5
2,7,68,17,0.0,-0.5
2,7,69,21,0.0,-0.5
2,7,70,22,0.0,-0.5
2,7,71,78,0.0,0.5
2,7,72,57,0.0,0.5
2,7,73,25,0.0,-0.5
2,7,74,26,0.0,-0.5
2,7,75,86,0.0,0.5
2,7,76,28,0.0,-0.5
2,7,77,90,0.0,0.5
2,7,78,71,0.0,0.5
2,7,79,31,0.0,-0.5
2,7,80,45,0.0,0.5
2,7,81,1,0.0,0.5
2,7,82,2,0.0,0.5
2,7,83,102,0.0,0.5
2,7,84,4,0.0,0.5
2,7,85,106,0.0,0.5
2,7,86,75,0.0,0.5
2,7,87,7,0.0,0.5
2,7,88,8,0.0,0.5
2,7,89,114,0.0,0.5
2,7,90,77,0.0,0.5
2,7,91,11,0.0,0.5
2,7,92,23,0.0,-0.5
2,7,93,13,0.0,0.5
2,7,94,14,0.0,0.5
2,7,95,126,0.0,0.5
2,7,96,39,0.0,0.5
2,7,97,49,0.0,0.5
2,7,98,50,0.0,0.5
2,7,99,6,0.0,-0.5
2,7,100,52,0.0,0.5
2,7,101,10,0.0,-0.5
2,7,102,83,0.0,0.5
2,7,103,55,0.0,0.5
2,7,104,56,0.0,0.5
2,7,105,18,0.0,-0.5
2,7,106,85,0.0,0.5
2,7,107,59,0.0,0.5
2,7,108,27,0.0,-0.5
2,7,109,61,0.0,0.5
2,7,110,62,0.0,0.5
2,7,111,30,0.0,-0.5
2,7,112,32,0.0,-0.5
2,7,113,34,0.0,-0.5
2,7,114,89,0.0,0.5
2,7,115,35,0.0,-0.5
2,7,116,29,0.0,-0.5
2,7,117,37,0.0,-0.5
2,7,118,38,0.0,-0.5
2,7,119,46,0.0,-0.5
2,7,120,63,0.0,0.5
2,7,121,41,0.0,-0.5
2,7,122,42,0.0,-0.5
2,7,123,54,0.0,-0.5
2,7,124,44,0.0,-0.5
2,7,125,58,0.0,-0.5
2,7,126,95,0.0,0.5
2,7,127,47,0.0,-0.5
2,8,0,17,-0.5,0.0
2,8,1,73,-0.5,0.0
2,8,2,74,-0.5,0.0
2,8,3,24,0.5,0.0
2,8,4,76,-0.5,0.0
2,8,5,40,0.5,0.0
2,8,6,83,0.5,0.0
2,8,7,79,-0.5,0.0
2,8,8,64,-0.5,0.0
2,8,9,72,0.5,0.0
2,8,10,85,0.5,0.0
2,8,11,67,-0.5,0.0
2,8,12,51,0.5,0.0
2,8,13,69,-0.5,0.0
2,8,14,70,-0.5,0.0
2,8,15,120,0.5,0.0
2,8,16,88,0.5,0.0
2,8,17,0,0.5,0.0
2,8,18,89,0.5,0.0
2,8,19,91,0.5,0.0
2,8,20,53,0.5,0.0
2,8,21,93,0.5,0.0
2,8,22,94,0.5,0.0
2,8,23,96,0.5,0.0
2,8,24,3,-0.5,0.0
2,8,25,81,0.5,0.0
2,8,26,82,0.5,0.0
2,8,27,48,0.5,0.0
2,8,28,84,0.5,0.0
2,8,29,80,0.5,0.0
2,8,30,95,0.5,0.0
2,8,31,87,0.5,0.0
2,8,32,104,0.5,0.0
2,8,33,68,-0.5,0.0
2,8,34,65,0.5,0.0
2,8,35,107,0.5,0.0
2,8,36,57,0.5,0.0
2,8,37,109,0.5,0.0
2,8,38,110,0.5,0.0
2,8,39,92,-0.5,0.0
2,8,40,5,-0.5,0.0
2,8,41,97,0.5,0.0
2,8,42,98,0.5,0.0
2,8,43,108,-0.5,0.0
2,8,44,100,0.5,0.0
2,8,45,116,-0.5,0.0
2,8,46,71,0.5,0.0
2,8,47,103,0.5,0.0
2,8,48,27,-0.5,0.0
2,8,49,121,-0.5,0.0
2,8,50,122,-0.5,0.0
2,8,51,12,-0.5,0.0
2,8,52,124,-0.5,0.0
2,8,53,20,-0.5,0.0
2,8,54,75,0.5,0.0
2,8,55,127,-0.5,0.0
2,8,56,112,-0.5,0.0
2,8,57,36,-0.5,0.0
2,8,58,77,0.5,0.0
2,8,59,115,-0.5,0.0
2,8,60,63,0.5,0.0
2,8,61,117,-0.5,0.0
2,8,62,118,-0.5,0.0
2,8,63,60,-0.5,0.0
2,8,64,8,0.5,0.0
2,8,65,34,-0.5,0.0
2,8,66,113,-0.5,0.0
2,8,67,11,0.5,0.0
2,8,68,33,0.5,0.0
2,8,69,13,0.5,0.0
2,8,70,14,0.5,0.0
2,8,71,46,-0.5,0.0
2,8,72,9,-0.5,0.0
2,8,73,1,0.5,0.0
2,8,74,2,0.5,0.0
2,8,75,54,-0.5,0.0
2,8,76,4,0.5,0.0
2,8,77,58,-0.5,0.0
2,8,78,119,-0.5,0.0
2,8,79,7,0.5,0.0
2,8,80,29,-0.5,0.0
2,8,81,25,-0.5,0.0
2,8,82,26,-0.5,0.0
2,8,83,6,-0.5,0.0
2,8,84,28,-0.5,0.0
2,8,85,10,-0.5,0.0
2,8,86,123,-0.5,0.0
2,8,87,31,-0.5,0.0
2,8,88,16,-0.5,0.0
2,8,89,18,-0.5,0.0
2,8,90,125,-0.5,0.0
2,8,91,19,-0.5,0.0
2,8,92,39,0.5,0.0
2,8,93,21,-0.5,0.0
2,8,94,22,-0.5,0.0
2,8,95,30,-0.5,0.0
2,8,96,23,-0.5,0.0
2,8,97,41,-0.5,0.0
2,8,98,42,-0.5,0.0
2,8,99,102,0.5,0.0
2,8,100,44,-0.5,0.0
2,8,101,106,0.5,0.0
2,8,102,99,-0.5,0.0
2,8,103,47,-0.5,0.0
2,8,104,32,-0.5,0.0
2,8,105,114,0.5,0.0
2,8,106,101,-0.5,0.0
2,8,107,35,-0.5,0.0
2,8,108,43,0.5,0.0
2,8,109,37,-0.5,0.0
2,8,110,38,-0.5,0.0
2,8,111,126,0.5,0.0
2,8,112,56,0.5,0.0
2,8,113,66,0.5,0.0
2,8,114,105,-0.5,0.0
2,8,115,59,0.5,0.0
2,8,116,45,0.5,0.0
2,8,117,61,0.5,0.0
2,8,118,62,0.5,0.0
2,8,119,78,0.5,0.0
2,8,120,15,-0.5,0.0
2,8,121,49,0.5,0.0
2,8,122,50,0.5,0.0
2,8,123,86,0.5,0.0
2,8,124,52,0.5,0.0
2,8,125,90,0.5,0.0
2,8,126,111,-0.5,0.0
2,8,127,55,0.5,0.0
2,9,0,17,0.0,0.5
2,9,1,73,0.0,0.5
2,9,2,74,0.0,0.5
2,9,3,24,0.0,-0.5
2,9,4,76,0.0,0.5
2,9,5,40,0.0,-0.5
2,9,6,83,0.0,-0.5
2,9,7,79,0.0,0.5
2,9,8,64,0.0,-0.5
2,9,9,72,0.0,-0.5
2,9,10,85,0.0,-0.5
2,9,11,67,0.0,-0.5
2,9,12,51,0.0,-0.5
2,9,13,69,0.0,-0.5
2,9,14,70,0.0,-0.5
2,9,15,120,0.0,-0.5
2,9,16,88,0.0,-0.5
2,9,17,0,0.0,0.5
2,9,18,89,0.0,-0.5
2,9,19,91,0.0,-0.5
2,9,20,53,0.0,-0.5
2,9,21,93,0.0,-0.5
2,9,22,94,0.0,-0.5
2,9,23,96,0.0,0.5
2,9,24,3,0.0,-0.5
2,9,25,81,0.0,0.5
2,9,26,82,0.0,0.5
2,9,27,48,0.0,0.5
2,9,28,84,0.0,0.5
2,9,29,80,0.0,0.5
2,9,30,95,0.0,-0.5
2,9,31,87,0.0,0.5
2,9,32,104,0.0,-0.5
2,9,33,68,0.0,0.5
2,9,34,65,0.0,0.5
2,9,35,107,0.0,-0.5
2,9,36,57,0.0,-0.5
2,9,37,109,0.0,-0.5
2,9,38,110,0.0,-0.5
2,9,39,92,0.0,0.5
2,9,40,5,0.0,-0.5
2,9,41,97,0.0,0.5
2,9,42,98,0.0,0.5
2,9,43,108,0.0,0.5
2,9,44,100,0.0,0.5
2,9,45,116,0.0,0.5
2,9,46,71,0.0,0.5
2,9,47,103,0.0,0.5
2,9,48,27,0.0,0.5
2,9,49,121,0.0,0.5
2,9,50,122,0.0,0.5
2,9,51,12,0.0,-0.5
2,9,52,124,0.0,0.5
2,9,53,20,0.0,-0.5
2,9,54,75,0.0,0.5
2,9,55,127,0.0,0.5
2,9,56,112,0.0,-0.5
2,9,57,36,0.0,-0.5
2,9,58,77,0.0,0.5
2,9,59,115,0.0,-0.5
2,9,60,63,0.0,-0.5
2,9,61,117,0.0,-0.5
2,9,62,118,0.0,-0.5
2,9,63,60,0.0,-0.5
2,9,64,8,0.0,-0.5
2,9,65,34,0.0,0.5
2,9,66,113,0.0,0.5
2,9,67,11,0.0,-0.5
2,9,68,33,0.0,0.5
2,9,69,13,0.0,-0.5
2,9,70,14,0.0,-0.5
2,9,71,46,0.0,0.5
2,9,72,9,0.0,-0.5
2,9,73,1,0.0,0.5
2,9,74,2,0.0,0.5
2,9,75,54,0.0,0.5
2,9,76,4,0.0,0.5
2,9,77,58,0.0,0.5
2,9,78,119,0.0,0.5
2,9,79,7,0.0,0.5
2,9,80,29,0.0,0.5
2,9,81,25,0.0,0.5
2,9,82,26,0.0,0.5
2,9,83,6,0.0,-0.5
2,9,84,28,0.0,0.5
2,9,85,10,0.0,-0.5
2,9,86,123,0.0,0.5
2,9,87,31,0.0,0.5
2,9,88,16,0.0,-0.5
2,9,89,18,0.0,-0.5
2,9,90,125,0.0,0.5
2,9,91,19,0.0,-0.5
2,9,92,39,0.0,0.5
2,9,93,21,0.0,-0.5
2,9,94,22,0.0,-0.5
2,9,95,30,0.0,-0.5
2,9,96,23,0.0,0.5
2,9,97,41,0.0,0.5
2,9,98,42,0.0,0.5
2,9,99,102,0.0,-0.5
2,9,100,44,0.0,0.5
2,9,101,106,0.0,-0.5
2,9,102,99,0.0,-0.5
2,9,103,47,0.0,0.5
2,9,104,32,0.0,-0.5
2,9,105,114,0.0,-0.5
2,9,106,101,0.0,-0.5
2,9,107,35,0.0,-0.5
2,9,108,43,0.0,0.5
2,9,109,37,0.0,-0.5
2,9,110,38,0.0,-0.5
2,9,111,126,0.0,-0.5
2,9,112,56,0.0,-0.5
2,9,113,66,0.0,0.5
2,9,114,105,0.0,-0.5
2,9,115,59,0.0,-0.5
2,9,116,45,0.0,0.5
2,9,117,61,0.0,-0.5
2,9,118,62,0.0,-0.5
2,9,119,78,0.0,0.5
2,9,120,15,0.0,-0.5
2,9,121,49,0.0,0.5
2,9,122,50,0.0,0.5
2,9,123,86,0.0,0.5
2,9,124,52,0.0,0.5
2,9,125,90,0.0,0.5
2,9,126,111,0.0,-0.5
2,9,127,55,0.0,0.5
2,10,0,9,-0.5,0.0
2,10,1,69,-0.5,0.0
2,10,2,70,-0.5,0.0
2,10,3,48,0.5,0.0
2,10,4,64,-0.5,0.0
2,10,5,80,0.5,0.0
2,10,6,75,0.5,0.0
2,10,7,67,-0.5,0.0
2,10,8,76,0.5,0.0
2,10,9,0,0.5,0.0
2,10,10,77,0.5,0.0
2,10,11,79,0.5,0.0
2,10,12,43,0.5,0.0
2,10,13,73,0.5,0.0
2,10,14,74,0.5,0.0
2,10,15,96,0.5,0.0
2,10,16,84,0.5,0.0
2,10,17,72,-0.5,0.0
2,10,18,65,0.5,0.0
2,10,19,87,0.5,0.0
2,10,20,45,0.5,0.0
2,10,21,81,0.5,0.0
2,10,22,82,0.5,0.0
2,10,23,120,-0.5,0.0
2,10,24,27,0.5,0.0
2,10,25,93,-0.5,0.0
2,10,26,94,-0.5,0.0
2,10,27,24,-0.5,0.0
2,10,28,88,-0.5,0.0
2,10,29,40,-0.5,0.0
2,10,30,71,0.5,0.0
2,10,31,91,-0.5,0.0
2,10,32,100,0.5,0.0
2,10,33,36,-0.5,0.0
2,10,34,89,-0.5,0.0
2,10,35,103,0.5,0.0
2,10,36,33,0.5,0.0
2,10,37,97,0.5,0.0
2,10,38,98,0.5,0.0
2,10,39,60,-0.5,0.0
2,10,40,29,0.5,0.0
2,10,41,109,-0.5,0.0
2,10,42,110,-0.5,0.0
2,10,43,12,-0.5,0.0
2,10,44,104,-0.5,0.0
2,10,45,20,-0.5,0.0
2,10,46,95,-0.5,0.0
2,10,47,107,-0.5,0.0
2,10,48,3,-0.5,0.0
2,10,49,117,-0.5,0.0
2,10,50,118,-0.5,0.0
2,10,51,108,0.5,0.0
2,10,52,112,-0.5,0.0
2,10,53,116,0.5,0.0
2,10,54,83,-0.5,0.0
2,10,55,115,-0.5,0.0
2,10,56,124,0.5,0.0
2,10,57,68,0.5,0.0
2,10,58,85,-0.5,0.0
2,10,59,127,0.5,0.0
2,10,60,39,0.5,0.0
2,10,61,121,0.5,0.0
2,10,62,122,0.5,0.0
2,10,63,92,0.5,0.0
2,10,64,4,0.5,0.0
2,10,65,18,-0.5,0.0
2,10,66,105,-0.5,0.0
2,10,67,7,0.5,0.0
2,10,68,57,-0.5,0.0
2,10,69,1,0.5,0.0
2,10,70,2,0.5,0.0
2,10,71,30,-0.5,0.0
2,10,72,17,0.5,0.0
2,10,73,13,-0.5,0.0
2,10,74,14,-0.5,0.0
2,10,75,6,-0.5,0.0
2,10,76,8,-0.5,0.0
2,10,77,10,-0.5,0.0
2,10,78,111,-0.5,0.0
2,10,79,11,-0.5,0.0
2,10,80,5,-0.5,0.0
2,10,81,21,-0.5,0.0
2,10,82,22,-0.5,0.0
2,10,83,54,0.5,0.0
2,10,84,16,-0.5,0.0
2,10,85,58,0.5,0.0
2,10,86,99,-0.5,0.0
2,10,87,19,-0.5,0.0
2,10,88,28,0.5,0.0
2,10,89,34,0.5,0.0
2,10,90,101,-0.5,0.0
2,10,91,31,0.5,0.0
2,10,92,63,-0.5,0.0
2,10,93,25,0.5,0.0
2,10,94,26,0.5,0.0
2,10,95,46,0.5,0.0
2,10,96,15,-0.5,0.0
2,10,97,37,-0.5,0.0
2,10,98,38,-0.5,0.0
2,10,99,86,0.5,0.0
2,10,100,32,-0.5,0.0
2,10,101,90,0.5,0.0
2,10,102,123,0.5,0.0
2,10,103,35,-0.5,0.0
2,10,104,44,0.5,0.0
2,10,105,66,0.5,0.0
2,10,106,125,0.5,0.0
2,10,107,47,0.5,0.0
2,10,108,51,-0.5,0.0
2,10,109,41,0.5,0.0
2,10,110,42,0.5,0.0
2,10,111,78,0.5,0.0
2,10,112,52,0.5,0.0
2,10,113,114,-0.5,0.0
2,10,114,113,0.5,0.0
2,10,115,55,0.5,0.0
2,10,116,53,-0.5,0.0
2,10,117,49,0.5,0.0
2,10,118,50,0.5,0.0
2,10,119,126,-0.5,0.0
2,10,120,23,0.5,0.0
2,10,121,61,-0.5,0.0
2,10,122,62,-0.5,0.0
2,10,123,102,-0.5,0.0
2,10,124,56,-0.5,0.0
2,10,125,106,-0.5,0.0
2,10,126,119,0.5,0.0
2,10,127,59,-0.5,0.0
2,11,0,9,0.0,0.5
2,11,1,69,0.0,0.5
2,11,2,70,0.0,0.5
2,11,3,48,0.0,-0.5
2,11,4,64,0.0,-0.5
2,11,5,80,0.0,-0.5
2,11,6,75,0.0,-0.5
2,11,7,67,0.0,-0.5
2,11,8,76,0.0,-0.5
2,11,9,0,0.0,0.5
2,11,10,77,0.0,-0.5
2,11,11,79,0.0,-0.5
2,11,12,43,0.0,-0.5
2,11,13,73,0.0,0.5
2,11,14,74,0.0,0.5
2,11,15,96,0.0,0.5
2,11,16,84,0.0,-0.5
2,11,17,72,0.0,0.5
2,11,18,65,0.0,0.5
2,11,19,87,0.0,-0.5
2,11,20,45,0.0,-0.5
2,11,21,81,0.0,0.5
2,11,22,82,0.0,0.5
2,11,23,120,0.0,0.5
2,11,24,27,0.0,-0.5
2,11,25,93,0.0,0.5
2,11,26,94,0.0,0.5
2,11,27,24,0.0,-0.5
2,11,28,88,0.0,-0.5
2,11,29,40,0.0,-0.5
2,11,30,71,0.0,0.5
2,11,31,91,0.0,-0.5
2,11,32,100,0.0,-0.5
2,11,33,36,0.0,0.5
2,11,34,89,0.0,0.5
2,11,35,103,0.0,-0.5
2,11,36,33,0.0,0.5
2,11,37,97,0.0,0.5
2,11,38,98,0.0,0.5
2,11,39,60,0.0,0.5
2,11,40,29,0.0,-0.5
2,11,41,109,0.0,0.5
2,11,42,110,0.0,0.5
2,11,43,12,0.0,-0.5
2,11,44,104,0.0,-0.5
2,11,45,20,0.0,-0.5
2,11,46,95,0.0,0.5
2,11,47,107,0.0,-0.5
2,11,48,3,0.0,-0.5
2,11,49,117,0.0,0.5
2,11,50,118,0.0,0.5
2,11,51,108,0.0,-0.5
2,11,52,112,0.0,-0.5
2,11,53,116,0.0,-0.5
2,11,54,83,0.0,-0.5
2,11,55,115,0.0,-0.5
2,11,56,124,0.0,-0.5
2,11,57,68,0.0,0.5
2,11,58,85,0.0,-0.5
2,11,59,127,0.0,-0.5
2,11,60,39,0.0,0.5
2,11,61,121,0.0,0.5
2,11,62,122,0.0,0.5
2,11,63,92,0.0,0.5
2,11,64,4,0.0,-0.5
2,11,65,18,0.0,0.5
2,11,66,105,0.0,0.5
2,11,67,7,0.0,-0.5
2,11,68,57,0.0,0.5
2,11,69,1,0.0,0.5
2,11,70,2,0.0,0.5
2,11,71,30,0.0,0.5
2,11,72,17,0.0,0.5
2,11,73,13,0.0,0.5
2,11,74,14,0.0,0.5
2,11,75,6,0.0,-0.5
2,11,76,8,0.0,-0.5
2,11,77,10,0.0,-0.5
2,11,78,111,0.0,0.5
2,11,79,11,0.0,-0.5
2,11,80,5,0.0,-0.5
2,11,81,21,0.0,0.5
2,11,82,22,0.0,0.5
2,11,83,54,0.0,-0.5
2,11,84,16,0.0,-0.5
2,11,85,58,0.0,-0.5
2,11,86,99,0.0,-0.5
2,11,87,19,0.0,-0.5
2,11,88,28,0.0,-0.5
2,11,89,34,0.0,0.5
2,11,90,101,0.0,-0.5
2,11,91,31,0.0,-0.5
2,11,92,63,0.0,0.5
2,11,93,25,0.0,0.5
2,11,94,26,0.0,0.5
2,11,95,46,0.0,0.5
2,11,96,15,0.0,0.5
2,11,97,37,0.0,0.5
2,11,98,38,0.0,0.5
2,11,99,86,0.0,-0.5
2,11,100,32,0.0,-0.5
2,11,101,90,0.0,-0.5
2,11,102,123,0.0,-0.5
2,11,103,35,0.0,-0.5
2,11,104,44,0.0,-0.5
2,11,105,66,0.0,0.5
2,11,106,125,0.0,-0.5
2,11,107,47,0.0,-0.5
2,11,108,51,0.0,-0.5
2,11,109,41,0.0,0.5
2,11,110,42,0.0,0.5
2,11,111,78,0.0,0.5
2,11,112,52,0.0,-0.5
2,11,113,114,0.0,0.5
2,11,114,113,0.0,0.5
2,11,115,55,0.0,-0.5
2,11,116,53,0.0,-0.5
2,11,117,49,0.0,0.5
2,11,118,50,0.0,0.5
2,11,119,126,0.0,0.5
2,11,120,23,0.0,0.5
2,11,121,61,0.0,0.5
2,11,122,62,0.0,0.5
2,11,123,102,0.0,-0.5
2,11,124,56,0.0,-0.5
2,11,125,106,0.0,-0.5
2,11,126,119,0.0,0.5
2,11,127,59,0.0,-0.5
2,12,0,5,-0.5,0.0
2,12,1,67,-0.5,0.0
2,12,2,64,-0.5,0.0
2,12,3,96,0.5,0.0
2,12,4,70,0.5,0.0
2,12,5,0,0.5,0.0
2,12,6,71,0.5,0.0
2,12,7,69,0.5,0.0
2,12,8,74,0.5,0.0
2,12,9,80,-0.5,0.0
2,12,10,65,0.5,0.0
2,12,11,73,0.5,0.0
2,12,12,39,0.5,0.0
2,12,13,79,-0.5,0.0
2,12,14,76,-0.5,0.0
2,12,15,48,-0.5,0.0
2,12,16,82,0.5,0.0
2,12,17,40,-0.5,0.0
2,12,18,77,-0.5,0.0
2,12,19,81,0.5,0.0
2,12,20,33,0.5,0.0
2,12,21,87,-0.5,0.0
2,12,22,84,-0.5,0.0
2,12,23,24,-0.5,0.0
2,12,24,23,0.5,0.0
2,12,25,91,-0.5,0.0
2,12,26,88,-0.5,0.0
2,12,27,120,0.5,0.0
2,12,28,94,0.5,0.0
2,12,29,72,0.5,0.0
2,12,30,75,-0.5,0.0
2,12,31,93,0.5,0.0
2,12,32,98,0.5,0.0
2,12,33,20,-0.5,0.0
2,12,34,85,-0.5,0.0
2,12,35,97,0.5,0.0
2,12,36,45,-0.5,0.0
2,12,37,103,-0.5,0.0
2,12,38,100,-0.5,0.0
2,12,39,12,-0.5,0.0
2,12,40,17,0.5,0.0
2,12,41,107,-0.5,0.0
2,12,42,104,-0.5,0.0
2,12,43,60,0.5,0.0
2,12,44,110,0.5,0.0
2,12,45,36,0.5,0.0
2,12,46,83,-0.5,0.0
2,12,47,109,0.5,0.0
2,12,48,15,0.5,0.0
2,12,49,115,-0.5,0.0
2,12,50,112,-0.5,0.0
2,12,51,92,0.5,0.0
2,12,52,118,0.5,0.0
2,12,53,68,0.5,0.0
2,12,54,95,0.5,0.0
2,12,55,117,0.5,0.0
2,12,56,122,0.5,0.0
2,12,57,116,-0.5,0.0
2,12,58,89,0.5,0.0
2,12,59,121,0.5,0.0
2,12,60,43,-0.5,0.0
2,12,61,127,-0.5,0.0
2,12,62,124,-0.5,0.0
2,12,63,108,-0.5,0.0
2,12,64,2,0.5,0.0
2,12,65,10,-0.5,0.0
2,12,66,101,-0.5,0.0
2,12,67,1,0.5,0.0
2,12,68,53,-0.5,0.0
2,12,69,7,-0.5,0.0
2,12,70,4,-0.5,0.0
2,12,71,6,-0.5,0.0
2,12,72,29,-0.5,0.0
2,12,73,11,-0.5,0.0
2,12,74,8,-0.5,0.0
2,12,75,30,0.5,0.0
2,12,76,14,0.5,0.0
2,12,77,18,0.5,0.0
2,12,78,99,-0.5,0.0
2,12,79,13,0.5,0.0
2,12,80,9,0.5,0.0
2,12,81,19,-0.5,0.0
2,12,82,16,-0.5,0.0
2,12,83,46,0.5,0.0
2,12,84,22,0.5,0.0
2,12,85,34,0.5,0.0
2,12,86,111,0.5,0.0
2,12,87,21,0.5,0.0
2,12,88,26,0.5,0.0
2,12,89,58,-0.5,0.0
2,12,90,105,0.5,0.0
2,12,91,25,0.5,0.0
2,12,92,51,-0.5,0.0
2,12,93,31,-0.5,0.0
2,12,94,28,-0.5,0.0
2,12,95,54,-0.5,0.0
2,12,96,3,-0.5,0.0
2,12,97,35,-0.5,0.0
2,12,98,32,-0.5,0.0
2,12,99,78,0.5,0.0
2,12,100,38,0.5,0.0
2,12,101,66,0.5,0.0
2,12,102,119,0.5,0.0
2,12,103,37,0.5,0.0
2,12,104,42,0.5,0.0
2,12,105,90,-0.5,0.0
2,12,106,113,0.5,0.0
2,12,107,41,0.5,0.0
2,12,108,63,0.5,0.0
2,12,109,47,-0.5,0.0
2,12,110,44,-0.5,0.0
2,12,111,86,-0.5,0.0
2,12,112,50,0.5,0.0
2,12,113,106,-0.5,0.0
2,12,114,125,-0.5,0.0
2,12,115,49,0.5,0.0
2,12,116,57,0.5,0.0
2,12,117,55,-0.5,0.0
2,12,118,52,-0.5,0.0
2,12,119,102,-0.5,0.0
2,12,120,27,-0.5,0.0
2,12,121,59,-0.5,0.0
2,12,122,56,-0.5,0.0
2,12,123,126,0.5,0.0
2,12,124,62,0.5,0.0
2,12,125,114,0.5,0.0
2,12,126,123,-0.5,0.0
2,12,127,61,0.5,0.0
2,13,0,5,0.0,0.5
2,13,1,67,0.0,0.5
2,13,2,64,0.0,-0.5
2,13,3,96,0.0,-0.5
2,13,4,70,0.0,-0.5
2,13,5,0,0.0,0.5
2,13,6,71,0.0,-0.5
2,13,7,69,0.0,0.5
2,13,8,74,0.0,-0.5
2,13,9,80,0.0,0.5
2,13,10,65,0.0,0.5
2,13,11,73,0.0,0.5
2,13,12,39,0.0,-0.5
2,13,13,79,0.0,0.5
2,13,14,76,0.0,-0.5
2,13,15,48,0.0,-0.5
2,13,16,82,0.0,-0.5
2,13,17,40,0.0,0.5
2,13,18,77,0.0,0.5
2,13,19,81,0.0,0.5
2,13,20,33,0.0,0.5
2,13,21,87,0.0,0.5
2,13,22,84,0.0,-0.5
2,13,23,24,0.0,-0.5
2,13,24,23,0.0,-0.5
2,13,25,91,0.0,0.5
2,13,26,88,0.0,-0.5
2,13,27,120,0.0,-0.5
2,13,28,94,0.0,-0.5
2,13,29,72,0.0,0.5
2,13,30,75,0.0,-0.5
2,13,31,93,0.0,0.5
2,13,32,98,0.0,-0.5
2,13,33,20,0.0,0.5
2,13,34,85,0.0,0.5
2,13,35,97,0.0,0.5
2,13,36,45,0.0,0.5
2,13,37,103,0.0,0.5
2,13,38,100,0.0,-0.5
2,13,39,12,0.0,-0.5
2,13,40,17,0.0,0.5
2,13,41,107,0.0,0.5
2,13,42,104,0.0,-0.5
2,13,43,60,0.0,-0.5
2,13,44,110,0.0,-0.5
2,13,45,36,0.0,0.5
2,13,46,83,0.0,-0.5
2,13,47,109,0.0,0.5
2,13,48,15,0.0,-0.5
2,13,49,115,0.0,0.5
2,13,50,112,0.0,-0.5
2,13,51,92,0.0,-0.5
2,13,52,118,0.0,-0.5
2,13,53,68,0.0,0.5
2,13,54,95,0.0,-0.5
2,13,55,117,0.0,0.5
2,13,56,122,0.0,-0.5
2,13,57,116,0.0,0.5
2,13,58,89,0.0,0.5
2,13,59,121,0.0,0.5
2,13,60,43,0.0,-0.5
2,13,61,127,0.0,0.5
2,13,62,124,0.0,-0.5
2,13,63,108,0.0,-0.5
2,13,64,2,0.0,-0.5
2,13,65,10,0.0,0.5
2,13,66,101,0.0,0.5
2,13,67,1,0.0,0.5
2,13,68,53,0.0,0.5
2,13,69,7,0.0,0.5
2,13,70,4,0.0,-0.5
2,13,71,6,0.0,-0.5
2,13,72,29,0.0,0.5
2,13,73,11,0.0,0.5
2,13,74,8,0.0,-0.5
2,13,75,30,0.0,-0.5
2,13,76,14,0.0,-0.5
2,13,77,18,0.0,0.5
2,13,78,99,0.0,-0.5
2,13,79,13,0.0,0.5
2,13,80,9,0.0,0.5
2,13,81,19,0.0,0.5
2,13,82,16,0.0,-0.5
2,13,83,46,0.0,-0.5
2,13,84,22,0.0,-0.5
2,13,85,34,0.0,0.5
2,13,86,111,0.0,-0.5
2,13,87,21,0.0,0.5
2,13,88,26,0.0,-0.5
2,13,89,58,0.0,0.5
2,13,90,105,0.0,0.5
2,13,91,25,0.0,0.5
2,13,92,51,0.0,-0.5
2,13,93,31,0.0,0.5
2,13,94,28,0.0,-0.5
2,13,95,54,0.0,-0.5
2,13,96,3,0.0,-0.5
2,13,97,35,0.0,0.5
2,13,98,32,0.0,-0.5
2,13,99,78,0.0,-0.5
2,13,100,38,0.0,-0.5
2,13,101,66,0.0,0.5
2,13,102,119,0.0,-0.5
2,13,103,37,0.0,0.5
2,13,104,42,0.0,-0.5
2,13,105,90,0.0,0.5
2,13,106,113,0.0,0.5
2,13,107,41,0.0,0.5
2,13,108,63,0.0,-0.5
2,13,109,47,0.0,0.5
2,13,110,44,0.0,-0.5
2,13,111,86,0.0,-0.5
2,13,112,50,0.0,-0.5
2,13,113,106,0.0,0.5
2,13,114,125,0.0,0.5
2,13,115,49,0.0,0.5
2,13,116,57,0.0,0.5
2,13,117,55,0.0,0.5
2,13,118,52,0.0,-0.5
2,13,119,102,0.0,-0.5
2,13,120,27,0.0,-0.5
2,13,121,59,0.0,0.5
2,13,122,56,0.0,-0.5
2,13,123,126,0.0,-0.5
2,13,124,62,0.0,-0.5
2,13,125,114,0.0,0.5
2,13,126,123,0.0,-0.5
2,13,127,61,0.0,0.5
2,14,0,3,-0.5,0.0
2,14,1,64,-0.5,0.0
2,14,2,67,0.5,0.0
2,14,3,0,0.5,0.0
2,14,4,69,0.5,0.0
2,14,5,96,-0.5,0.0
2,14,6,65,0.5,0.0
2,14,7,70,-0.5,0.0
2,14,8,73,0.5,0.0
2,14,9,48,-0.5,0.0
2,14,10,71,-0.5,0.0
2,14,11,74,-0.5,0.0
2,14,12,33,0.5,0.0
2,14,13,76,-0.5,0.0
2,14,14,79,0.5,0.0
2,14,15,80,0.5,0.0
2,14,16,81,0.5,0.0
2,14,17,24,-0.5,0.0
2,14,18,75,-0.5,0.0
2,14,19,82,-0.5,0.0
2,14,20,39,-0.5,0.0
2,14,21,84,-0.5,0.0
2,14,22,87,0.5,0.0
2,14,23,40,0.5,0.0
2,14,24,17,0.5,0.0
2,14,25,88,-0.5,0.0
2,14,26,91,0.5,0.0
2,14,27,72,0.5,0.0
2,14,28,93,0.5,0.0
2,14,29,120,-0.5,0.0
2,14,30,77,0.5,0.0
2,14,31,94,-0.5,0.0
2,14,32,97,0.5,0.0
2,14,33,12,-0.5,0.0
2,14,34,83,-0.5,0.0
2,14,35,98,-0.5,0.0
2,14,36,43,-0.5,0.0
2,14,37,100,-0.5,0.0
2,14,38,103,0.5,0.0
2,14,39,20,0.5,0.0
2,14,40,23,-0.5,0.0
2,14,41,104,-0.5,0.0
2,14,42,107,0.5,0.0
2,14,43,36,0.5,0.0
2,14,44,109,0.5,0.0
2,14,45,60,-0.5,0.0
2,14,46,85,0.5,0.0
2,14,47,110,-0.5,0.0
2,14,48,9,0.5,0.0
2,14,49,112,-0.5,0.0
2,14,50,115,0.5,0.0
2,14,51,68,0.5,0.0
2,14,52,117,0.5,0.0
2,14,53,92,-0.5,0.0
2,14,54,89,0.5,0.0
2,14,55,118,-0.5,0.0
2,14,56,121,0.5,0.0
2,14,57,108,-0.5,0.0
2,14,58,95,-0.5,0.0
2,14,59,122,-0.5,0.0
2,14,60,45,0.5,0.0
2,14,61,124,-0.5,0.0
2,14,62,127,0.5,0.0
2,14,63,116,0.5,0.0
2,14,64,1,0.5,0.0
2,14,65,6,-0.5,0.0
2,14,66,99,-0.5,0.0
2,14,67,2,-0.5,0.0
2,14,68,51,-0.5,0.0
2,14,69,4,-0.5,0.0
2,14,70,7,0.5,0.0
2,14,71,10,0.5,0.0
2,14,72,27,-0.5,0.0
2,14,73,8,-0.5,0.0
2,14,74,11,0.5,0.0
2,14,75,18,0.5,0.0
2,14,76,13,0.5,0.0
2,14,77,30,-0.5,0.0
2,14,78,101,0.5,0.0
2,14,79,14,-0.5,0.0
2,14,80,15,-0.5,0.0
2,14,81,16,-0.5,0.0
2,14,82,19,0.5,0.0
2,14,83,34,0.5,0.0
2,14,84,21,0.5,0.0
2,14,85,46,-0.5,0.0
2,14,86,105,0.5,0.0
2,14,87,22,-0.5,0.0
2,14,88,25,0.5,0.0
2,14,89,54,-0.5,0.0
2,14,90,111,-0.5,0.0
2,14,91,26,-0.5,0.0
2,14,92,53,0.5,0.0
2,14,93,28,-0.5,0.0
2,14,94,31,0.5,0.0
2,14,95,58,0.5,0.0
2,14,96,5,0.5,0.0
2,14,97,32,-0.5,0.0
2,14,98,35,0.5,0.0
2,14,99,66,0.5,0.0
2,14,100,37,0.5,0.0
2,14,101,78,-0.5,0.0
2,14,102,113,0.5,0.0
2,14,103,38,-0.5,0.0
2,14,104,41,0.5,0.0
2,14,105,86,-0.5,0.0
2,14,106,119,-0.5,0.0
2,14,107,42,-0.5,0.0
2,14,108,57,0.5,0.0
2,14,109,44,-0.5,0.0
2,14,110,47,0.5,0.0
2,14,111,90,0.5,0.0
2,14,112,49,0.5,0.0
2,14,113,102,-0.5,0.0
2,14,114,123,-0.5,0.0
2,14,115,50,-0.5,0.0
2,14,116,63,-0.5,0.0
2,14,117,52,-0.5,0.0
2,14,118,55,0.5,0.0
2,14,119,106,0.5,0.0
2,14,120,29,0.5,0.0
2,14,121,56,-0.5,0.0
2,14,122,59,0.5,0.0
2,14,123,114,0.5,0.0
2,14,124,61,0.5,0.0
2,14,125,126,-0.5,0.0
2,14,126,125,0.5,0.0
2,14,127,62,-0.5,0.0
2,15,0,3,0.0,0.5
2,15,1,64,0.0,-0.5
2,15,2,67,0.0,-0.5
2,15,3,0,0.0,0.5
2,15,4,69,0.0,-0.5
2,15,5,96,0.0,0.5
2,15,6,65,0.0,0.5
2,15,7,70,0.0,-0.5
2,15,8,73,0.0,-0.5
2,15,9,48,0.0,0.5
2,15,10,71,0.0,0.5
2,15,11,74,0.0,-0.5
2,15,12,33,0.0,0.5
2,15,13,76,0.0,-0.5
2,15,14,79,0.0,-0.5
2,15,15,80,0.0,0.5
2,15,16,81,0.0,-0.5
2,15,17,24,0.0,0.5
2,15,18,75,0.0,0.5
2,15,19,82,0.0,-0.5
2,15,20,39,0.0,0.5
2,15,21,84,0.0,-0.5
2,15,22,87,0.0,-0.5
2,15,23,40,0.0,0.5
2,15,24,17,0.0,0.5
2,15,25,88,0.0,-0.5
2,15,26,91,0.0,-0.5
2,15,27,72,0.0,0.5
2,15,28,93,0.0,-0.5
2,15,29,120,0.0,0.5
2,15,30,77,0.0,0.5
2,15,31,94,0.0,-0.5
2,15,32,97,0.0,-0.5
2,15,33,12,0.0,0.5
2,15,34,83,0.0,0.5
2,15,35,98,0.0,-0.5
2,15,36,43,0.0,0.5
2,15,37,100,0.0,-0.5
2,15,38,103,0.0,-0.5
2,15,39,20,0.0,0.5
2,15,40,23,0.0,0.5
2,15,41,104,0.0,-0.5
2,15,42,107,0.0,-0.5
2,15,43,36,0.0,0.5
2,15,44,109,0.0,-0.5
2,15,45,60,0.0,0.5
2,15,46,85,0.0,0.5
2,15,47,110,0.0,-0.5
2,15,48,9,0.0,0.5
2,15,49,112,0.0,-0.5
2,15,50,115,0.0,-0.5
2,15,51,68,0.0,0.5
2,15,52,117,0.0,-0.5
2,15,53,92,0.0,0.5
2,15,54,89,0.0,0.5
2,15,55,118,0.0,-0.5
2,15,56,121,0.0,-0.5
2,15,57,108,0.0,0.5
2,15,58,95,0.0,0.5
2,15,59,122,0.0,-0.5
2,15,60,45,0.0,0.5
2,15,61,124,0.0,-0.5
2,15,62,127,0.0,-0.5
2,15,63,116,0.0,0.5
2,15,64,1,0.0,-0.5
2,15,65,6,0.0,0.5
2,15,66,99,0.0,0.5
2,15,67,2,0.0,-0.5
2,15,68,51,0.0,0.5
2,15,69,4,0.0,-0.5
2,15,70,7,0.0,-0.5
2,15,71,10,0.0,0.5
2,15,72,27,0.0,0.5
2,15,73,8,0.0,-0.5
2,15,74,11,0.0,-0.5
2,15,75,18,0.0,0.5
2,15,76,13,0.0,-0.5
2,15,77,30,0.0,0.5
2,15,78,101,0.0,0.5
2,15,79,14,0.0,-0.5
2,15,80,15,0.0,0.5
2,15,81,16,0.0,-0.5
2,15,82,19,0.0,-0.5
2,15,83,34,0.0,0.5
2,15,84,21,0.0,-0.5
2,15,85,46,0.0,0.5
2,15,86,105,0.0,0.5
2,15,87,22,0.0,-0.5
2,15,88,25,0.0,-0.5
2,15,89,54,0.0,0.5
2,15,90,111,0.0,0.5
2,15,91,26,0.0,-0.5
2,15,92,53,0.0,0.5
2,15,93,28,0.0,-0.5
2,15,94,31,0.0,-0.5
2,15,95,58,0.0,0.5
2,15,96,5,0.0,0.5
2,15,97,32,0.0,-0.5
2,15,98,35,0.0,-0.5
2,15,99,66,0.0,0.5
2,15,100,37,0.0,-0.5
2,15,101,78,0.0,0.5
2,15,102,113,0.0,0.5
2,15,103,38,0.0,-0.5
2,15,104,41,0.0,-0.5
2,15,105,86,0.0,0.5
2,15,106,119,0.0,0.5
2,15,107,42,0.0,-0.5
2,15,108,57,0.0,0.5
2,15,109,44,0.0,-0.5
2,15,110,47,0.0,-0.5
2,15,111,90,0.0,0.5
2,15,112,49,0.0,-0.5
2,15,113,102,0.0,0.5
2,15,114,123,0.0,0.5
2,15,115,50,0.0,-0.5
2,15,116,63,0.0,0.5
2,15,117,52,0.0,-0.5
2,15,118,55,0.0,-0.5
2,15,119,106,0.0,0.5
2,15,120,29,0.0,0.5
2,15,121,56,0.0,-0.5
2,15,122,59,0.0,-0.5
2,15,123,114,0.0,0.5
2,15,124,61,0.0,-0.5
2,15,125,126,0.0,0.5
2,15,126,125,0.0,0.5
2,15,127,62,0.0,-0.5
3,4,0,65,0.0,0.5
3,4,1,97,0.0,0.5
3,4,2,98,0.0,0.5
3,4,3,6,0.0,0.5
3,4,4,100,0.0,0.5
3,4,5,10,0.0,0.5
3,4,6,3,0.0,0.5
3,4,7,103,0.0,0.5
3,4,8,104,0.0,0.5
3,4,9,18,0.0,0.5
3,4,10,5,0.0,0.5
3,4,11,107,0.0,0.5
3,4,12,99,0.0,0.5
3,4,13,109,0.0,0.5
3,4,14,110,0.0,0.5
3,4,15,30,0.0,0.5
3,4,16,112,0.0,0.5
3,4,17,34,0.0,0.5
3,4,18,9,0.0,0.5
3,4,19,115,0.0,0.5
3,4,20,101,0.0,0.5
3,4,21,117,0.0,0.5
3,4,22,118,0.0,0.5
3,4,23,46,0.0,0.5
3,4,24,83,0.0,0.5
3,4,25,121,0.0,0.5
3,4,26,122,0.0,0.5
3,4,27,54,0.0,0.5
3,4,28,124,0.0,0.5
3,4,29,58,0.0,0.5
3,4,30,15,0.0,0.5
3,4,31,127,0.0,0.5
3,4,32,64,0.0,0.5
3,4,33,66,0.0,0.5
3,4,34,17,0.0,0.5
3,4,35,67,0.0,0.5
3,4,36,105,0.0,0.5
3,4,37,69,0.0,0.5
3,4,38,70,0.0,0.5
3,4,39,78,0.0,0.5
3,4,40,85,0.0,0.5
3,4,41,73,0.0,0.5
3,4,42,74,0.0,0.5
3,4,43,86,0.0,0.5
3,4,44,76,0.0,0.5
3,4,45,90,0.0,0.5
3,4,46,23,0.0,0.5
3,4,47,79,0.0,0.5
3,4,48,75,0.0,0.5
3,4,49,81,0.0,0.5
3,4,50,82,0.0,0.5
3,4,51,102,0.0,0.5
3,4,52,84,0.0,0.5
3,4,53,106,0.0,0.5
3,4,54,27,0.0,0.5
3,4,55,87,0.0,0.5
3,4,56,88,0.0,0.5
3,4,57,114,0.0,0.5
3,4,58,29,0.0,0.5
3,4,59,91,0.0,0.5
3,4,60,111,0.0,0.5
3,4,61,93,0.0,0.5
3,4,62,94,0.0,0.5
3,4,63,126,0.0,0.5
3,4,64,32,0.0,0.5
3,4,65,0,0.0,0.5
3,4,66,33,0.0,0.5
3,4,67,35,0.0,0.5
3,4,68,113,0.0,0.5
3,4,69,37,0.0,0.5
3,4,70,38,0.0,0.5
3,4,71,96,0.0,0.5
3,4,72,89,0.0,0.5
3,4,73,41,0.0,0.5
3,4,74,42,0.0,0.5
3,4,75,48,0.0,0.5
3,4,76,44,0.0,0.5
3,4,77,80,0.0,0.5
3,4,78,39,0.0,0.5
3,4,79,47,0.0,0.5
3,4,80,77,0.0,0.5
3,4,81,49,0.0,0.5
3,4,82,50,0.0,0.5
3,4,83,24,0.0,0.5
3,4,84,52,0.0,0.5
3,4,85,40,0.0,0.5
3,4,86,43,0.0,0.5
3,4,87,55,0.0,0.5
3,4,88,56,0.0,0.5
3,4,89,72,0.0,0.5
3,4,90,45,0.0,0.5
3,4,91,59,0.0,0.5
3,4,92,119,0.0,0.5
3,4,93,61,0.0,0.5
3,4,94,62,0.0,0.5
3,4,95,120,0.0,0.5
3,4,96,71,0.0,0.5
3,4,97,1,0.0,0.5
3,4,98,2,0.0,0.5
3,4,99,12,0.0,0.5
3,4,100,4,0.0,0.5
3,4,101,20,0.0,0.5
3,4,102,51,0.0,0.5
3,4,103,7,0.0,0.5
3,4,104,8,0.0,0.5
3,4,105,36,0.0,0.5
3,4,106,53,0.0,0.5
3,4,107,11,0.0,0.5
3,4,108,123,0.0,0.5
3,4,109,13,0.0,0.5
3,4,110,14,0.0,0.5
3,4,111,60,0.0,0.5
3,4,112,16,0.0,0.5
3,4,113,68,0.0,0.5
3,4,114,57,0.0,0.5
3,4,115,19,0.0,0.5
3,4,116,125,0.0,0.5
3,4,117,21,0.0,0.5
3,4,118,22,0.0,0.5
3,4,119,92,0.0,0.5
3,4,120,95,0.0,0.5
3,4,121,25,0.0,0.5
3,4,122,26,0.0,0.5
3,4,123,108,0.0,0.5
3,4,124,28,0.0,0.5
3,4,125,116,0.0,0.5
3,4,126,63,0.0,0.5
3,4,127,31,0.0,0.5
3,5,0,65,0.5,0.0
3,5,1,97,0.5,0.0
3,5,2,98,0.5,0.0
3,5,3,6,0.5,0.0
3,5,4,100,0.5,0.0
3,5,5,10,0.5,0.0
3,5,6,3,-0.5,0.0
3,5,7,103,0.5,0.0
3,5,8,104,0.5,0.0
3,5,9,18,0.5,0.0
3,5,10,5,-0.5,0.0
3,5,11,107,0.5,0.0
3,5,12,99,0.5,0.0
3,5,13,109,0.5,0.0
3,5,14,110,0.5,0.0
3,5,15,30,0.5,0.0
3,5,16,112,0.5,0.0
3,5,17,34,0.5,0.0
3,5,18,9,-0.5,0.0
3,5,19,115,0.5,0.0
3,5,20,101,0.5,0.0
3,5,21,117,0.5,0.0
3,5,22,118,0.5,0.0
3,5,23,46,0.5,0.0
3,5,24,83,0.5,0.0
3,5,25,121,0.5,0.0
3,5,26,122,0.5,0.0
3,5,27,54,0.5,0.0
3,5,28,124,0.5,0.0
3,5,29,58,0.5,0.0
3,5,30,15,-0.5,0.0
3,5,31,127,0.5,0.0
3,5,32,64,-0.5,0.0
3,5,33,66,0.5,0.0
3,5,34,17,-0.5,0.0
3,5,35,67,-0.5,0.0
3,5,36,105,0.5,0.0
3,5,37,69,-0.5,0.0
3,5,38,70,-0.5,0.0
3,5,39,78,0.5,0.0
3,5,40,85,0.5,0.0
3,5,41,73,-0.5,0.0
3,5,42,74,-0.5,0.0
3,5,43,86,0.5,0.0
3,5,44,76,-0.5,0.0
3,5,45,90,0.5,0.0
3,5,46,23,-0.5,0.0
3,5,47,79,-0.5,0.0
3,5,48,75,0.5,0.0
3,5,49,81,-0.5,0.0
3,5,50,82,-0.5,0.0
3,5,51,102,0.5,0.0
3,5,52,84,-0.5,0.0
3,5,53,106,0.5,0.0
3,5,54,27,-0.5,0.0
3,5,55,87,-0.5,0.0
3,5,56,88,-0.5,0.0
3,5,57,114,0.5,0.0
3,5,58,29,-0.5,0.0
3,5,59,91,-0.5,0.0
3,5,60,111,0.5,0.0
3,5,61,93,-0.5,0.0
3,5,62,94,-0.5,0.0
3,5,63,126,0.5,0.0
3,5,64,32,0.5,0.0
3,5,65,0,-0.5,0.0
3,5,66,33,-0.5,0.0
3,5,67,35,0.5,0.0
3,5,68,113,0.5,0.0
3,5,69,37,0.5,0.0
3,5,70,38,0.5,0.0
3,5,71,96,-0.5,0.0
3,5,72,89,0.5,0.0
3,5,73,41,0.5,0.0
3,5,74,42,0.5,0.0
3,5,75,48,-0.5,0.0
3,5,76,44,0.5,0.0
3,5,77,80,-0.5,0.0
3,5,78,39,-0.5,0.0
3,5,79,47,0.5,0.0
3,5,80,77,0.5,0.0
3,5,81,49,0.5,0.0
3,5,82,50,0.5,0.0
3,5,83,24,-0.5,0.0
3,5,84,52,0.5,0.0
3,5,85,40,-0.5,0.0
3,5,86,43,-0.5,0.0
3,5,87,55,0.5,0.0
3,5,88,56,0.5,0.0
3,5,89,72,-0.5,0.0
3,5,90,45,-0.5,0.0
3,5,91,59,0.5,0.0
3,5,92,119,0.5,0.0
3,5,93,61,0.5,0.0
3,5,94,62,0.5,0.0
3,5,95,120,-0.5,0.0
3,5,96,71,0.5,0.0
3,5,97,1,-0.5,0.0
3,5,98,2,-0.5,0.0
3,5,99,12,-0.5,0.0
3,5,100,4,-0.5,0.0
3,5,101,20,-0.5,0.0
3,5,102,51,-0.5,0.0
3,5,103,7,-0.5,0.0
3,5,104,8,-0.5,0.0
3,5,105,36,-0.5,0.0
3,5,106,53,-0.5,0.0
3,5,107,11,-0.5,0.0
3,5,108,123,0.5,0.0
3,5,109,13,-0.5,0.0
3,5,110,14,-0.5,0.0
3,5,111,60,-0.5,0.0
3,5,112,16,-0.5,0.0
3,5,113,68,-0.5,0.0
3,5,114,57,-0.5,0.0
3,5,115,19,-0.5,0.0
3,5,116,125,0.5,0.0
3,5,117,21,-0.5,0.0
3,5,118,22,-0.5,0.0
3,5,119,92,-0.5,0.0
3,5,120,95,0.5,0.0
3,5,121,25,-0.5,0.0
3,5,122,26,-0.5,0.0
3,5,123,108,-0.5,0.0
3,5,124,28,-0.5,0.0
3,5,125,116,-0.5,0.0
3,5,126,63,-0.5,0.0
3,5,127,31,-0.5,0.0
3,6,0,33,0.0,0.5
3,6,1,81,0.0,0.5
3,6,2,82,0.0,0.5
3,6,3,12,0.0,0.5
3,6,4,84,0.0,0.5
3,6,5,20,0.0,0.5
3,6,6,99,0.0,-0.5
3,6,7,87,0.0,0.5
3,6,8,88,0.0,0.5
3,6,9,36,0.0,0.5
3,6,10,101,0.0,-0.5
3,6,11,91,0.0,0.5
3,6,12,3,0.0,0.5
3,6,13,93,0.0,0.5
3,6,14,94,0.0,0.5
3,6,15,60,0.0,0.5
3,6,16,64,0.0,0.5
3,6,17,68,0.0,0.5
3,6,18,105,0.0,-0.5
3,6,19,67,0.0,0.5
3,6,20,5,0.0,0.5
3,6,21,69,0.0,0.5
3,6,22,70,0.0,0.5
3,6,23,92,0.0,0.5
3,6,24,51,0.0,0.5
3,6,25,73,0.0,0.5
3,6,26,74,0.0,0.5
3,6,27,108,0.0,0.5
3,6,28,76,0.0,0.5
3,6,29,116,0.0,0.5
3,6,30,111,0.0,-0.5
3,6,31,79,0.0,0.5
3,6,32,112,0.0,-0.5
3,6,33,0,0.0,0.5
3,6,34,113,0.0,-0.5
3,6,35,115,0.0,-0.5
3,6,36,9,0.0,0.5
3,6,37,117,0.0,-0.5
3,6,38,118,0.0,-0.5
3,6,39,96,0.0,0.5
3,6,40,53,0.0,0.5
3,6,41,121,0.0,-0.5
3,6,42,122,0.0,-0.5
3,6,43,48,0.0,0.5
3,6,44,124,0.0,-0.5
3,6,45,80,0.0,0.5
3,6,46,119,0.0,-0.5
3,6,47,127,0.0,-0.5
3,6,48,43,0.0,0.5
3,6,49,97,0.0,-0.5
3,6,50,98,0.0,-0.5
3,6,51,24,0.0,0.5
3,6,52,100,0.0,-0.5
3,6,53,40,0.0,0.5
3,6,54,123,0.0,-0.5
3,6,55,103,0.0,-0.5
3,6,56,104,0.0,-0.5
3,6,57,72,0.0,0.5
3,6,58,125,0.0,-0.5
3,6,59,107,0.0,-0.5
3,6,60,15,0.0,0.5
3,6,61,109,0.0,-0.5
3,6,62,110,0.0,-0.5
3,6,63,120,0.0,0.5
3,6,64,16,0.0,0.5
3,6,65,66,0.0,-0.5
3,6,66,65,0.0,-0.5
3,6,67,19,0.0,0.5
3,6,68,17,0.0,0.5
3,6,69,21,0.0,0.5
3,6,70,22,0.0,0.5
3,6,71,78,0.0,-0.5
3,6,72,57,0.0,0.5
3,6,73,25,0.0,0.5
3,6,74,26,0.0,0.5
3,6,75,86,0.0,-0.5
3,6,76,28,0.0,0.5
3,6,77,90,0.0,-0.5
3,6,78,71,0.0,-0.5
3,6,79,31,0.0,0.5
3,6,80,45,0.0,0.5
3,6,81,1,0.0,0.5
3,6,82,2,0.0,0.5
3,6,83,102,0.0,-0.5
3,6,84,4,0.0,0.5
3,6,85,106,0.0,-0.5
3,6,86,75,0.0,-0.5
3,6,87,7,0.0,0.5
3,6,88,8,0.0,0.5
3,6,89,114,0.0,-0.5
3,6,90,77,0.0,-0.5
3,6,91,11,0.0,0.5
3,6,92,23,0.0,0.5
3,6,93,13,0.0,0.5
3,6,94,14,0.0,0.5
3,6,95,126,0.0,-0.5
3,6,96,39,0.0,0.5
3,6,97,49,0.0,-0.5
3,6,98,50,0.0,-0.5
3,6,99,6,0.0,-0.5
3,6,100,52,0.0,-0.5
3,6,101,10,0.0,-0.5
3,6,102,83,0.0,-0.5
3,6,103,55,0.0,-0.5
3,6,104,56,0.0,-0.5
3,6,105,18,0.0,-0.5
3,6,106,85,0.0,-0.5
3,6,107,59,0.0,-0.5
3,6,108,27,0.0,0.5
3,6,109,61,0.0,-0.5
3,6,110,62,0.0,-0.5
3,6,111,30,0.0,-0.5
3,6,112,32,0.0,-0.5
3,6,113,34,0.0,-0.5
3,6,114,89,0.0,-0.5
3,6,115,35,0.0,-0.5
3,6,116,29,0.0,0.5
3,6,117,37,0.0,-0.5
3,6,118,38,0.0,-0.5
3,6,119,46,0.0,-0.5
3,6,120,63,0.0,0.5
3,6,121,41,0.0,-0.5
3,6,122,42,0.0,-0.5
3,6,123,54,0.0,-0.5
3,6,124,44,0.0,-0.5
3,6,125,58,0.0,-0.5
3,6,126,95,0.0,-0.5
3,6,127,47,0.0,-0.5
3,7,0,33,0.5,0.0
3,7,1,81,0.5,0.0
3,7,2,82,0.5,0.0
3,7,3,12,0.5,0.0
3,7,4,84,0.5,0.0
3,7,5,20,0.5,0.0
3,7,6,99,-0.5,0.0
3,7,7,87,0.5,0.0
3,7,8,88,0.5,0.0
3,7,9,36,0.5,0.0
3,7,10,101,-0.5,0.0
3,7,11,91,0.5,0.0
3,7,12,3,-0.5,0.0
3,7,13,93,0.5,0.0
3,7,14,94,0.5,0.0
3,7,15,60,0.5,0.0
3,7,16,64,-0.5,0.0
3,7,17,68,0.5,0.0
3,7,18,105,-0.5,0.0
3,7,19,67,-0.5,0.0
3,7,20,5,-0.5,0.0
3,7,21,69,-0.5,0.0
3,7,22,70,-0.5,0.0
3,7,23,92,0.5,0.0
3,7,24,51,0.5,0.0
3,7,25,73,-0.5,0.0
3,7,26,74,-0.5,0.0
3,7,27,108,0.5,0.0
3,7,28,76,-0.5,0.0
3,7,29,116,0.5,0.0
3,7,30,111,-0.5,0.0
3,7,31,79,-0.5,0.0
3,7,32,112,-0.5,0.0
3,7,33,0,-0.5,0.0
3,7,34,113,-0.5,0.0
3,7,35,115,-0.5,0.0
3,7,36,9,-0.5,0.0
3,7,37,117,-0.5,0.0
3,7,38,118,-0.5,0.0
3,7,39,96,-0.5,0.0
3,7,40,53,0.5,0.0
3,7,41,121,-0.5,0.0
3,7,42,122,-0.5,0.0
3,7,43,48,-0.5,0.0
3,7,44,124,-0.5,0.0
3,7,45,80,-0.5,0.0
3,7,46,119,-0.5,0.0
3,7,47,127,-0.5,0.0
3,7,48,43,0.5,0.0
3,7,49,97,0.5,0.0
3,7,50,98,0.5,0.0
3,7,51,24,-0.5,0.0
3,7,52,100,0.5,0.0
3,7,53,40,-0.5,0.0
3,7,54,123,-0.5,0.0
3,7,55,103,0.5,0.0
3,7,56,104,0.5,0.0
3,7,57,72,-0.5,0.0
3,7,58,125,-0.5,0.0
3,7,59,107,0.5,0.0
3,7,60,15,-0.5,0.0
3,7,61,109,0.5,0.0
3,7,62,110,0.5,0.0
3,7,63,120,-0.5,0.0
3,7,64,16,0.5,0.0
3,7,65,66,-0.5,0.0
3,7,66,65,0.5,0.0
3,7,67,19,0.5,0.0
3,7,68,17,-0.5,0.0
3,7,69,21,0.5,0.0
3,7,70,22,0.5,0.0
3,7,71,78,-0.5,0.0
3,7,72,57,0.5,0.0
3,7,73,25,0.5,0.0
3,7,74,26,0.5,0.0
3,7,75,86,-0.5,0.0
3,7,76,28,0.5,0.0
3,7,77,90,-0.5,0.0
3,7,78,71,0.5,0.0
3,7,79,31,0.5,0.0
3,7,80,45,0.5,0.0
3,7,81,1,-0.5,0.0
3,7,82,2,-0.5,0.0
3,7,83,102,-0.5,0.0
3,7,84,4,-0.5,0.0
3,7,85,106,-0.5,0.0
3,7,86,75,0.5,0.0
3,7,87,7,-0.5,0.0
3,7,88,8,-0.5,0.0
3,7,89,114,-0.5,0.0
3,7,90,77,0.5,0.0
3,7,91,11,-0.5,0.0
3,7,92,23,-0.5,0.0
3,7,93,13,-0.5,0.0
3,7,94,14,-0.5,0.0
3,7,95,126,-0.5,0.0
3,7,96,39,0.5,0.0
3,7,97,49,-0.5,0.0
3,7,98,50,-0.5,0.0
3,7,99,6,0.5,0.0
3,7,100,52,-0.5,0.0
3,7,101,10,0.5,0.0
3,7,102,83,0.5,0.0
3,7,103,55,-0.5,0.0
3,7,104,56,-0.5,0.0
3,7,105,18,0.5,0.0
3,7,106,85,0.5,0.0
3,7,107,59,-0.5,0.0
3,7,108,27,-0.5,0.0
3,7,109,61,-0.5,0.0
3,7,110,62,-0.5,0.0
3,7,111,30,0.5,0.0
3,7,112,32,0.5,0.0
3,7,113,34,0.5,0.0
3,7,114,89,0.5,0.0
3,7,115,35,0.5,0.0
3,7,116,29,-0.5,0.0
3,7,117,37,0.5,0.0
3,7,118,38,0.5,0.0
3,7,119,46,0.5,0.0
3,7,120,63,0.5,0.0
3,7,121,41,0.5,0.0
3,7,122,42,0.5,0.0
3,7,123,54,0.5,0.0
3,7,124,44,0.5,0.0
3,7,125,58,0.5,0.0
3,7,126,95,0.5,0.0
3,7,127,47,0.5,0.0
3,8,0,17,0.0,0.5
3,8,1,73,0.0,0.5
3,8,2,74,0.0,0.5
3,8,3,24,0.0,0.5
3,8,4,76,0.0,0.5
3,8,5,40,0.0,0.5
3,8,6,83,0.0,-0.5
3,8,7,79,0.0,0.5
3,8,8,64,0.0,0.5
3,8,9,72,0.0,0.5
3,8,10,85,0.0,-0.5
3,8,11,67,0.0,0.5
3,8,12,51,0.0,-0.5
3,8,13,69,0.0,0.5
3,8,14,70,0.0,0.5
3,8,15,120,0.0,0.5
3,8,16,88,0.0,-0.5
3,8,17,0,0.0,0.5
3,8,18,89,0.0,-0.5
3,8,19,91,0.0,-0.5
3,8,20,53,0.0,-0.5
3,8,21,93,0.0,-0.5
3,8,22,94,0.0,-0.5
3,8,23,96,0.0,0.5
3,8,24,3,0.0,0.5
3,8,25,81,0.0,-0.5
3,8,26,82,0.0,-0.5
3,8,27,48,0.0,0.5
3,8,28,84,0.0,-0.5
3,8,29,80,0.0,0.5
3,8,30,95,0.0,-0.5
3,8,31,87,0.0,-0.5
3,8,32,104,0.0,-0.5
3,8,33,68,0.0,-0.5
3,8,34,65,0.0,-0.5
3,8,35,107,0.0,-0.5
3,8,36,57,0.0,-0.5
3,8,37,109,0.0,-0.5
3,8,38,110,0.0,-0.5
3,8,39,92,0.0,-0.5
3,8,40,5,0.0,0.5
3,8,41,97,0.0,-0.5
3,8,42,98,0.0,-0.5
3,8,43,108,0.0,-0.5
3,8,44,100,0.0,-0.5
3,8,45,116,0.0,-0.5
3,8,46,71,0.0,-0.5
3,8,47,103,0.0,-0.5
3,8,48,27,0.0,0.5
3,8,49,121,0.0,0.5
3,8,50,122,0.0,0.5
3,8,51,12,0.0,-0.5
3,8,52,124,0.0,0.5
3,8,53,20,0.0,-0.5
3,8,54,75,0.0,-0.5
3,8,55,127,0.0,0.5
3,8,56,112,0.0,0.5
3,8,57,36,0.0,-0.5
3,8,58,77,0.0,-0.5
3,8,59,115,0.0,0.5
3,8,60,63,0.0,-0.5
3,8,61,117,0.0,0.5
3,8,62,118,0.0,0.5
3,8,63,60,0.0,-0.5
3,8,64,8,0.0,0.5
3,8,65,34,0.0,-0.5
3,8,66,113,0.0,0.5
3,8,67,11,0.0,0.5
3,8,68,33,0.0,-0.5
3,8,69,13,0.0,0.5
3,8,70,14,0.0,0.5
3,8,71,46,0.0,-0.5
3,8,72,9,0.0,0.5
3,8,73,1,0.0,0.5
3,8,74,2,0.0,0.5
3,8,75,54,0.0,-0.5
3,8,76,4,0.0,0.5
3,8,77,58,0.0,-0.5
3,8,78,119,0.0,0.5
3,8,79,7,0.0,0.5
3,8,80,29,0.0,0.5
3,8,81,25,0.0,-0.5
3,8,82,26,0.0,-0.5
3,8,83,6,0.0,-0.5
3,8,84,28,0.0,-0.5
3,8,85,10,0.0,-0.5
3,8,86,123,0.0,0.5
3,8,87,31,0.0,-0.5
3,8,88,16,0.0,-0.5
3,8,89,18,0.0,-0.5
3,8,90,125,0.0,0.5
3,8,91,19,0.0,-0.5
3,8,92,39,0.0,-0.5
3,8,93,21,0.0,-0.5
3,8,94,22,0.0,-0.5
3,8,95,30,0.0,-0.5
3,8,96,23,0.0,0.5
3,8,97,41,0.0,-0.5
3,8,98,42,0.0,-0.5
3,8,99,102,0.0,0.5
3,8,100,44,0.0,-0.5
3,8,101,106,0.0,0.5
3,8,102,99,0.0,0.5
3,8,103,47,0.0,-0.5
3,8,104,32,0.0,-0.5
3,8,105,114,0.0,0.5
3,8,106,101,0.0,0.5
3,8,107,35,0.0,-0.5
3,8,108,43,0.0,-0.5
3,8,109,37,0.0,-0.5
3,8,110,38,0.0,-0.5
3,8,111,126,0.0,0.5
3,8,112,56,0.0,0.5
3,8,113,66,0.0,0.5
3,8,114,105,0.0,0.5
3,8,115,59,0.0,0.5
3,8,116,45,0.0,-0.5
3,8,117,61,0.0,0.5
3,8,118,62,0.0,0.5
3,8,119,78,0.0,0.5
3,8,120,15,0.0,0.5
3,8,121,49,0.0,0.5
3,8,122,50,0.0,0.5
3,8,123,86,0.0,0.5
3,8,124,52,0.0,0.5
3,8,125,90,0.0,0.5
3,8,126,111,0.0,0.5
3,8,127,55,0.0,0.5
3,9,0,17,0.5,0.0
3,9,1,73,0.5,0.0
3,9,2,74,0.5,0.0
3,9,3,24,0.5,0.0
3,9,4,76,0.5,0.0
3,9,5,40,0.5,0.0
3,9,6,83,-0.5,0.0
3,9,7,79,0.5,0.0
3,9,8,64,-0.5,0.0
3,9,9,72,0.5,0.0
3,9,10,85,-0.5,0.0
3,9,11,67,-0.5,0.0
3,9,12,51,-0.5,0.0
3,9,13,69,-0.5,0.0
3,9,14,70,-0.5,0.0
3,9,15,120,0.5,0.0
3,9,16,88,-0.5,0.0
3,9,17,0,-0.5,0.0
3,9,18,89,-0.5,0.0
3,9,19,91,-0.5,0.0
3,9,20,53,-0.5,0.0
3,9,21,93,-0.5,0.0
3,9,22,94,-0.5,0.0
3,9,23,96,-0.5,0.0
3,9,24,3,-0.5,0.0
3,9,25,81,0.5,0.0
3,9,26,82,0.5,0.0
3,9,27,48,-0.5,0.0
3,9,28,84,0.5,0.0
3,9,29,80,-0.5,0.0
3,9,30,95,-0.5,0.0
3,9,31,87,0.5,0.0
3,9,32,104,-0.5,0.0
3,9,33,68,-0.5,0.0
3,9,34,65,0.5,0.0
3,9,35,107,-0.5,0.0
3,9,36,57,-0.5,0.0
3,9,37,109,-0.5,0.0
3,9,38,110,-0.5,0.0
3,9,39,92,-0.5,0.0
3,9,40,5,-0.5,0.0
3,9,41,97,0.5,0.0
3,9,42,98,0.5,0.0
3,9,43,108,-0.5,0.0
3,9,44,100,0.5,0.0
3,9,45,116,-0.5,0.0
3,9,46,71,0.5,0.0
3,9,47,103,0.5,0.0
3,9,48,27,0.5,0.0
3,9,49,121,0.5,0.0
3,9,50,122,0.5,0.0
3,9,51,12,0.5,0.0
3,9,52,124,0.5,0.0
3,9,53,20,0.5,0.0
3,9,54,75,0.5,0.0
3,9,55,127,0.5,0.0
3,9,56,112,-0.5,0.0
3,9,57,36,0.5,0.0
3,9,58,77,0.5,0.0
3,9,59,115,-0.5,0.0
3,9,60,63,-0.5,0.0
3,9,61,117,-0.5,0.0
3,9,62,118,-0.5,0.0
3,9,63,60,0.5,0.0
3,9,64,8,0.5,0.0
3,9,65,34,-0.5,0.0
3,9,66,113,0.5,0.0
3,9,67,11,0.5,0.0
3,9,68,33,0.5,0.0
3,9,69,13,0.5,0.0
3,9,70,14,0.5,0.0
3,9,71,46,-0.5,0.0
3,9,72,9,-0.5,0.0
3,9,73,1,-0.5,0.0
3,9,74,2,-0.5,0.0
3,9,75,54,-0.5,0.0
3,9,76,4,-0.5,0.0
3,9,77,58,-0.5,0.0
3,9,78,119,0.5,0.0
3,9,79,7,-0.5,0.0
3,9,80,29,0.5,0.0
3,9,81,25,-0.5,0.0
3,9,82,26,-0.5,0.0
3,9,83,6,0.5,0.0
3,9,84,28,-0.5,0.0
3,9,85,10,0.5,0.0
3,9,86,123,0.5,0.0
3,9,87,31,-0.5,0.0
3,9,88,16,0.5,0.0
3,9,89,18,0.5,0.0
3,9,90,125,0.5,0.0
3,9,91,19,0.5,0.0
3,9,92,39,0.5,0.0
3,9,93,21,0.5,0.0
3,9,94,22,0.5,0.0
3,9,95,30,0.5,0.0
3,9,96,23,0.5,0.0
3,9,97,41,-0.5,0.0
3,9,98,42,-0.5,0.0
3,9,99,102,0.5,0.0
3,9,100,44,-0.5,0.0
3,9,101,106,0.5,0.0
3,9,102,99,-0.5,0.0
3,9,103,47,-0.5,0.0
3,9,104,32,0.5,0.0
3,9,105,114,0.5,0.0
3,9,106,101,-0.5,0.0
3,9,107,35,0.5,0.0
3,9,108,43,0.5,0.0
3,9,109,37,0.5,0.0
3,9,110,38,0.5,0.0
3,9,111,126,0.5,0.0
3,9,112,56,0.5,0.0
3,9,113,66,-0.5,0.0
3,9,114,105,-0.5,0.0
3,9,115,59,0.5,0.0
3,9,116,45,0.5,0.0
3,9,117,61,0.5,0.0
3,9,118,62,0.5,0.0
3,9,119,78,-0.5,0.0
3,9,120,15,-0.5,0.0
3,9,121,49,-0.5,0.0
3,9,122,50,-0.5,0.0
3,9,123,86,-0.5,0.0
3,9,124,52,-0.5,0.0
3,9,125,90,-0.5,0.0
3,9,126,111,-0.5,0.0
3,9,127,55,-0.5,0.0
3,10,0,9,0.0,0.5
3,10,1,69,0.0,0.5
3,10,2,70,0.0,0.5
3,10,3,48,0.0,0.5
3,10,4,64,0.0,0.5
3,10,5,80,0.0,0.5
3,10,6,75,0.0,-0.5
3,10,7,67,0.0,0.5
3,10,8,76,0.0,-0.5
3,10,9,0,0.0,0.5
3,10,10,77,0.0,-0.5
3,10,11,79,0.0,-0.5
3,10,12,43,0.0,-0.5
3,10,13,73,0.0,-0.5
3,10,14,74,0.0,-0.5
3,10,15,96,0.0,0.5
3,10,16,84,0.0,-0.5
3,10,17,72,0.0,-0.5
3,10,18,65,0.0,-0.5
3,10,19,87,0.0,-0.5
3,10,20,45,0.0,-0.5
3,10,21,81,0.0,-0.5
3,10,22,82,0.0,-0.5
3,10,23,120,0.0,-0.5
3,10,24,27,0.0,-0.5
3,10,25,93,0.0,0.5
3,10,26,94,0.0,0.5
3,10,27,24,0.0,-0.5
3,10,28,88,0.0,0.5
3,10,29,40,0.0,-0.5
3,10,30,71,0.0,-0.5
3,10,31,91,0.0,0.5
3,10,32,100,0.0,-0.5
3,10,33,36,0.0,-0.5
3,10,34,89,0.0,0.5
3,10,35,103,0.0,-0.5
3,10,36,33,0.0,-0.5
3,10,37,97,0.0,-0.5
3,10,38,98,0.0,-0.5
3,10,39,60,0.0,-0.5
3,10,40,29,0.0,-0.5
3,10,41,109,0.0,0.5
3,10,42,110,0.0,0.5
3,10,43,12,0.0,-0.5
3,10,44,104,0.0,0.5
3,10,45,20,0.0,-0.5
3,10,46,95,0.0,0.5
3,10,47,107,0.0,0.5
3,10,48,3,0.0,0.5
3,10,49,117,0.0,0.5
3,10,50,118,0.0,0.5
3,10,51,108,0.0,0.5
3,10,52,112,0.0,0.5
3,10,53,116,0.0,0.5
3,10,54,83,0.0,0.5
3,10,55,115,0.0,0.5
3,10,56,124,0.0,-0.5
3,10,57,68,0.0,0.5
3,10,58,85,0.0,0.5
3,10,59,127,0.0,-0.5
3,10,60,39,0.0,-0.5
3,10,61,121,0.0,-0.5
3,10,62,122,0.0,-0.5
3,10,63,92,0.0,0.5
3,10,64,4,0.0,0.5
3,10,65,18,0.0,-0.5
3,10,66,105,0.0,0.5
3,10,67,7,0.0,0.5
3,10,68,57,0.0,0.5
3,10,69,1,0.0,0.5
3,10,70,2,0.0,0.5
3,10,71,30,0.0,-0.5
3,10,72,17,0.0,-0.5
3,10,73,13,0.0,-0.5
3,10,74,14,0.0,-0.5
3,10,75,6,0.0,-0.5
3,10,76,8,0.0,-0.5
3,10,77,10,0.0,-0.5
3,10,78,111,0.0,0.5
3,10,79,11,0.0,-0.5
3,10,80,5,0.0,0.5
3,10,81,21,0.0,-0.5
3,10,82,22,0.0,-0.5
3,10,83,54,0.0,0.5
3,10,84,16,0.0,-0.5
3,10,85,58,0.0,0.5
3,10,86,99,0.0,0.5
3,10,87,19,0.0,-0.5
3,10,88,28,0.0,0.5
3,10,89,34,0.0,0.5
3,10,90,101,0.0,0.5
3,10,91,31,0.0,0.5
3,10,92,63,0.0,0.5
3,10,93,25,0.0,0.5
3,10,94,26,0.0,0.5
3,10,95,46,0.0,0.5
3,10,96,15,0.0,0.5
3,10,97,37,0.0,-0.5
3,10,98,38,0.0,-0.5
3,10,99,86,0.0,0.5
3,10,100,32,0.0,-0.5
3,10,101,90,0.0,0.5
3,10,102,123,0.0,-0.5
3,10,103,35,0.0,-0.5
3,10,104,44,0.0,0.5
3,10,105,66,0.0,0.5
3,10,106,125,0.0,-0.5
3,10,107,47,0.0,0.5
3,10,108,51,0.0,0.5
3,10,109,41,0.0,0.5
3,10,110,42,0.0,0.5
3,10,111,78,0.0,0.5
3,10,112,52,0.0,0.5
3,10,113,114,0.0,-0.5
3,10,114,113,0.0,-0.5
3,10,115,55,0.0,0.5
3,10,116,53,0.0,0.5
3,10,117,49,0.0,0.5
3,10,118,50,0.0,0.5
3,10,119,126,0.0,-0.5
3,10,120,23,0.0,-0.5
3,10,121,61,0.0,-0.5
3,10,122,62,0.0,-0.5
3,10,123,102,0.0,-0.5
3,10,124,56,0.0,-0.5
3,10,125,106,0.0,-0.5
3,10,126,119,0.0,-0.5
3,10,127,59,0.0,-0.5
3,11,0,9,0.5,0.0
3,11,1,69,0.5,0.0
3,11,2,70,0.5,0.0
3,11,3,48,0.5,0.0
3,11,4,64,-0.5,0.0
3,11,5,80,0.5,0.0
3,11,6,75,-0.5,0.0
3,11,7,67,-0.5,0.0
3,11,8,76,-0.5,0.0
3,11,9,0,-0.5,0.0
3,11,10,77,-0.5,0.0
3,11,11,79,-0.5,0.0
3,11,12,43,-0.5,0.0
3,11,13,73,0.5,0.0
3,11,14,74,0.5,0.0
3,11,15,96,-0.5,0.0
3,11,16,84,-0.5,0.0
3,11,17,72,-0.5,0.0
3,11,18,65,0.5,0.0
3,11,19,87,-0.5,0.0
3,11,20,45,-0.5,0.0
3,11,21,81,0.5,0.0
3,11,22,82,0.5,0.0
3,11,23,120,-0.5,0.0
3,11,24,27,-0.5,0.0
3,11,25,93,0.5,0.0
3,11,26,94,0.5,0.0
3,11,27,24,0.5,0.0
3,11,28,88,-0.5,0.0
3,11,29,40,0.5,0.0
3,11,30,71,0.5,0.0
3,11,31,91,-0.5,0.0
3,11,32,100,-0.5,0.0
3,11,33,36,-0.5,0.0
3,11,34,89,0.5,0.0
3,11,35,103,-0.5,0.0
3,11,36,33,0.5,0.0
3,11,37,97,0.5,0.0
3,11,38,98,0.5,0.0
3,11,39,60,-0.5,0.0
3,11,40,29,-0.5,0.0
3,11,41,109,0.5,0.0
3,11,42,110,0.5,0.0
3,11,43,12,0.5,0.0
3,11,44,104,-0.5,0.0
3,11,45,20,0.5,0.0
3,11,46,95,0.5,0.0
3,11,47,107,-0.5,0.0
3,11,48,3,-0.5,0.0
3,11,49,117,0.5,0.0
3,11,50,118,0.5,0.0
3,11,51,108,0.5,0.0
3,11,52,112,-0.5,0.0
3,11,53,116,0.5,0.0
3,11,54,83,-0.5,0.0
3,11,55,115,-0.5,0.0
3,11,56,124,-0.5,0.0
3,11,57,68,-0.5,0.0
3,11,58,85,-0.5,0.0
3,11,59,127,-0.5,0.0
3,11,60,39,0.5,0.0
3,11,61,121,0.5,0.0
3,11,62,122,0.5,0.0
3,11,63,92,-0.5,0.0
3,11,64,4,0.5,0.0
3,11,65,18,-0.5,0.0
3,11,66,105,0.5,0.0
3,11,67,7,0.5,0.0
3,11,68,57,0.5,0.0
3,11,69,1,-0.5,0.0
3,11,70,2,-0.5,0.0
3,11,71,30,-0.5,0.0
3,11,72,17,0.5,0.0
3,11,73,13,-0.5,0.0
3,11,74,14,-0.5,0.0
3,11,75,6,0.5,0.0
3,11,76,8,0.5,0.0
3,11,77,10,0.5,0.0
3,11,78,111,0.5,0.0
3,11,79,11,0.5,0.0
3,11,80,5,-0.5,0.0
3,11,81,21,-0.5,0.0
3,11,82,22,-0.5,0.0
3,11,83,54,0.5,0.0
3,11,84,16,0.5,0.0
3,11,85,58,0.5,0.0
3,11,86,99,-0.5,0.0
3,11,87,19,0.5,0.0
3,11,88,28,0.5,0.0
3,11,89,34,-0.5,0.0
3,11,90,101,-0.5,0.0
3,11,91,31,0.5,0.0
3,11,92,63,0.5,0.0
3,11,93,25,-0.5,0.0
3,11,94,26,-0.5,0.0
3,11,95,46,-0.5,0.0
3,11,96,15,0.5,0.0
3,11,97,37,-0.5,0.0
3,11,98,38,-0.5,0.0
3,11,99,86,0.5,0.0
3,11,100,32,0.5,0.0
3,11,101,90,0.5,0.0
3,11,102,123,-0.5,0.0
3,11,103,35,0.5,0.0
3,11,104,44,0.5,0.0
3,11,105,66,-0.5,0.0
3,11,106,125,-0.5,0.0
3,11,107,47,0.5,0.0
3,11,108,51,-0.5,0.0
3,11,109,41,-0.5,0.0
3,11,110,42,-0.5,0.0
3,11,111,78,-0.5,0.0
3,11,112,52,0.5,0.0
3,11,113,114,-0.5,0.0
3,11,114,113,0.5,0.0
3,11,115,55,0.5,0.0
3,11,116,53,-0.5,0.0
3,11,117,49,-0.5,0.0
3,11,118,50,-0.5,0.0
3,11,119,126,-0.5,0.0
3,11,120,23,0.5,0.0
3,11,121,61,-0.5,0.0
3,11,122,62,-0.5,0.0
3,11,123,102,0.5,0.0
3,11,124,56,0.5,0.0
3,11,125,106,0.5,0.0
3,11,126,119,0.5,0.0
3,11,127,59,0.5,0.0
3,12,0,5,0.0,0.5
3,12,1,67,0.0,0.5
3,12,2,64,0.0,0.5
3,12,3,96,0.0,0.5
3,12,4,70,0.0,-0.5
3,12,5,0,0.0,0.5
3,12,6,71,0.0,-0.5
3,12,7,69,0.0,-0.5
3,12,8,74,0.0,-0.5
3,12,9,80,0.0,-0.5
3,12,10,65,0.0,-0.5
3,12,11,73,0.0,-0.5
3,12,12,39,0.0,-0.5
3,12,13,79,0.0,0.5
3,12,14,76,0.0,0.5
3,12,15,48,0.0,-0.5
3,12,16,82,0.0,-0.5
3,12,17,40,0.0,-0.5
3,12,18,77,0.0,0.5
3,12,19,81,0.0,-0.5
3,12,20,33,0.0,-0.5
3,12,21,87,0.0,0.5
3,12,22,84,0.0,0.5
3,12,23,24,0.0,-0.5
3,12,24,23,0.0,-0.5
3,12,25,91,0.0,0.5
3,12,26,88,0.0,0.5
3,12,27,120,0.0,0.5
3,12,28,94,0.0,-0.5
3,12,29,72,0.0,0.5
3,12,30,75,0.0,0.5
3,12,31,93,0.0,-0.5
3,12,32,98,0.0,-0.5
3,12,33,20,0.0,-0.5
3,12,34,85,0.0,0.5
3,12,35,97,0.0,-0.5
3,12,36,45,0.0,0.5
3,12,37,103,0.0,0.5
3,12,38,100,0.0,0.5
3,12,39,12,0.0,-0.5
3,12,40,17,0.0,-0.5
3,12,41,107,0.0,0.5
3,12,42,104,0.0,0.5
3,12,43,60,0.0,0.5
3,12,44,110,0.0,-0.5
3,12,45,36,0.0,0.5
3,12,46,83,0.0,0.5
3,12,47,109,0.0,-0.5
3,12,48,15,0.0,-0.5
3,12,49,115,0.0,0.5
3,12,50,112,0.0,0.5
3,12,51,92,0.0,0.5
3,12,52,118,0.0,-0.5
3,12,53,68,0.0,0.5
3,12,54,95,0.0,-0.5
3,12,55,117,0.0,-0.5
3,12,56,122,0.0,-0.5
3,12,57,116,0.0,-0.5
3,12,58,89,0.0,-0.5
3,12,59,121,0.0,-0.5
3,12,60,43,0.0,0.5
3,12,61,127,0.0,0.5
3,12,62,124,0.0,0.5
3,12,63,108,0.0,-0.5
3,12,64,2,0.0,0.5
3,12,65,10,0.0,-0.5
3,12,66,101,0.0,0.5
3,12,67,1,0.0,0.5
3,12,68,53,0.0,0.5
3,12,69,7,0.0,-0.5
3,12,70,4,0.0,-0.5
3,12,71,6,0.0,-0.5
3,12,72,29,0.0,0.5
3,12,73,11,0.0,-0.5
3,12,74,8,0.0,-0.5
3,12,75,30,0.0,0.5
3,12,76,14,0.0,0.5
3,12,77,18,0.0,0.5
3,12,78,99,0.0,0.5
3,12,79,13,0.0,0.5
3,12,80,9,0.0,-0.5
3,12,81,19,0.0,-0.5
3,12,82,16,0.0,-0.5
3,12,83,46,0.0,0.5
3,12,84,22,0.0,0.5
3,12,85,34,0.0,0.5
3,12,86,111,0.0,-0.5
3,12,87,21,0.0,0.5
3,12,88,26,0.0,0.5
3,12,89,58,0.0,-0.5
3,12,90,105,0.0,-0.5
3,12,91,25,0.0,0.5
3,12,92,51,0.0,0.5
3,12,93,31,0.0,-0.5
3,12,94,28,0.0,-0.5
3,12,95,54,0.0,-0.5
3,12,96,3,0.0,0.5
3,12,97,35,0.0,-0.5
3,12,98,32,0.0,-0.5
3,12,99,78,0.0,0.5
3,12,100,38,0.0,0.5
3,12,101,66,0.0,0.5
3,12,102,119,0.0,-0.5
3,12,103,37,0.0,0.5
3,12,104,42,0.0,0.5
3,12,105,90,0.0,-0.5
3,12,106,113,0.0,-0.5
3,12,107,41,0.0,0.5
3,12,108,63,0.0,-0.5
3,12,109,47,0.0,-0.5
3,12,110,44,0.0,-0.5
3,12,111,86,0.0,-0.5
3,12,112,50,0.0,0.5
3,12,113,106,0.0,-0.5
3,12,114,125,0.0,0.5
3,12,115,49,0.0,0.5
3,12,116,57,0.0,-0.5
3,12,117,55,0.0,-0.5
3,12,118,52,0.0,-0.5
3,12,119,102,0.0,-0.5
3,12,120,27,0.0,0.5
3,12,121,59,0.0,-0.5
3,12,122,56,0.0,-0.5
3,12,123,126,0.0,0.5
3,12,124,62,0.0,0.5
3,12,125,114,0.0,0.5
3,12,126,123,0.0,0.5
3,12,127,61,0.0,0.5
3,13,0,5,0.5,0.0
3,13,1,67,0.5,0.0
3,13,2,64,-0.5,0.0
3,13,3,96,0.5,0.0
3,13,4,70,-0.5,0.0
3,13,5,0,-0.5,0.0
3,13,6,71,-0.5,0.0
3,13,7,69,0.5,0.0
3,13,8,74,-0.5,0.0
3,13,9,80,-0.5,0.0
3,13,10,65,0.5,0.0
3,13,11,73,0.5,0.0
3,13,12,39,-0.5,0.0
3,13,13,79,0.5,0.0
3,13,14,76,-0.5,0.0
3,13,15,48,0.5,0.0
3,13,16,82,-0.5,0.0
3,13,17,40,-0.5,0.0
3,13,18,77,0.5,0.0
3,13,19,81,0.5,0.0
3,13,20,33,0.5,0.0
3,13,21,87,0.5,0.0
3,13,22,84,-0.5,0.0
3,13,23,24,0.5,0.0
3,13,24,23,-0.5,0.0
3,13,25,91,0.5,0.0
3,13,26,88,-0.5,0.0
3,13,27,120,0.5,0.0
3,13,28,94,-0.5,0.0
3,13,29,72,-0.5,0.0
3,13,30,75,-0.5,0.0
3,13,31,93,0.5,0.0
3,13,32,98,-0.5,0.0
3,13,33,20,-0.5,0.0
3,13,34,85,0.5,0.0
3,13,35,97,0.5,0.0
3,13,36,45,0.5,0.0
3,13,37,103,0.5,0.0
3,13,38,100,-0.5,0.0
3,13,39,12,0.5,0.0
3,13,40,17,0.5,0.0
3,13,41,107,0.5,0.0
3,13,42,104,-0.5,0.0
3,13,43,60,0.5,0.0
3,13,44,110,-0.5,0.0
3,13,45,36,-0.5,0.0
3,13,46,83,-0.5,0.0
3,13,47,109,0.5,0.0
3,13,48,15,-0.5,0.0
3,13,49,115,0.5,0.0
3,13,50,112,-0.5,0.0
3,13,51,92,0.5,0.0
3,13,52,118,-0.5,0.0
3,13,53,68,-0.5,0.0
3,13,54,95,-0.5,0.0
3,13,55,117,0.5,0.0
3,13,56,122,-0.5,0.0
3,13,57,116,-0.5,0.0
3,13,58,89,0.5,0.0
3,13,59,121,0.5,0.0
3,13,60,43,-0.5,0.0
3,13,61,127,0.5,0.0
3,13,62,124,-0.5,0.0
3,13,63,108,0.5,0.0
3,13,64,2,0.5,0.0
3,13,65,10,-0.5,0.0
3,13,66,101,0.5,0.0
3,13,67,1,-0.5,0.0
3,13,68,53,0.5,0.0
3,13,69,7,-0.5,0.0
3,13,70,4,0.5,0.0
3,13,71,6,0.5,0.0
3,13,72,29,0.5,0.0
3,13,73,11,-0.5,0.0
3,13,74,8,0.5,0.0
3,13,75,30,0.5,0.0
3,13,76,14,0.5,0.0
3,13,77,18,-0.5,0.0
3,13,78,99,-0.5,0.0
3,13,79,13,-0.5,0.0
3,13,80,9,0.5,0.0
3,13,81,19,-0.5,0.0
3,13,82,16,0.5,0.0
3,13,83,46,0.5,0.0
3,13,84,22,0.5,0.0
3,13,85,34,-0.5,0.0
3,13,86,111,-0.5,0.0
3,13,87,21,-0.5,0.0
3,13,88,26,0.5,0.0
3,13,89,58,-0.5,0.0
3,13,90,105,0.5,0.0
3,13,91,25,-0.5,0.0
3,13,92,51,-0.5,0.0
3,13,93,31,-0.5,0.0
3,13,94,28,0.5,0.0
3,13,95,54,0.5,0.0
3,13,96,3,-0.5,0.0
3,13,97,35,-0.5,0.0
3,13,98,32,0.5,0.0
3,13,99,78,0.5,0.0
3,13,100,38,0.5,0.0
3,13,101,66,-0.5,0.0
3,13,102,119,-0.5,0.0
3,13,103,37,-0.5,0.0
3,13,104,42,0.5,0.0
3,13,105,90,-0.5,0.0
3,13,106,113,0.5,0.0
3,13,107,41,-0.5,0.0
3,13,108,63,-0.5,0.0
3,13,109,47,-0.5,0.0
3,13,110,44,0.5,0.0
3,13,111,86,0.5,0.0
3,13,112,50,0.5,0.0
3,13,113,106,-0.5,0.0
3,13,114,125,0.5,0.0
3,13,115,49,-0.5,0.0
3,13,116,57,0.5,0.0
3,13,117,55,-0.5,0.0
3,13,118,52,0.5,0.0
3,13,119,102,0.5,0.0
3,13,120,27,-0.5,0.0
3,13,121,59,-0.5,0.0
3,13,122,56,0.5,0.0
3,13,123,126,0.5,0.0
3,13,124,62,0.5,0.0
3,13,125,114,-0.5,0.0
3,13,126,123,-0.5,0.0
3,13,127,61,-0.5,0.0
3,14,0,3,0.0,0.5
3,14,1,64,0.0,0.5
3,14,2,67,0.0,-0.5
3,14,3,0,0.0,0.5
3,14,4,69,0.0,-0.5
3,14,5,96,0.0,-0.5
3,14,6,65,0.0,-0.5
3,14,7,70,0.0,0.5
3,14,8,73,0.0,-0.5
3,14,9,48,0.0,-0.5
3,14,10,71,0.0,0.5
3,14,11,74,0.0,0.5
3,14,12,33,0.0,-0.5
3,14,13,76,0.0,0.5
3,14,14,79,0.0,-0.5
3,14,15,80,0.0,0.5
3,14,16,81,0.0,-0.5
3,14,17,24,0.0,-0.5
3,14,18,75,0.0,0.5
3,14,19,82,0.0,0.5
3,14,20,39,0.0,0.5
3,14,21,84,0.0,0.5
3,14,22,87,0.0,-0.5
3,14,23,40,0.0,0.5
3,14,24,17,0.0,-0.5
3,14,25,88,0.0,0.5
3,14,26,91,0.0,-0.5
3,14,27,72,0.0,0.5
3,14,28,93,0.0,-0.5
3,14,29,120,0.0,-0.5
3,14,30,77,0.0,-0.5
3,14,31,94,0.0,0.5
3,14,32,97,0.0,-0.5
3,14,33,12,0.0,-0.5
3,14,34,83,0.0,0.5
3,14,35,98,0.0,0.5
3,14,36,43,0.0,0.5
3,14,37,100,0.0,0.5
3,14,38,103,0.0,-0.5
3,14,39,20,0.0,0.5
3,14,40,23,0.0,0.5
3,14,41,104,0.0,0.5
3,14,42,107,0.0,-0.5
3,14,43,36,0.0,0.5
3,14,44,109,0.0,-0.5
3,14,45,60,0.0,-0.5
3,14,46,85,0.0,-0.5
3,14,47,110,0.0,0.5
3,14,48,9,0.0,-0.5
3,14,49,112,0.0,0.5
3,14,50,115,0.0,-0.5
3,14,51,68,0.0,0.5
3,14,52,117,0.0,-0.5
3,14,53,92,0.0,-0.5
3,14,54,89,0.0,-0.5
3,14,55,118,0.0,0.5
3,14,56,121,0.0,-0.5
3,14,57,108,0.0,-0.5
3,14,58,95,0.0,0.5
3,14,59,122,0.0,0.5
3,14,60,45,0.0,-0.5
3,14,61,124,0.0,0.5
3,14,62,127,0.0,-0.5
3,14,63,116,0.0,0.5
3,14,64,1,0.0,0.5
3,14,65,6,0.0,-0.5
3,14,66,99,0.0,0.5
3,14,67,2,0.0,-0.5
3,14,68,51,0.0,0.5
3,14,69,4,0.0,-0.5
3,14,70,7,0.0,0.5
3,14,71,10,0.0,0.5
3,14,72,27,0.0,0.5
3,14,73,8,0.0,-0.5
3,14,74,11,0.0,0.5
3,14,75,18,0.0,0.5
3,14,76,13,0.0,0.5
3,14,77,30,0.0,-0.5
3,14,78,101,0.0,-0.5
3,14,79,14,0.0,-0.5
3,14,80,15,0.0,0.5
3,14,81,16,0.0,-0.5
3,14,82,19,0.0,0.5
3,14,83,34,0.0,0.5
3,14,84,21,0.0,0.5
3,14,85,46,0.0,-0.5
3,14,86,105,0.0,-0.5
3,14,87,22,0.0,-0.5
3,14,88,25,0.0,0.5
3,14,89,54,0.0,-0.5
3,14,90,111,0.0,0.5
3,14,91,26,0.0,-0.5
3,14,92,53,0.0,-0.5
3,14,93,28,0.0,-0.5
3,14,94,31,0.0,0.5
3,14,95,58,0.0,0.5
3,14,96,5,0.0,-0.5
3,14,97,32,0.0,-0.5
3,14,98,35,0.0,0.5
3,14,99,66,0.0,0.5
3,14,100,37,0.0,0.5
3,14,101,78,0.0,-0.5
3,14,102,113,0.0,-0.5
3,14,103,38,0.0,-0.5
3,14,104,41,0.0,0.5
3,14,105,86,0.0,-0.5
3,14,106,119,0.0,0.5
3,14,107,42,0.0,-0.5
3,14,108,57,0.0,-0.5
3,14,109,44,0.0,-0.5
3,14,110,47,0.0,0.5
3,14,111,90,0.0,0.5
3,14,112,49,0.0,0.5
3,14,113,102,0.0,-0.5
3,14,114,123,0.0,0.5
3,14,115,50,0.0,-0.5
3,14,116,63,0.0,0.5
3,14,117,52,0.0,-0.5
3,14,118,55,0.0,0.5
3,14,119,106,0.0,0.5
3,14,120,29,0.0,-0.5
3,14,121,56,0.0,-0.5
3,14,122,59,0.0,0.5
3,14,123,114,0.0,0.5
3,14,124,61,0.0,0.5
3,14,125,126,0.0,-0.5
3,14,126,125,0.0,-0.5
3,14,127,62,0.0,-0.5
3,15,0,3,0.5,0.0
3,15,1,64,-0.5,0.0
3,15,2,67,-0.5,0.0
3,15,3,0,-0.5,0.0
3,15,4,69,-0.5,0.0
3,15,5,96,-0.5,0.0
3,15,6,65,0.5,0.0
3,15,7,70,-0.5,0.0
3,15,8,73,-0.5,0.0
3,15,9,48,-0.5,0.0
3,15,10,71,0.5,0.0
3,15,11,74,-0.5,0.0
3,15,12,33,0.5,0.0
3,15,13,76,-0.5,0.0
3,15,14,79,-0.5,0.0
3,15,15,80,-0.5,0.0
3,15,16,81,-0.5,0.0
3,15,17,24,-0.5,0.0
3,15,18,75,0.5,0.0
3,15,19,82,-0.5,0.0
3,15,20,39,0.5,0.0
3,15,21,84,-0.5,0.0
3,15,22,87,-0.5,0.0
3,15,23,40,-0.5,0.0
3,15,24,17,0.5,0.0
3,15,25,88,-0.5,0.0
3,15,26,91,-0.5,0.0
3,15,27,72,-0.5,0.0
3,15,28,93,-0.5,0.0
3,15,29,120,-0.5,0.0
3,15,30,77,0.5,0.0
3,15,31,94,-0.5,0.0
3,15,32,97,-0.5,0.0
3,15,33,12,-0.5,0.0
3,15,34,83,0.5,0.0
3,15,35,98,-0.5,0.0
3,15,36,43,0.5,0.0
3,15,37,100,-0.5,0.0
3,15,38,103,-0.5,0.0
3,15,39,20,-0.5,0.0
3,15,40,23,0.5,0.0
3,15,41,104,-0.5,0.0
3,15,42,107,-0.5,0.0
3,15,43,36,-0.5,0.0
3,15,44,109,-0.5,0.0
3,15,45,60,-0.5,0.0
3,15,46,85,0.5,0.0
3,15,47,110,-0.5,0.0
3,15,48,9,0.5,0.0
3,15,49,112,-0.5,0.0
3,15,50,115,-0.5,0.0
3,15,51,68,-0.5,0.0
3,15,52,117,-0.5,0.0
3,15,53,92,-0.5,0.0
3,15,54,89,0.5,0.0
3,15,55,118,-0.5,0.0
3,15,56,121,-0.5,0.0
3,15,57,108,-0.5,0.0
3,15,58,95,0.5,0.0
3,15,59,122,-0.5,0.0
3,15,60,45,0.5,0.0
3,15,61,124,-0.5,0.0
3,15,62,127,-0.5,0.0
3,15,63,116,-0.5,0.0
3,15,64,1,0.5,0.0
3,15,65,6,-0.5,0.0
3,15,66,99,0.5,0.0
3,15,67,2,0.5,0.0
3,15,68,51,0.5,0.0
3,15,69,4,0.5,0.0
3,15,70,7,0.5,0.0
3,15,71,10,-0.5,0.0
3,15,72,27,0.5,0.0
3,15,73,8,0.5,0.0
3,15,74,11,0.5,0.0
3,15,75,18,-0.5,0.0
3,15,76,13,0.5,0.0
3,15,77,30,-0.5,0.0
3,15,78,101,0.5,0.0
3,15,79,14,0.5,0.0
3,15,80,15,0.5,0.0
3,15,81,16,0.5,0.0
3,15,82,19,0.5,0.0
3,15,83,34,-0.5,0.0
3,15,84,21,0.5,0.0
3,15,85,46,-0.5,0.0
3,15,86,105,0.5,0.0
3,15,87,22,0.5,0.0
3,15,88,25,0.5,0.0
3,15,89,54,-0.5,0.0
3,15,90,111,0.5,0.0
3,15,91,26,0.5,0.0
3,15,92,53,0.5,0.0
3,15,93,28,0.5,0.0
3,15,94,31,0.5,0.0
3,15,95,58,-0.5,0.0
3,15,96,5,0.5,0.0
3,15,97,32,0.5,0.0
3,15,98,35,0.5,0.0
3,15,99,66,-0.5,0.0
3,15,100,37,0.5,0.0
3,15,101,78,-0.5,0.0
3,15,102,113,0.5,0.0
3,15,103,38,0.5,0.0
3,15,104,41,0.5,0.0
3,15,105,86,-0.5,0.0
3,15,106,119,0.5,0.0
3,15,107,42,0.5,0.0
3,15,108,57,0.5,0.0
3,15,109,44,0.5,0.0
3,15,110,47,0.5,0.0
3,15,111,90,-0.5,0.0
3,15,112,49,0.5,0.0
3,15,113,102,-0.5,0.0
3,15,114,123,0.5,0.0
3,15,115,50,0.5,0.0
3,15,116,63,0.5,0.0
3,15,117,52,0.5,0.0
3,15,118,55,0.5,0.0
3,15,119,106,-0.5,0.0
3,15,120,29,0.5,0.0
3,15,121,56,0.5,0.0
3,15,122,59,0.5,0.0
3,15,123,114,-0.5,0.0
3,15,124,61,0.5,0.0
3,15,125,126,-0.5,0.0
3,15,126,125,0.5,0.0
3,15,127,62,0.5,0.0
4,5,0,0,0.0,0.5
4,5,1,1,0.0,0.5
4,5,2,2,0.0,0.5
4,5,3,3,0.0,0.5
4,5,4,4,0.0,0.5
4,5,5,5,0.0,0.5
4,5,6,6,0.0,-0.5
4,5,7,7,0.0,0.5
4,5,8,8,0.0,0.5
4,5,9,9,0.0,0.5
4,5,10,10,0.0,-0.5
4,5,11,11,0.0,0.5
4,5,12,12,0.0,0.5
4,5,13,13,0.0,0.5
4,5,14,14,0.0,0.5
4,5,15,15,0.0,0.5
4,5,16,16,0.0,0.5
4,5,17,17,0.0,0.5
4,5,18,18,0.0,-0.5
4,5,19,19,0.0,0.5
4,5,20,20,0.0,0.5
4,5,21,21,0.0,0.5
4,5,22,22,0.0,0.5
4,5,23,23,0.0,0.5
4,5,24,24,0.0,0.5
4,5,25,25,0.0,0.5
4,5,26,26,0.0,0.5
4,5,27,27,0.0,0.5
4,5,28,28,0.0,0.5
4,5,29,29,0.0,0.5
4,5,30,30,0.0,-0.5
4,5,31,31,0.0,0.5
4,5,32,32,0.0,-0.5
4,5,33,33,0.0,0.5
4,5,34,34,0.0,-0.5
4,5,35,35,0.0,-0.5
4,5,36,36,0.0,0.5
4,5,37,37,0.0,-0.5
4,5,38,38,0.0,-0.5
4,5,39,39,0.0,0.5
4,5,40,40,0.0,0.5
4,5,41,41,0.0,-0.5
4,5,42,42,0.0,-0.5
4,5,43,43,0.0,0.5
4,5,44,44,0.0,-0.5
4,5,45,45,0.0,0.5
4,5,46,46,0.0,-0.5
4,5,47,47,0.0,-0.5
4,5,48,48,0.0,0.5
4,5,49,49,0.0,-0.5
4,5,50,50,0.0,-0.5
4,5,51,51,0.0,0.5
4,5,52,52,0.0,-0.5
4,5,53,53,0.0,0.5
4,5,54,54,0.0,-0.5
4,5,55,55,0.0,-0.5
4,5,56,56,0.0,-0.5
4,5,57,57,0.0,0.5
4,5,58,58,0.0,-0.5
4,5,59,59,0.0,-0.5
4,5,60,60,0.0,0.5
4,5,61,61,0.0,-0.5
4,5,62,62,0.0,-0.5
4,5,63,63,0.0,0.5
4,5,64,64,0.0,0.5
4,5,65,65,0.0,-0.5
4,5,66,66,0.0,-0.5
4,5,67,67,0.0,0.5
4,5,68,68,0.0,0.5
4,5,69,69,0.0,0.5
4,5,70,70,0.0,0.5
4,5,71,71,0.0,-0.5
4,5,72,72,0.0,0.5
4,5,73,73,0.0,0.5
4,5,74,74,0.0,0.5
4,5,75,75,0.0,-0.5
4,5,76,76,0.0,0.5
4,5,77,77,0.0,-0.5
4,5,78,78,0.0,-0.5
4,5,79,79,0.0,0.5
4,5,80,80,0.0,0.5
4,5,81,81,0.0,0.5
4,5,82,82,0.0,0.5
4,5,83,83,0.0,-0.5
4,5,84,84,0.0,0.5
4,5,85,85,0.0,-0.5
4,5,86,86,0.0,-0.5
4,5,87,87,0.0,0.5
4,5,88,88,0.0,0.5
4,5,89,89,0.0,-0.5
4,5,90,90,0.0,-0.5
4,5,91,91,0.0,0.5
4,5,92,92,0.0,0.5
4,5,93,93,0.0,0.5
4,5,94,94,0.0,0.5
4,5,95,95,0.0,-0.5
4,5,96,96,0.0,0.5
4,5,97,97,0.0,-0.5
4,5,98,98,0.0,-0.5
4,5,99,99,0.0,-0.5
4,5,100,100,0.0,-0.5
4,5,101,101,0.0,-0.5
4,5,102,102,0.0,-0.5
4,5,103,103,0.0,-0.5
4,5,104,104,0.0,-0.5
4,5,105,105,0.0,-0.5
4,5,106,106,0.0,-0.5
4,5,107,107,0.0,-0.5
4,5,108,108,0.0,0.5
4,5,109,109,0.0,-0.5
4,5,110,110,0.0,-0.5
4,5,111,111,0.0,-0.5
4,5,112,112,0.0,-0.5
4,5,113,113,0.0,-0.5
4,5,114,114,0.0,-0.5
4,5,115,115,0.0,-0.5
4,5,116,116,0.0,0.5
4,5,117,117,0.0,-0.5
4,5,118,118,0.0,-0.5
4,5,119,119,0.0,-0.5
4,5,120,120,0.0,0.5
4,5,121,121,0.0,-0.5
4,5,122,122,0.0,-0.5
4,5,123,123,0.0,-0.5
4,5,124,124,0.0,-0.5
4,5,125,125,0.0,-0.5
4,5,126,126,0.0,-0.5
4,5,127,127,0.0,-0.5
4,6,0,66,-0.5,0.0
4,6,1,49,-0.5,0.0
4,6,2,50,-0.5,0.0
4,6,3,99,-0.5,0.0
4,6,4,52,-0.5,0.0
4,6,5,101,-0.5,0.0
4,6,6,12,0.5,0.0
4,6,7,55,-0.5,0.0
4,6,8,56,-0.5,0.0
4,6,9,105,-0.5,0.0
4,6,10,20,0.5,0.0
4,6,11,59,-0.5,0.0
4,6,12,6,-0.5,0.0
4,6,13,61,-0.5,0.0
4,6,14,62,-0.5,0.0
4,6,15,111,-0.5,0.0
4,6,16,32,-0.5,0.0
4,6,17,113,-0.5,0.0
4,6,18,36,0.5,0.0
4,6,19,35,-0.5,0.0
4,6,20,10,-0.5,0.0
4,6,21,37,-0.5,0.0
4,6,22,38,-0.5,0.0
4,6,23,119,-0.5,0.0
4,6,24,102,-0.5,0.0
4,6,25,41,-0.5,0.0
4,6,26,42,-0.5,0.0
4,6,27,123,-0.5,0.0
4,6,28,44,-0.5,0.0
4,6,29,125,-0.5,0.0
4,6,30,60,0.5,0.0
4,6,31,47,-0.5,0.0
4,6,32,16,0.5,0.0
4,6,33,65,-0.5,0.0
4,6,34,68,0.5,0.0
4,6,35,19,0.5,0.0
4,6,36,18,-0.5,0.0
4,6,37,21,0.5,0.0
4,6,38,22,0.5,0.0
4,6,39,71,-0.5,0.0
4,6,40,106,-0.5,0.0
4,6,41,25,0.5,0.0
4,6,42,26,0.5,0.0
4,6,43,75,-0.5,0.0
4,6,44,28,0.5,0.0
4,6,45,77,-0.5,0.0
4,6,46,92,0.5,0.0
4,6,47,31,0.5,0.0
4,6,48,86,-0.5,0.0
4,6,49,1,0.5,0.0
4,6,50,2,0.5,0.0
4,6,51,83,-0.5,0.0
4,6,52,4,0.5,0.0
4,6,53,85,-0.5,0.0
4,6,54,108,0.5,0.0
4,6,55,7,0.5,0.0
4,6,56,8,0.5,0.0
4,6,57,89,-0.5,0.0
4,6,58,116,0.5,0.0
4,6,59,11,0.5,0.0
4,6,60,30,-0.5,0.0
4,6,61,13,0.5,0.0
4,6,62,14,0.5,0.0
4,6,63,95,-0.5,0.0
4,6,64,112,-0.5,0.0
4,6,65,33,0.5,0.0
4,6,66,0,0.5,0.0
4,6,67,115,-0.5,0.0
4,6,68,34,-0.5,0.0
4,6,69,117,-0.5,0.0
4,6,70,118,-0.5,0.0
4,6,71,39,0.5,0.0
4,6,72,114,-0.5,0.0
4,6,73,121,-0.5,0.0
4,6,74,122,-0.5,0.0
4,6,75,43,0.5,0.0
4,6,76,124,-0.5,0.0
4,6,77,45,0.5,0.0
4,6,78,96,0.5,0.0
4,6,79,127,-0.5,0.0
4,6,80,90,-0.5,0.0
4,6,81,97,-0.5,0.0
4,6,82,98,-0.5,0.0
4,6,83,51,0.5,0.0
4,6,84,100,-0.5,0.0
4,6,85,53,0.5,0.0
4,6,86,48,0.5,0.0
4,6,87,103,-0.5,0.0
4,6,88,104,-0.5,0.0
4,6,89,57,0.5,0.0
4,6,90,80,0.5,0.0
4,6,91,107,-0.5,0.0
4,6,92,46,-0.5,0.0
4,6,93,109,-0.5,0.0
4,6,94,110,-0.5,0.0
4,6,95,63,0.5,0.0
4,6,96,78,-0.5,0.0
4,6,97,81,0.5,0.0
4,6,98,82,0.5,0.0
4,6,99,3,0.5,0.0
4,6,100,84,0.5,0.0
4,6,101,5,0.5,0.0
4,6,102,24,0.5,0.0
4,6,103,87,0.5,0.0
4,6,104,88,0.5,0.0
4,6,105,9,0.5,0.0
4,6,106,40,0.5,0.0
4,6,107,91,0.5,0.0
4,6,108,54,-0.5,0.0
4,6,109,93,0.5,0.0
4,6,110,94,0.5,0.0
4,6,111,15,0.5,0.0
4,6,112,64,0.5,0.0
4,6,113,17,0.5,0.0
4,6,114,72,0.5,0.0
4,6,115,67,0.5,0.0
4,6,116,58,-0.5,0.0
4,6,117,69,0.5,0.0
4,6,118,70,0.5,0.0
4,6,119,23,0.5,0.0
4,6,120,126,-0.5,0.0
4,6,121,73,0.5,0.0
4,6,122,74,0.5,0.0
4,6,123,27,0.5,0.0
4,6,124,76,0.5,0.0
4,6,125,29,0.5,0.0
4,6,126,120,0.5,0.0
4,6,127,79,0.5,0.0
4,7,0,66,0.0,0.5
4,7,1,49,0.0,0.5
4,7,2,50,0.0,0.5
4,7,3,99,0.0,0.5
4,7,4,52,0.0,0.5
4,7,5,101,0.0,0.5
4,7,6,12,0.0,-0.5
4,7,7,55,0.0,0.5
4,7,8,56,0.0,0.5
4,7,9,105,0.0,0.5
4,7,10,20,0.0,-0.5
4,7,11,59,0.0,0.5
4,7,12,6,0.0,-0.5
4,7,13,61,0.0,0.5
4,7,14,62,0.0,0.5
4,7,15,111,0.0,0.5
4,7,16,32,0.0,-0.5
4,7,17,113,0.0,0.5
4,7,18,36,0.0,-0.5
4,7,19,35,0.0,-0.5
4,7,20,10,0.0,-0.5
4,7,21,37,0.0,-0.5
4,7,22,38,0.0,-0.5
4,7,23,119,0.0,0.5
4,7,24,102,0.0,0.5
4,7,25,41,0.0,-0.5
4,7,26,42,0.0,-0.5
4,7,27,123,0.0,0.5
4,7,28,44,0.0,-0.5
4,7,29,125,0.0,0.5
4,7,30,60,0.0,-0.5
4,7,31,47,0.0,-0.5
4,7,32,16,0.0,-0.5
4,7,33,65,0.0,-0.5
4,7,34,68,0.0,-0.5
4,7,35,19,0.0,-0.5
4,7,36,18,0.0,-0.5
4,7,37,21,0.0,-0.5
4,7,38,22,0.0,-0.5
4,7,39,71,0.0,-0.5
4,7,40,106,0.0,0.5
4,7,41,25,0.0,-0.5
4,7,42,26,0.0,-0.5
4,7,43,75,0.0,-0.5
4,7,44,28,0.0,-0.5
4,7,45,77,0.0,-0.5
4,7,46,92,0.0,-0.5
4,7,47,31,0.0,-0.5
4,7,48,86,0.0,0.5
4,7,49,1,0.0,0.5
4,7,50,2,0.0,0.5
4,7,51,83,0.0,-0.5
4,7,52,4,0.0,0.5
4,7,53,85,0.0,-0.5
4,7,54,108,0.0,-0.5
4,7,55,7,0.0,0.5
4,7,56,8,0.0,0.5
4,7,57,89,0.0,-0.5
4,7,58,116,0.0,-0.5
4,7,59,11,0.0,0.5
4,7,60,30,0.0,-0.5
4,7,61,13,0.0,0.5
4,7,62,14,0.0,0.5
4,7,63,95,0.0,-0.5
4,7,64,112,0.0,0.5
4,7,65,33,0.0,-0.5
4,7,66,0,0.0,0.5
4,7,67,115,0.0,0.5
4,7,68,34,0.0,-0.5
4,7,69,117,0.0,0.5
4,7,70,118,0.0,0.5
4,7,71,39,0.0,-0.5
4,7,72,114,0.0,0.5
4,7,73,121,0.0,0.5
4,7,74,122,0.0,0.5
4,7,75,43,0.0,-0.5
4,7,76,124,0.0,0.5
4,7,77,45,0.0,-0.5
4,7,78,96,0.0,0.5
4,7,79,127,0.0,0.5
4,7,80,90,0.0,0.5
4,7,81,97,0.0,-0.5
4,7,82,98,0.0,-0.5
4,7,83,51,0.0,-0.5
4,7,84,100,0.0,-0.5
4,7,85,53,0.0,-0.5
4,7,86,48,0.0,0.5
4,7,87,103,0.0,-0.5
4,7,88,104,0.0,-0.5
4,7,89,57,0.0,-0.5
4,7,90,80,0.0,0.5
4,7,91,107,0.0,-0.5
4,7,92,46,0.0,-0.5
4,7,93,109,0.0,-0.5
4,7,94,110,0.0,-0.5
4,7,95,63,0.0,-0.5
4,7,96,78,0.0,0.5
4,7,97,81,0.0,-0.5
4,7,98,82,0.0,-0.5
4,7,99,3,0.0,0.5
4,7,100,84,0.0,-0.5
4,7,101,5,0.0,0.5
4,7,102,24,0.0,0.5
4,7,103,87,0.0,-0.5
4,7,104,88,0.0,-0.5
4,7,105,9,0.0,0.5
4,7,106,40,0.0,0.5
4,7,107,91,0.0,-0.5
4,7,108,54,0.0,-0.5
4,7,109,93,0.0,-0.5
4,7,110,94,0.0,-0.5
4,7,111,15,0.0,0.5
4,7,112,64,0.0,0.5
4,7,113,17,0.0,0.5
4,7,114,72,0.0,0.5
4,7,115,67,0.0,0.5
4,7,116,58,0.0,-0.5
4,7,117,69,0.0,0.5
4,7,118,70,0.0,0.5
4,7,119,23,0.0,0.5
4,7,120,126,0.0,0.5
4,7,121,73,0.0,0.5
4,7,122,74,0.0,0.5
4,7,123,27,0.0,0.5
4,7,124,76,0.0,0.5
4,7,125,29,0.0,0.5
4,7,126,120,0.0,0.5
4,7,127,79,0.0,0.5
4,8,0,34,-0.5,0.0
4,8,1,41,-0.5,0.0
4,8,2,42,-0.5,0.0
4,8,3,83,-0.5,0.0
4,8,4,44,-0.5,0.0
4,8,5,85,-0.5,0.0
4,8,6,24,0.5,0.0
4,8,7,47,-0.5,0.0
4,8,8,32,-0.5,0.0
4,8,9,89,-0.5,0.0
4,8,10,40,0.5,0.0
4,8,11,35,-0.5,0.0
4,8,12,102,0.5,0.0
4,8,13,37,-0.5,0.0
4,8,14,38,-0.5,0.0
4,8,15,95,-0.5,0.0
4,8,16,56,0.5,0.0
4,8,17,65,-0.5,0.0
4,8,18,72,0.5,0.0
4,8,19,59,0.5,0.0
4,8,20,106,0.5,0.0
4,8,21,61,0.5,0.0
4,8,22,62,0.5,0.0
4,8,23,71,-0.5,0.0
4,8,24,6,-0.5,0.0
4,8,25,49,0.5,0.0
4,8,26,50,0.5,0.0
4,8,27,75,-0.5,0.0
4,8,28,52,0.5,0.0
4,8,29,77,-0.5,0.0
4,8,30,120,0.5,0.0
4,8,31,55,0.5,0.0
4,8,32,8,0.5,0.0
4,8,33,113,0.5,0.0
4,8,34,0,0.5,0.0
4,8,35,11,0.5,0.0
4,8,36,114,0.5,0.0
4,8,37,13,0.5,0.0
4,8,38,14,0.5,0.0
4,8,39,119,0.5,0.0
4,8,40,10,-0.5,0.0
4,8,41,1,0.5,0.0
4,8,42,2,0.5,0.0
4,8,43,123,0.5,0.0
4,8,44,4,0.5,0.0
4,8,45,125,0.5,0.0
4,8,46,96,0.5,0.0
4,8,47,7,0.5,0.0
4,8,48,54,-0.5,0.0
4,8,49,25,-0.5,0.0
4,8,50,26,-0.5,0.0
4,8,51,99,0.5,0.0
4,8,52,28,-0.5,0.0
4,8,53,101,0.5,0.0
4,8,54,48,0.5,0.0
4,8,55,31,-0.5,0.0
4,8,56,16,-0.5,0.0
4,8,57,105,0.5,0.0
4,8,58,80,0.5,0.0
4,8,59,19,-0.5,0.0
4,8,60,126,0.5,0.0
4,8,61,21,-0.5,0.0
4,8,62,22,-0.5,0.0
4,8,63,111,0.5,0.0
4,8,64,104,-0.5,0.0
4,8,65,17,0.5,0.0
4,8,66,68,-0.5,0.0
4,8,67,107,-0.5,0.0
4,8,68,66,0.5,0.0
4,8,69,109,-0.5,0.0
4,8,70,110,-0.5,0.0
4,8,71,23,0.5,0.0
4,8,72,18,-0.5,0.0
4,8,73,97,-0.5,0.0
4,8,74,98,-0.5,0.0
4,8,75,27,0.5,0.0
4,8,76,100,-0.5,0.0
4,8,77,29,0.5,0.0
4,8,78,92,-0.5,0.0
4,8,79,103,-0.5,0.0
4,8,80,58,-0.5,0.0
4,8,81,121,0.5,0.0
4,8,82,122,0.5,0.0
4,8,83,3,0.5,0.0
4,8,84,124,0.5,0.0
4,8,85,5,0.5,0.0
4,8,86,108,-0.5,0.0
4,8,87,127,0.5,0.0
4,8,88,112,0.5,0.0
4,8,89,9,0.5,0.0
4,8,90,116,-0.5,0.0
4,8,91,115,0.5,0.0
4,8,92,78,0.5,0.0
4,8,93,117,0.5,0.0
4,8,94,118,0.5,0.0
4,8,95,15,0.5,0.0
4,8,96,46,-0.5,0.0
4,8,97,73,0.5,0.0
4,8,98,74,0.5,0.0
4,8,99,51,-0.5,0.0
4,8,100,76,0.5,0.0
4,8,101,53,-0.5,0.0
4,8,102,12,-0.5,0.0
4,8,103,79,0.5,0.0
4,8,104,64,0.5,0.0
4,8,105,57,-0.5,0.0
4,8,106,20,-0.5,0.0
4,8,107,67,0.5,0.0
4,8,108,86,0.5,0.0
4,8,109,69,0.5,0.0
4,8,110,70,0.5,0.0
4,8,111,63,-0.5,0.0
4,8,112,88,-0.5,0.0
4,8,113,33,-0.5,0.0
4,8,114,36,-0.5,0.0
4,8,115,91,-0.5,0.0
4,8,116,90,0.5,0.0
4,8,117,93,-0.5,0.0
4,8,118,94,-0.5,0.0
4,8,119,39,-0.5,0.0
4,8,120,30,-0.5,0.0
4,8,121,81,-0.5,0.0
4,8,122,82,-0.5,0.0
4,8,123,43,-0.5,0.0
4,8,124,84,-0.5,0.0
4,8,125,45,-0.5,0.0
4,8,126,60,-0.5,0.0
4,8,127,87,-0.5,0.0
4,9,0,34,0.0,0.5
4,9,1,41,0.0,0.5
4,9,2,42,0.0,0.5
4,9,3,83,0.0,0.5
4,9,4,44,0.0,0.5
4,9,5,85,0.0,0.5
4,9,6,24,0.0,-0.5
4,9,7,47,0.0,0.5
4,9,8,32,0.0,-0.5
4,9,9,89,0.0,0.5
4,9,10,40,0.0,-0.5
4,9,11,35,0.0,-0.5
4,9,12,102,0.0,-0.5
4,9,13,37,0.0,-0.5
4,9,14,38,0.0,-0.5
4,9,15,95,0.0,0.5
4,9,16,56,0.0,-0.5
4,9,17,65,0.0,-0.5
4,9,18,72,0.0,-0.5
4,9,19,59,0.0,-0.5
4,9,20,106,0.0,-0.5
4,9,21,61,0.0,-0.5
4,9,22,62,0.0,-0.5
4,9,23,71,0.0,-0.5
4,9,24,6,0.0,-0.5
4,9,25,49,0.0,0.5
4,9,26,50,0.0,0.5
4,9,27,75,0.0,-0.5
4,9,28,52,0.0,0.5
4,9,29,77,0.0,-0.5
4,9,30,120,0.0,-0.5
4,9,31,55,0.0,0.5
4,9,32,8,0.0,-0.5
4,9,33,113,0.0,-0.5
4,9,34,0,0.0,0.5
4,9,35,11,0.0,-0.5
4,9,36,114,0.0,-0.5
4,9,37,13,0.0,-0.5
4,9,38,14,0.0,-0.5
4,9,39,119,0.0,-0.5
4,9,40,10,0.0,-0.5
4,9,41,1,0.0,0.5
4,9,42,2,0.0,0.5
4,9,43,123,0.0,-0.5
4,9,44,4,0.0,0.5
4,9,45,125,0.0,-0.5
4,9,46,96,0.0,0.5
4,9,47,7,0.0,0.5
4,9,48,54,0.0,0.5
4,9,49,25,0.0,0.5
4,9,50,26,0.0,0.5
4,9,51,99,0.0,0.5
4,9,52,28,0.0,0.5
4,9,53,101,0.0,0.5
4,9,54,48,0.0,0.5
4,9,55,31,0.0,0.5
4,9,56,16,0.0,-0.5
4,9,57,105,0.0,0.5
4,9,58,80,0.0,0.5
4,9,59,19,0.0,-0.5
4,9,60,126,0.0,-0.5
4,9,61,21,0.0,-0.5
4,9,62,22,0.0,-0.5
4,9,63,111,0.0,0.5
4,9,64,104,0.0,0.5
4,9,65,17,0.0,-0.5
4,9,66,68,0.0,0.5
4,9,67,107,0.0,0.5
4,9,68,66,0.0,0.5
4,9,69,109,0.0,0.5
4,9,70,110,0.0,0.5
4,9,71,23,0.0,-0.5
4,9,72,18,0.0,-0.5
4,9,73,97,0.0,-0.5
4,9,74,98,0.0,-0.5
4,9,75,27,0.0,-0.5
4,9,76,100,0.0,-0.5
4,9,77,29,0.0,-0.5
4,9,78,92,0.0,0.5
4,9,79,103,0.0,-0.5
4,9,80,58,0.0,0.5
4,9,81,121,0.0,-0.5
4,9,82,122,0.0,-0.5
4,9,83,3,0.0,0.5
4,9,84,124,0.0,-0.5
4,9,85,5,0.0,0.5
4,9,86,108,0.0,0.5
4,9,87,127,0.0,-0.5
4,9,88,112,0.0,0.5
4,9,89,9,0.0,0.5
4,9,90,116,0.0,0.5
4,9,91,115,0.0,0.5
4,9,92,78,0.0,0.5
4,9,93,117,0.0,0.5
4,9,94,118,0.0,0.5
4,9,95,15,0.0,0.5
4,9,96,46,0.0,0.5
4,9,97,73,0.0,-0.5
4,9,98,74,0.0,-0.5
4,9,99,51,0.0,0.5
4,9,100,76,0.0,-0.5
4,9,101,53,0.0,0.5
4,9,102,12,0.0,-0.5
4,9,103,79,0.0,-0.5
4,9,104,64,0.0,0.5
4,9,105,57,0.0,0.5
4,9,106,20,0.0,-0.5
4,9,107,67,0.0,0.5
4,9,108,86,0.0,0.5
4,9,109,69,0.0,0.5
4,9,110,70,0.0,0.5
4,9,111,63,0.0,0.5
4,9,112,88,0.0,0.5
4,9,113,33,0.0,-0.5
4,9,114,36,0.0,-0.5
4,9,115,91,0.0,0.5
4,9,116,90,0.0,0.5
4,9,117,93,0.0,0.5
4,9,118,94,0.0,0.5
4,9,119,39,0.0,-0.5
4,9,120,30,0.0,-0.5
4,9,121,81,0.0,-0.5
4,9,122,82,0.0,-0.5
4,9,123,43,0.0,-0.5
4,9,124,84,0.0,-0.5
4,9,125,45,0.0,-0.5
4,9,126,60,0.0,-0.5
4,9,127,87,0.0,-0.5
4,10,0,18,-0.5,0.0
4,10,1,37,-0.5,0.0
4,10,2,38,-0.5,0.0
4,10,3,75,-0.5,0.0
4,10,4,32,-0.5,0.0
4,10,5,77,-0.5,0.0
4,10,6,48,0.5,0.0
4,10,7,35,-0.5,0.0
4,10,8,44,0.5,0.0
4,10,9,65,-0.5,0.0
4,10,10,80,0.5,0.0
4,10,11,47,0.5,0.0
4,10,12,86,0.5,0.0
4,10,13,41,0.5,0.0
4,10,14,42,0.5,0.0
4,10,15,71,-0.5,0.0
4,10,16,52,0.5,0.0
4,10,17,89,0.5,0.0
4,10,18,0,0.5,0.0
4,10,19,55,0.5,0.0
4,10,20,90,0.5,0.0
4,10,21,49,0.5,0.0
4,10,22,50,0.5,0.0
4,10,23,95,0.5,0.0
4,10,24,54,0.5,0.0
4,10,25,61,-0.5,0.0
4,10,26,62,-0.5,0.0
4,10,27,83,0.5,0.0
4,10,28,56,-0.5,0.0
4,10,29,85,0.5,0.0
4,10,30,96,0.5,0.0
4,10,31,59,-0.5,0.0
4,10,32,4,0.5,0.0
4,10,33,105,0.5,0.0
4,10,34,72,-0.5,0.0
4,10,35,7,0.5,0.0
4,10,36,66,0.5,0.0
4,10,37,1,0.5,0.0
4,10,38,2,0.5,0.0
4,10,39,111,0.5,0.0
4,10,40,58,0.5,0.0
4,10,41,13,-0.5,0.0
4,10,42,14,-0.5,0.0
4,10,43,99,0.5,0.0
4,10,44,8,-0.5,0.0
4,10,45,101,0.5,0.0
4,10,46,120,-0.5,0.0
4,10,47,11,-0.5,0.0
4,10,48,6,-0.5,0.0
4,10,49,21,-0.5,0.0
4,10,50,22,-0.5,0.0
4,10,51,123,-0.5,0.0
4,10,52,16,-0.5,0.0
4,10,53,125,-0.5,0.0
4,10,54,24,-0.5,0.0
4,10,55,19,-0.5,0.0
4,10,56,28,0.5,0.0
4,10,57,113,-0.5,0.0
4,10,58,40,-0.5,0.0
4,10,59,31,0.5,0.0
4,10,60,78,0.5,0.0
4,10,61,25,0.5,0.0
4,10,62,26,0.5,0.0
4,10,63,119,-0.5,0.0
4,10,64,100,-0.5,0.0
4,10,65,9,0.5,0.0
4,10,66,36,-0.5,0.0
4,10,67,103,-0.5,0.0
4,10,68,114,-0.5,0.0
4,10,69,97,-0.5,0.0
4,10,70,98,-0.5,0.0
4,10,71,15,0.5,0.0
4,10,72,34,0.5,0.0
4,10,73,109,0.5,0.0
4,10,74,110,0.5,0.0
4,10,75,3,0.5,0.0
4,10,76,104,0.5,0.0
4,10,77,5,0.5,0.0
4,10,78,60,-0.5,0.0
4,10,79,107,0.5,0.0
4,10,80,10,-0.5,0.0
4,10,81,117,0.5,0.0
4,10,82,118,0.5,0.0
4,10,83,27,-0.5,0.0
4,10,84,112,0.5,0.0
4,10,85,29,-0.5,0.0
4,10,86,12,-0.5,0.0
4,10,87,115,0.5,0.0
4,10,88,124,-0.5,0.0
4,10,89,17,-0.5,0.0
4,10,90,20,-0.5,0.0
4,10,91,127,-0.5,0.0
4,10,92,126,-0.5,0.0
4,10,93,121,-0.5,0.0
4,10,94,122,-0.5,0.0
4,10,95,23,-0.5,0.0
4,10,96,30,-0.5,0.0
4,10,97,69,0.5,0.0
4,10,98,70,0.5,0.0
4,10,99,43,-0.5,0.0
4,10,100,64,0.5,0.0
4,10,101,45,-0.5,0.0
4,10,102,108,0.5,0.0
4,10,103,67,0.5,0.0
4,10,104,76,-0.5,0.0
4,10,105,33,-0.5,0.0
4,10,106,116,0.5,0.0
4,10,107,79,-0.5,0.0
4,10,108,102,-0.5,0.0
4,10,109,73,-0.5,0.0
4,10,110,74,-0.5,0.0
4,10,111,39,-0.5,0.0
4,10,112,84,-0.5,0.0
4,10,113,57,0.5,0.0
4,10,114,68,0.5,0.0
4,10,115,87,-0.5,0.0
4,10,116,106,-0.5,0.0
4,10,117,81,-0.5,0.0
4,10,118,82,-0.5,0.0
4,10,119,63,0.5,0.0
4,10,120,46,0.5,0.0
4,10,121,93,0.5,0.0
4,10,122,94,0.5,0.0
4,10,123,51,0.5,0.0
4,10,124,88,0.5,0.0
4,10,125,53,0.5,0.0
4,10,126,92,0.5,0.0
4,10,127,91,0.5,0.0
4,11,0,18,0.0,0.5
4,11,1,37,0.0,0.5
4,11,2,38,0.0,0.5
4,11,3,75,0.0,0.5
4,11,4,32,0.0,-0.5
4,11,5,77,0.0,0.5
4,11,6,48,0.0,-0.5
4,11,7,35,0.0,-0.5
4,11,8,44,0.0,-0.5
4,11,9,65,0.0,-0.5
4,11,10,80,0.0,-0.5
4,11,11,47,0.0,-0.5
4,11,12,86,0.0,-0.5
4,11,13,41,0.0,0.5
4,11,14,42,0.0,0.5
4,11,15,71,0.0,-0.5
4,11,16,52,0.0,-0.5
4,11,17,89,0.0,-0.5
4,11,18,0,0.0,0.5
4,11,19,55,0.0,-0.5
4,11,20,90,0.0,-0.5
4,11,21,49,0.0,0.5
4,11,22,50,0.0,0.5
4,11,23,95,0.0,-0.5
4,11,24,54,0.0,-0.5
4,11,25,61,0.0,0.5
4,11,26,62,0.0,0.5
4,11,27,83,0.0,0.5
4,11,28,56,0.0,-0.5
4,11,29,85,0.0,0.5
4,11,30,96,0.0,0.5
4,11,31,59,0.0,-0.5
4,11,32,4,0.0,-0.5
4,11,33,105,0.0,-0.5
4,11,34,72,0.0,0.5
4,11,35,7,0.0,-0.5
4,11,36,66,0.0,0.5
4,11,37,1,0.0,0.5
4,11,38,2,0.0,0.5
4,11,39,111,0.0,-0.5
4,11,40,58,0.0,-0.5
4,11,41,13,0.0,0.5
4,11,42,14,0.0,0.5
4,11,43,99,0.0,0.5
4,11,44,8,0.0,-0.5
4,11,45,101,0.0,0.5
4,11,46,120,0.0,0.5
4,11,47,11,0.0,-0.5
4,11,48,6,0.0,-0.5
4,11,49,21,0.0,0.5
4,11,50,22,0.0,0.5
4,11,51,123,0.0,0.5
4,11,52,16,0.0,-0.5
4,11,53,125,0.0,0.5
4,11,54,24,0.0,-0.5
4,11,55,19,0.0,-0.5
4,11,56,28,0.0,-0.5
4,11,57,113,0.0,-0.5
4,11,58,40,0.0,-0.5
4,11,59,31,0.0,-0.5
4,11,60,78,0.0,0.5
4,11,61,25,0.0,0.5
4,11,62,26,0.0,0.5
4,11,63,119,0.0,-0.5
4,11,64,100,0.0,0.5
4,11,65,9,0.0,-0.5
4,11,66,36,0.0,0.5
4,11,67,103,0.0,0.5
4,11,68,114,0.0,0.5
4,11,69,97,0.0,-0.5
4,11,70,98,0.0,-0.5
4,11,71,15,0.0,-0.5
4,11,72,34,0.0,0.5
4,11,73,109,0.0,-0.5
4,11,74,110,0.0,-0.5
4,11,75,3,0.0,0.5
4,11,76,104,0.0,0.5
4,11,77,5,0.0,0.5
4,11,78,60,0.0,0.5
4,11,79,107,0.0,0.5
4,11,80,10,0.0,-0.5
4,11,81,117,0.0,-0.5
4,11,82,118,0.0,-0.5
4,11,83,27,0.0,0.5
4,11,84,112,0.0,0.5
4,11,85,29,0.0,0.5
4,11,86,12,0.0,-0.5
4,11,87,115,0.0,0.5
4,11,88,124,0.0,0.5
4,11,89,17,0.0,-0.5
4,11,90,20,0.0,-0.5
4,11,91,127,0.0,0.5
4,11,92,126,0.0,0.5
4,11,93,121,0.0,-0.5
4,11,94,122,0.0,-0.5
4,11,95,23,0.0,-0.5
4,11,96,30,0.0,0.5
4,11,97,69,0.0,-0.5
4,11,98,70,0.0,-0.5
4,11,99,43,0.0,0.5
4,11,100,64,0.0,0.5
4,11,101,45,0.0,0.5
4,11,102,108,0.0,-0.5
4,11,103,67,0.0,0.5
4,11,104,76,0.0,0.5
4,11,105,33,0.0,-0.5
4,11,106,116,0.0,-0.5
4,11,107,79,0.0,0.5
4,11,108,102,0.0,-0.5
4,11,109,73,0.0,-0.5
4,11,110,74,0.0,-0.5
4,11,111,39,0.0,-0.5
4,11,112,84,0.0,0.5
4,11,113,57,0.0,-0.5
4,11,114,68,0.0,0.5
4,11,115,87,0.0,0.5
4,11,116,106,0.0,-0.5
4,11,117,81,0.0,-0.5
4,11,118,82,0.0,-0.5
4,11,119,63,0.0,-0.5
4,11,120,46,0.0,0.5
4,11,121,93,0.0,-0.5
4,11,122,94,0.0,-0.5
4,11,123,51,0.0,0.5
4,11,124,88,0.0,0.5
4,11,125,53,0.0,0.5
4,11,126,92,0.0,0.5
4,11,127,91,0.0,0.5
4,12,0,10,-0.5,0.0
4,12,1,35,-0.5,0.0
4,12,2,32,-0.5,0.0
4,12,3,71,-0.5,0.0
4,12,4,38,0.5,0.0
4,12,5,65,-0.5,0.0
4,12,6,96,0.5,0.0
4,12,7,37,0.5,0.0
4,12,8,42,0.5,0.0
4,12,9,77,0.5,0.0
4,12,10,0,0.5,0.0
4,12,11,41,0.5,0.0
4,12,12,78,0.5,0.0
4,12,13,47,-0.5,0.0
4,12,14,44,-0.5,0.0
4,12,15,75,0.5,0.0
4,12,16,50,0.5,0.0
4,12,17,85,0.5,0.0
4,12,18,80,-0.5,0.0
4,12,19,49,0.5,0.0
4,12,20,66,0.5,0.0
4,12,21,55,-0.5,0.0
4,12,22,52,-0.5,0.0
4,12,23,83,0.5,0.0
4,12,24,46,0.5,0.0
4,12,25,59,-0.5,0.0
4,12,26,56,-0.5,0.0
4,12,27,95,-0.5,0.0
4,12,28,62,0.5,0.0
4,12,29,89,-0.5,0.0
4,12,30,48,-0.5,0.0
4,12,31,61,0.5,0.0
4,12,32,2,0.5,0.0
4,12,33,101,0.5,0.0
4,12,34,40,-0.5,0.0
4,12,35,1,0.5,0.0
4,12,36,90,-0.5,0.0
4,12,37,7,-0.5,0.0
4,12,38,4,-0.5,0.0
4,12,39,99,0.5,0.0
4,12,40,34,0.5,0.0
4,12,41,11,-0.5,0.0
4,12,42,8,-0.5,0.0
4,12,43,111,-0.5,0.0
4,12,44,14,0.5,0.0
4,12,45,105,-0.5,0.0
4,12,46,24,-0.5,0.0
4,12,47,13,0.5,0.0
4,12,48,30,0.5,0.0
4,12,49,19,-0.5,0.0
4,12,50,16,-0.5,0.0
4,12,51,119,-0.5,0.0
4,12,52,22,0.5,0.0
4,12,53,113,-0.5,0.0
4,12,54,120,0.5,0.0
4,12,55,21,0.5,0.0
4,12,56,26,0.5,0.0
4,12,57,125,0.5,0.0
4,12,58,72,0.5,0.0
4,12,59,25,0.5,0.0
4,12,60,86,-0.5,0.0
4,12,61,31,-0.5,0.0
4,12,62,28,-0.5,0.0
4,12,63,123,0.5,0.0
4,12,64,98,-0.5,0.0
4,12,65,5,0.5,0.0
4,12,66,20,-0.5,0.0
4,12,67,97,-0.5,0.0
4,12,68,106,-0.5,0.0
4,12,69,103,0.5,0.0
4,12,70,100,0.5,0.0
4,12,71,3,0.5,0.0
4,12,72,58,-0.5,0.0
4,12,73,107,0.5,0.0
4,12,74,104,0.5,0.0
4,12,75,15,-0.5,0.0
4,12,76,110,-0.5,0.0
4,12,77,9,-0.5,0.0
4,12,78,12,-0.5,0.0
4,12,79,109,-0.5,0.0
4,12,80,18,0.5,0.0
4,12,81,115,0.5,0.0
4,12,82,112,0.5,0.0
4,12,83,23,-0.5,0.0
4,12,84,118,-0.5,0.0
4,12,85,17,-0.5,0.0
4,12,86,60,0.5,0.0
4,12,87,117,-0.5,0.0
4,12,88,122,-0.5,0.0
4,12,89,29,0.5,0.0
4,12,90,36,0.5,0.0
4,12,91,121,-0.5,0.0
4,12,92,102,-0.5,0.0
4,12,93,127,0.5,0.0
4,12,94,124,0.5,0.0
4,12,95,27,0.5,0.0
4,12,96,6,-0.5,0.0
4,12,97,67,0.5,0.0
4,12,98,64,0.5,0.0
4,12,99,39,-0.5,0.0
4,12,100,70,-0.5,0.0
4,12,101,33,-0.5,0.0
4,12,102,92,0.5,0.0
4,12,103,69,-0.5,0.0
4,12,104,74,-0.5,0.0
4,12,105,45,0.5,0.0
4,12,106,68,0.5,0.0
4,12,107,73,-0.5,0.0
4,12,108,126,0.5,0.0
4,12,109,79,0.5,0.0
4,12,110,76,0.5,0.0
4,12,111,43,0.5,0.0
4,12,112,82,-0.5,0.0
4,12,113,53,0.5,0.0
4,12,114,116,-0.5,0.0
4,12,115,81,-0.5,0.0
4,12,116,114,0.5,0.0
4,12,117,87,0.5,0.0
4,12,118,84,0.5,0.0
4,12,119,51,0.5,0.0
4,12,120,54,-0.5,0.0
4,12,121,91,0.5,0.0
4,12,122,88,0.5,0.0
4,12,123,63,-0.5,0.0
4,12,124,94,-0.5,0.0
4,12,125,57,-0.5,0.0
4,12,126,108,-0.5,0.0
4,12,127,93,-0.5,0.0
4,13,0,10,0.0,0.5
4,13,1,35,0.0,0.5
4,13,2,32,0.0,-0.5
4,13,3,71,0.0,0.5
4,13,4,38,0.0,-0.5
4,13,5,65,0.0,-0.5
4,13,6,96,0.0,-0.5
4,13,7,37,0.0,0.5
4,13,8,42,0.0,-0.5
4,13,9,77,0.0,-0.5
4,13,10,0,0.0,0.5
4,13,11,41,0.0,0.5
4,13,12,78,0.0,-0.5
4,13,13,47,0.0,0.5
4,13,14,44,0.0,-0.5
4,13,15,75,0.0,0.5
4,13,16,50,0.0,-0.5
4,13,17,85,0.0,-0.5
4,13,18,80,0.0,0.5
4,13,19,49,0.0,0.5
4,13,20,66,0.0,0.5
4,13,21,55,0.0,0.5
4,13,22,52,0.0,-0.5
4,13,23,83,0.0,0.5
4,13,24,46,0.0,-0.5
4,13,25,59,0.0,0.5
4,13,26,56,0.0,-0.5
4,13,27,95,0.0,0.5
4,13,28,62,0.0,-0.5
4,13,29,89,0.0,-0.5
4,13,30,48,0.0,-0.5
4,13,31,61,0.0,0.5
4,13,32,2,0.0,-0.5
4,13,33,101,0.0,-0.5
4,13,34,40,0.0,0.5
4,13,35,1,0.0,0.5
4,13,36,90,0.0,0.5
4,13,37,7,0.0,0.5
4,13,38,4,0.0,-0.5
4,13,39,99,0.0,0.5
4,13,40,34,0.0,0.5
4,13,41,11,0.0,0.5
4,13,42,8,0.0,-0.5
4,13,43,111,0.0,0.5
4,13,44,14,0.0,-0.5
4,13,45,105,0.0,-0.5
4,13,46,24,0.0,-0.5
4,13,47,13,0.0,0.5
4,13,48,30,0.0,-0.5
4,13,49,19,0.0,0.5
4,13,50,16,0.0,-0.5
4,13,51,119,0.0,0.5
4,13,52,22,0.0,-0.5
4,13,53,113,0.0,-0.5
4,13,54,120,0.0,-0.5
4,13,55,21,0.0,0.5
4,13,56,26,0.0,-0.5
4,13,57,125,0.0,-0.5
4,13,58,72,0.0,0.5
4,13,59,25,0.0,0.5
4,13,60,86,0.0,-0.5
4,13,61,31,0.0,0.5
4,13,62,28,0.0,-0.5
4,13,63,123,0.0,0.5
4,13,64,98,0.0,0.5
4,13,65,5,0.0,-0.5
4,13,66,20,0.0,0.5
4,13,67,97,0.0,-0.5
4,13,68,106,0.0,0.5
4,13,69,103,0.0,-0.5
4,13,70,100,0.0,0.5
4,13,71,3,0.0,0.5
4,13,72,58,0.0,0.5
4,13,73,107,0.0,-0.5
4,13,74,104,0.0,0.5
4,13,75,15,0.0,0.5
4,13,76,110,0.0,0.5
4,13,77,9,0.0,-0.5
4,13,78,12,0.0,-0.5
4,13,79,109,0.0,-0.5
4,13,80,18,0.0,0.5
4,13,81,115,0.0,-0.5
4,13,82,112,0.0,0.5
4,13,83,23,0.0,0.5
4,13,84,118,0.0,0.5
4,13,85,17,0.0,-0.5
4,13,86,60,0.0,-0.5
4,13,87,117,0.0,-0.5
4,13,88,122,0.0,0.5
4,13,89,29,0.0,-0.5
4,13,90,36,0.0,0.5
4,13,91,121,0.0,-0.5
4,13,92,102,0.0,-0.5
4,13,93,127,0.0,-0.5
4,13,94,124,0.0,0.5
4,13,95,27,0.0,0.5
4,13,96,6,0.0,-0.5
4,13,97,67,0.0,-0.5
4,13,98,64,0.0,0.5
4,13,99,39,0.0,0.5
4,13,100,70,0.0,0.5
4,13,101,33,0.0,-0.5
4,13,102,92,0.0,-0.5
4,13,103,69,0.0,-0.5
4,13,104,74,0.0,0.5
4,13,105,45,0.0,-0.5
4,13,106,68,0.0,0.5
4,13,107,73,0.0,-0.5
4,13,108,126,0.0,-0.5
4,13,109,79,0.0,-0.5
4,13,110,76,0.0,0.5
4,13,111,43,0.0,0.5
4,13,112,82,0.0,0.5
4,13,113,53,0.0,-0.5
4,13,114,116,0.0,0.5
4,13,115,81,0.0,-0.5
4,13,116,114,0.0,0.5
4,13,117,87,0.0,-0.5
4,13,118,84,0.0,0.5
4,13,119,51,0.0,0.5
4,13,120,54,0.0,-0.5
4,13,121,91,0.0,-0.5
4,13,122,88,0.0,0.5
4,13,123,63,0.0,0.5
4,13,124,94,0.0,0.5
4,13,125,57,0.0,-0.5
4,13,126,108,0.0,-0.5
4,13,127,93,0.0,-0.5
4,14,0,6,-0.5,0.0
4,14,1,32,-0.5,0.0
4,14,2,35,0.5,0.0
4,14,3,65,-0.5,0.0
4,14,4,37,0.5,0.0
4,14,5,71,0.5,0.0
4,14,6,0,0.5,0.0
4,14,7,38,-0.5,0.0
4,14,8,41,0.5,0.0
4,14,9,75,0.5,0.0
4,14,10,96,-0.5,0.0
4,14,11,42,-0.5,0.0
4,14,12,66,0.5,0.0
4,14,13,44,-0.5,0.0
4,14,14,47,0.5,0.0
4,14,15,77,-0.5,0.0
4,14,16,49,0.5,0.0
4,14,17,83,0.5,0.0
4,14,18,48,-0.5,0.0
4,14,19,50,-0.5,0.0
4,14,20,78,-0.5,0.0
4,14,21,52,-0.5,0.0
4,14,22,55,0.5,0.0
4,14,23,85,-0.5,0.0
4,14,24,34,0.5,0.0
4,14,25,56,-0.5,0.0
4,14,26,59,0.5,0.0
4,14,27,89,-0.5,0.0
4,14,28,61,0.5,0.0
4,14,29,95,0.5,0.0
4,14,30,80,0.5,0.0
4,14,31,62,-0.5,0.0
4,14,32,1,0.5,0.0
4,14,33,99,0.5,0.0
4,14,34,24,-0.5,0.0
4,14,35,2,-0.5,0.0
4,14,36,86,-0.5,0.0
4,14,37,4,-0.5,0.0
4,14,38,7,0.5,0.0
4,14,39,101,-0.5,0.0
4,14,40,46,-0.5,0.0
4,14,41,8,-0.5,0.0
4,14,42,11,0.5,0.0
4,14,43,105,-0.5,0.0
4,14,44,13,0.5,0.0
4,14,45,111,0.5,0.0
4,14,46,40,0.5,0.0
4,14,47,14,-0.5,0.0
4,14,48,18,0.5,0.0
4,14,49,16,-0.5,0.0
4,14,50,19,0.5,0.0
4,14,51,113,-0.5,0.0
4,14,52,21,0.5,0.0
4,14,53,119,0.5,0.0
4,14,54,72,0.5,0.0
4,14,55,22,-0.5,0.0
4,14,56,25,0.5,0.0
4,14,57,123,0.5,0.0
4,14,58,120,-0.5,0.0
4,14,59,26,-0.5,0.0
4,14,60,90,0.5,0.0
4,14,61,28,-0.5,0.0
4,14,62,31,0.5,0.0
4,14,63,125,-0.5,0.0
4,14,64,97,-0.5,0.0
4,14,65,3,0.5,0.0
4,14,66,12,-0.5,0.0
4,14,67,98,0.5,0.0
4,14,68,102,-0.5,0.0
4,14,69,100,0.5,0.0
4,14,70,103,-0.5,0.0
4,14,71,5,-0.5,0.0
4,14,72,54,-0.5,0.0
4,14,73,104,0.5,0.0
4,14,74,107,-0.5,0.0
4,14,75,9,-0.5,0.0
4,14,76,109,-0.5,0.0
4,14,77,15,0.5,0.0
4,14,78,20,0.5,0.0
4,14,79,110,0.5,0.0
4,14,80,30,-0.5,0.0
4,14,81,112,0.5,0.0
4,14,82,115,-0.5,0.0
4,14,83,17,-0.5,0.0
4,14,84,117,-0.5,0.0
4,14,85,23,0.5,0.0
4,14,86,36,0.5,0.0
4,14,87,118,0.5,0.0
4,14,88,121,-0.5,0.0
4,14,89,27,0.5,0.0
4,14,90,60,-0.5,0.0
4,14,91,122,0.5,0.0
4,14,92,106,0.5,0.0
4,14,93,124,0.5,0.0
4,14,94,127,-0.5,0.0
4,14,95,29,-0.5,0.0
4,14,96,10,0.5,0.0
4,14,97,64,0.5,0.0
4,14,98,67,-0.5,0.0
4,14,99,33,-0.5,0.0
4,14,100,69,-0.5,0.0
4,14,101,39,0.5,0.0
4,14,102,68,0.5,0.0
4,14,103,70,0.5,0.0
4,14,104,73,-0.5,0.0
4,14,105,43,0.5,0.0
4,14,106,92,-0.5,0.0
4,14,107,74,0.5,0.0
4,14,108,114,0.5,0.0
4,14,109,76,0.5,0.0
4,14,110,79,-0.5,0.0
4,14,111,45,-0.5,0.0
4,14,112,81,-0.5,0.0
4,14,113,51,0.5,0.0
4,14,114,108,-0.5,0.0
4,14,115,82,0.5,0.0
4,14,116,126,-0.5,0.0
4,14,117,84,0.5,0.0
4,14,118,87,-0.5,0.0
4,14,119,53,-0.5,0.0
4,14,120,58,0.5,0.0
4,14,121,88,0.5,0.0
4,14,122,91,-0.5,0.0
4,14,123,57,-0.5,0.0
4,14,124,93,-0.5,0.0
4,14,125,63,0.5,0.0
4,14,126,116,0.5,0.0
4,14,127,94,0.5,0.0
4,15,0,6,0.0,0.5
4,15,1,32,0.0,-0.5
4,15,2,35,0.0,-0.5
4,15,3,65,0.0,-0.5
4,15,4,37,0.0,-0.5
4,15,5,71,0.0,-0.5
4,15,6,0,0.0,0.5
4,15,7,38,0.0,-0.5
4,15,8,41,0.0,-0.5
4,15,9,75,0.0,-0.5
4,15,10,96,0.0,0.5
4,15,11,42,0.0,-0.5
4,15,12,66,0.0,0.5
4,15,13,44,0.0,-0.5
4,15,14,47,0.0,-0.5
4,15,15,77,0.0,-0.5
4,15,16,49,0.0,-0.5
4,15,17,83,0.0,-0.5
4,15,18,48,0.0,0.5
4,15,19,50,0.0,-0.5
4,15,20,78,0.0,0.5
4,15,21,52,0.0,-0.5
4,15,22,55,0.0,-0.5
4,15,23,85,0.0,-0.5
4,15,24,34,0.0,0.5
4,15,25,56,0.0,-0.5
4,15,26,59,0.0,-0.5
4,15,27,89,0.0,-0.5
4,15,28,61,0.0,-0.5
4,15,29,95,0.0,-0.5
4,15,30,80,0.0,0.5
4,15,31,62,0.0,-0.5
4,15,32,1,0.0,-0.5
4,15,33,99,0.0,-0.5
4,15,34,24,0.0,0.5
4,15,35,2,0.0,-0.5
4,15,36,86,0.0,0.5
4,15,37,4,0.0,-0.5
4,15,38,7,0.0,-0.5
4,15,39,101,0.0,-0.5
4,15,40,46,0.0,0.5
4,15,41,8,0.0,-0.5
4,15,42,11,0.0,-0.5
4,15,43,105,0.0,-0.5
4,15,44,13,0.0,-0.5
4,15,45,111,0.0,-0.5
4,15,46,40,0.0,0.5
4,15,47,14,0.0,-0.5
4,15,48,18,0.0,0.5
4,15,49,16,0.0,-0.5
4,15,50,19,0.0,-0.5
4,15,51,113,0.0,-0.5
4,15,52,21,0.0,-0.5
4,15,53,119,0.0,-0.5
4,15,54,72,0.0,0.5
4,15,55,22,0.0,-0.5
4,15,56,25,0.0,-0.5
4,15,57,123,0.0,-0.5
4,15,58,120,0.0,0.5
4,15,59,26,0.0,-0.5
4,15,60,90,0.0,0.5
4,15,61,28,0.0,-0.5
4,15,62,31,0.0,-0.5
4,15,63,125,0.0,-0.5
4,15,64,97,0.0,0.5
4,15,65,3,0.0,-0.5
4,15,66,12,0.0,0.5
4,15,67,98,0.0,0.5
4,15,68,102,0.0,0.5
4,15,69,100,0.0,0.5
4,15,70,103,0.0,0.5
4,15,71,5,0.0,-0.5
4,15,72,54,0.0,0.5
4,15,73,104,0.0,0.5
4,15,74,107,0.0,0.5
4,15,75,9,0.0,-0.5
4,15,76,109,0.0,0.5
4,15,77,15,0.0,-0.5
4,15,78,20,0.0,0.5
4,15,79,110,0.0,0.5
4,15,80,30,0.0,0.5
4,15,81,112,0.0,0.5
4,15,82,115,0.0,0.5
4,15,83,17,0.0,-0.5
4,15,84,117,0.0,0.5
4,15,85,23,0.0,-0.5
4,15,86,36,0.0,0.5
4,15,87,118,0.0,0.5
4,15,88,121,0.0,0.5
4,15,89,27,0.0,-0.5
4,15,90,60,0.0,0.5
4,15,91,122,0.0,0.5
4,15,92,106,0.0,0.5
4,15,93,124,0.0,0.5
4,15,94,127,0.0,0.5
4,15,95,29,0.0,-0.5
4,15,96,10,0.0,0.5
4,15,97,64,0.0,0.5
4,15,98,67,0.0,0.5
4,15,99,33,0.0,-0.5
4,15,100,69,0.0,0.5
4,15,101,39,0.0,-0.5
4,15,102,68,0.0,0.5
4,15,103,70,0.0,0.5
4,15,104,73,0.0,0.5
4,15,105,43,0.0,-0.5
4,15,106,92,0.0,0.5
4,15,107,74,0.0,0.5
4,15,108,114,0.0,0.5
4,15,109,76,0.0,0.5
4,15,110,79,0.0,0.5
4,15,111,45,0.0,-0.5
4,15,112,81,0.0,0.5
4,15,113,51,0.0,-0.5
4,15,114,108,0.0,0.5
4,15,115,82,0.0,0.5
4,15,116,126,0.0,0.5
4,15,117,84,0.0,0.5
4,15,118,87,0.0,0.5
4,15,119,53,0.0,-0.5
4,15,120,58,0.0,0.5
4,15,121,88,0.0,0.5
4,15,122,91,0.0,0.5
4,15,123,57,0.0,-0.5
4,15,124,93,0.0,0.5
4,15,125,63,0.0,-0.5
4,15,126,116,0.0,0.5
4,15,127,94,0.0,0.5
5,6,0,66,0.0,0.5
5,6,1,49,0.0,0.5
5,6,2,50,0.0,0.5
5,6,3,99,0.0,0.5
5,6,4,52,0.0,0.5
5,6,5,101,0.0,0.5
5,6,6,12,0.0,0.5
5,6,7,55,0.0,0.5
5,6,8,56,0.0,0.5
5,6,9,105,0.0,0.5
5,6,10,20,0.0,0.5
5,6,11,59,0.0,0.5
5,6,12,6,0.0,0.5
5,6,13,61,0.0,0.5
5,6,14,62,0.0,0.5
5,6,15,111,0.0,0.5
5,6,16,32,0.0,0.5
5,6,17,113,0.0,0.5
5,6,18,36,0.0,0.5
5,6,19,35,0.0,0.5
5,6,20,10,0.0,0.5
5,6,21,37,0.0,0.5
5,6,22,38,0.0,0.5
5,6,23,119,0.0,0.5
5,6,24,102,0.0,0.5
5,6,25,41,0.0,0.5
5,6,26,42,0.0,0.5
5,6,27,123,0.0,0.5
5,6,28,44,0.0,0.5
5,6,29,125,0.0,0.5
5,6,30,60,0.0,0.5
5,6,31,47,0.0,0.5
5,6,32,16,0.0,0.5
5,6,33,65,0.0,0.5
5,6,34,68,0.0,0.5
5,6,35,19,0.0,0.5
5,6,36,18,0.0,0.5
5,6,37,21,0.0,0.5
5,6,38,22,0.0,0.5
5,6,39,71,0.0,0.5
5,6,40,106,0.0,0.5
5,6,41,25,0.0,0.5
5,6,42,26,0.0,0.5
5,6,43,75,0.0,0.5
5,6,44,28,0.0,0.5
5,6,45,77,0.0,0.5
5,6,46,92,0.0,0.5
5,6,47,31,0.0,0.5
5,6,48,86,0.0,0.5
5,6,49,1,0.0,0.5
5,6,50,2,0.0,0.5
5,6,51,83,0.0,0.5
5,6,52,4,0.0,0.5
5,6,53,85,0.0,0.5
5,6,54,108,0.0,0.5
5,6,55,7,0.0,0.5
5,6,56,8,0.0,0.5
5,6,57,89,0.0,0.5
5,6,58,116,0.0,0.5
5,6,59,11,0.0,0.5
5,6,60,30,0.0,0.5
5,6,61,13,0.0,0.5
5,6,62,14,0.0,0.5
5,6,63,95,0.0,0.5
5,6,64,112,0.0,0.5
5,6,65,33,0.0,0.5
5,6,66,0,0.0,0.5
5,6,67,115,0.0,0.5
5,6,68,34,0.0,0.5
5,6,69,117,0.0,0.5
5,6,70,118,0.0,0.5
5,6,71,39,0.0,0.5
5,6,72,114,0.0,0.5
5,6,73,121,0.0,0.5
5,6,74,122,0.0,0.5
5,6,75,43,0.0,0.5
5,6,76,124,0.0,0.5
5,6,77,45,0.0,0.5
5,6,78,96,0.0,0.5
5,6,79,127,0.0,0.5
5,6,80,90,0.0,0.5
5,6,81,97,0.0,0.5
5,6,82,98,0.0,0.5
5,6,83,51,0.0,0.5
5,6,84,100,0.0,0.5
5,6,85,53,0.0,0.5
5,6,86,48,0.0,0.5
5,6,87,103,0.0,0.5
5,6,88,104,0.0,0.5
5,6,89,57,0.0,0.5
5,6,90,80,0.0,0.5
5,6,91,107,0.0,0.5
5,6,92,46,0.0,0.5
5,6,93,109,0.0,0.5
5,6,94,110,0.0,0.5
5,6,95,63,0.0,0.5
5,6,96,78,0.0,0.5
5,6,97,81,0.0,0.5
5,6,98,82,0.0,0.5
5,6,99,3,0.0,0.5
5,6,100,84,0.0,0.5
5,6,101,5,0.0,0.5
5,6,102,24,0.0,0.5
5,6,103,87,0.0,0.5
5,6,104,88,0.0,0.5
5,6,105,9,0.0,0.5
5,6,106,40,0.0,0.5
5,6,107,91,0.0,0.5
5,6,108,54,0.0,0.5
5,6,109,93,0.0,0.5
5,6,110,94,0.0,0.5
5,6,111,15,0.0,0.5
5,6,112,64,0.0,0.5
5,6,113,17,0.0,0.5
5,6,114,72,0.0,0.5
5,6,115,67,0.0,0.5
5,6,116,58,0.0,0.5
5,6,117,69,0.0,0.5
5,6,118,70,0.0,0.5
5,6,119,23,0.0,0.5
5,6,120,126,0.0,0.5
5,6,121,73,0.0,0.5
5,6,122,74,0.0,0.5
5,6,123,27,0.0,0.5
5,6,124,76,0.0,0.5
5,6,125,29,0.0,0.5
5,6,126,120,0.0,0.5
5,6,127,79,0.0,0.5
5,7,0,66,0.5,0.0
5,7,1,49,0.5,0.0
5,7,2,50,0.5,0.0
5,7,3,99,0.5,0.0
5,7,4,52,0.5,0.0
5,7,5,101,0.5,0.0
5,7,6,12,0.5,0.0
5,7,7,55,0.5,0.0
5,7,8,56,0.5,0.0
5,7,9,105,0.5,0.0
5,7,10,20,0.5,0.0
5,7,11,59,0.5,0.0
5,7,12,6,-0.5,0.0
5,7,13,61,0.5,0.0
5,7,14,62,0.5,0.0
5,7,15,111,0.5,0.0
5,7,16,32,-0.5,0.0
5,7,17,113,0.5,0.0
5,7,18,36,0.5,0.0
5,7,19,35,-0.5,0.0
5,7,20,10,-0.5,0.0
5,7,21,37,-0.5,0.0
5,7,22,38,-0.5,0.0
5,7,23,119,0.5,0.0
5,7,24,102,0.5,0.0
5,7,25,41,-0.5,0.0
5,7,26,42,-0.5,0.0
5,7,27,123,0.5,0.0
5,7,28,44,-0.5,0.0
5,7,29,125,0.5,0.0
5,7,30,60,0.5,0.0
5,7,31,47,-0.5,0.0
5,7,32,16,0.5,0.0
5,7,33,65,-0.5,0.0
5,7,34,68,0.5,0.0
5,7,35,19,0.5,0.0
5,7,36,18,-0.5,0.0
5,7,37,21,0.5,0.0
5,7,38,22,0.5,0.0
5,7,39,71,-0.5,0.0
5,7,40,106,0.5,0.0
5,7,41,25,0.5,0.0
5,7,42,26,0.5,0.0
5,7,43,75,-0.5,0.0
5,7,44,28,0.5,0.0
5,7,45,77,-0.5,0.0
5,7,46,92,0.5,0.0
5,7,47,31,0.5,0.0
5,7,48,86,0.5,0.0
5,7,49,1,-0.5,0.0
5,7,50,2,-0.5,0.0
5,7,51,83,-0.5,0.0
5,7,52,4,-0.5,0.0
5,7,53,85,-0.5,0.0
5,7,54,108,0.5,0.0
5,7,55,7,-0.5,0.0
5,7,56,8,-0.5,0.0
5,7,57,89,-0.5,0.0
5,7,58,116,0.5,0.0
5,7,59,11,-0.5,0.0
5,7,60,30,-0.5,0.0
5,7,61,13,-0.5,0.0
5,7,62,14,-0.5,0.0
5,7,63,95,-0.5,0.0
5,7,64,112,0.5,0.0
5,7,65,33,0.5,0.0
5,7,66,0,-0.5,0.0
5,7,67,115,0.5,0.0
5,7,68,34,-0.5,0.0
5,7,69,117,0.5,0.0
5,7,70,118,0.5,0.0
5,7,71,39,0.5,0.0
5,7,72,114,0.5,0.0
5,7,73,121,0.5,0.0
5,7,74,122,0.5,0.0
5,7,75,43,0.5,0.0
5,7,76,124,0.5,0.0
5,7,77,45,0.5,0.0
5,7,78,96,-0.5,0.0
5,7,79,127,0.5,0.0
5,7,80,90,0.5,0.0
5,7,81,97,-0.5,0.0
5,7,82,98,-0.5,0.0
5,7,83,51,0.5,0.0
5,7,84,100,-0.5,0.0
5,7,85,53,0.5,0.0
5,7,86,48,-0.5,0.0
5,7,87,103,-0.5,0.0
5,7,88,104,-0.5,0.0
5,7,89,57,0.5,0.0
5,7,90,80,-0.5,0.0
5,7,91,107,-0.5,0.0
5,7,92,46,-0.5,0.0
5,7,93,109,-0.5,0.0
5,7,94,110,-0.5,0.0
5,7,95,63,0.5,0.0
5,7,96,78,0.5,0.0
5,7,97,81,0.5,0.0
5,7,98,82,0.5,0.0
5,7,99,3,-0.5,0.0
5,7,100,84,0.5,0.0
5,7,101,5,-0.5,0.0
5,7,102,24,-0.5,0.0
5,7,103,87,0.5,0.0
5,7,104,88,0.5,0.0
5,7,105,9,-0.5,0.0
5,7,106,40,-0.5,0.0
5,7,107,91,0.5,0.0
5,7,108,54,-0.5,0.0
5,7,109,93,0.5,0.0
5,7,110,94,0.5,0.0
5,7,111,15,-0.5,0.0
5,7,112,64,-0.5,0.0
5,7,113,17,-0.5,0.0
5,7,114,72,-0.5,0.0
5,7,115,67,-0.5,0.0
5,7,116,58,-0.5,0.0
5,7,117,69,-0.5,0.0
5,7,118,70,-0.5,0.0
5,7,119,23,-0.5,0.0
5,7,120,126,0.5,0.0
5,7,121,73,-0.5,0.0
5,7,122,74,-0.5,0.0
5,7,123,27,-0.5,0.0
5,7,124,76,-0.5,0.0
5,7,125,29,-0.5,0.0
5,7,126,120,-0.5,0.0
5,7,127,79,-0.5,0.0
5,8,0,34,0.0,0.5
5,8,1,41,0.0,0.5
5,8,2,42,0.0,0.5
5,8,3,83,0.0,0.5
5,8,4,44,0.0,0.5
5,8,5,85,0.0,0.5
5,8,6,24,0.0,0.5
5,8,7,47,0.0,0.5
5,8,8,32,0.0,0.5
5,8,9,89,0.0,0.5
5,8,10,40,0.0,0.5
5,8,11,35,0.0,0.5
5,8,12,102,0.0,-0.5
5,8,13,37,0.0,0.5
5,8,14,38,0.0,0.5
5,8,15,95,0.0,0.5
5,8,16,56,0.0,-0.5
5,8,17,65,0.0,0.5
5,8,18,72,0.0,0.5
5,8,19,59,0.0,-0.5
5,8,20,106,0.0,-0.5
5,8,21,61,0.0,-0.5
5,8,22,62,0.0,-0.5
5,8,23,71,0.0,0.5
5,8,24,6,0.0,0.5
5,8,25,49,0.0,-0.5
5,8,26,50,0.0,-0.5
5,8,27,75,0.0,0.5
5,8,28,52,0.0,-0.5
5,8,29,77,0.0,0.5
5,8,30,120,0.0,0.5
5,8,31,55,0.0,-0.5
5,8,32,8,0.0,0.5
5,8,33,113,0.0,-0.5
5,8,34,0,0.0,0.5
5,8,35,11,0.0,0.5
5,8,36,114,0.0,-0.5
5,8,37,13,0.0,0.5
5,8,38,14,0.0,0.5
5,8,39,119,0.0,-0.5
5,8,40,10,0.0,0.5
5,8,41,1,0.0,0.5
5,8,42,2,0.0,0.5
5,8,43,123,0.0,-0.5
5,8,44,4,0.0,0.5
5,8,45,125,0.0,-0.5
5,8,46,96,0.0,0.5
5,8,47,7,0.0,0.5
5,8,48,54,0.0,0.5
5,8,49,25,0.0,-0.5
5,8,50,26,0.0,-0.5
5,8,51,99,0.0,-0.5
5,8,52,28,0.0,-0.5
5,8,53,101,0.0,-0.5
5,8,54,48,0.0,0.5
5,8,55,31,0.0,-0.5
5,8,56,16,0.0,-0.5
5,8,57,105,0.0,-0.5
5,8,58,80,0.0,0.5
5,8,59,19,0.0,-0.5
5,8,60,126,0.0,-0.5
5,8,61,21,0.0,-0.5
5,8,62,22,0.0,-0.5
5,8,63,111,0.0,-0.5
5,8,64,104,0.0,0.5
5,8,65,17,0.0,0.5
5,8,66,68,0.0,-0.5
5,8,67,107,0.0,0.5
5,8,68,66,0.0,-0.5
5,8,69,109,0.0,0.5
5,8,70,110,0.0,0.5
5,8,71,23,0.0,0.5
5,8,72,18,0.0,0.5
5,8,73,97,0.0,0.5
5,8,74,98,0.0,0.5
5,8,75,27,0.0,0.5
5,8,76,100,0.0,0.5
5,8,77,29,0.0,0.5
5,8,78,92,0.0,-0.5
5,8,79,103,0.0,0.5
5,8,80,58,0.0,0.5
5,8,81,121,0.0,-0.5
5,8,82,122,0.0,-0.5
5,8,83,3,0.0,0.5
5,8,84,124,0.0,-0.5
5,8,85,5,0.0,0.5
5,8,86,108,0.0,-0.5
5,8,87,127,0.0,-0.5
5,8,88,112,0.0,-0.5
5,8,89,9,0.0,0.5
5,8,90,116,0.0,-0.5
5,8,91,115,0.0,-0.5
5,8,92,78,0.0,-0.5
5,8,93,117,0.0,-0.5
5,8,94,118,0.0,-0.5
5,8,95,15,0.0,0.5
5,8,96,46,0.0,0.5
5,8,97,73,0.0,0.5
5,8,98,74,0.0,0.5
5,8,99,51,0.0,-0.5
5,8,100,76,0.0,0.5
5,8,101,53,0.0,-0.5
5,8,102,12,0.0,-0.5
5,8,103,79,0.0,0.5
5,8,104,64,0.0,0.5
5,8,105,57,0.0,-0.5
5,8,106,20,0.0,-0.5
5,8,107,67,0.0,0.5
5,8,108,86,0.0,-0.5
5,8,109,69,0.0,0.5
5,8,110,70,0.0,0.5
5,8,111,63,0.0,-0.5
5,8,112,88,0.0,-0.5
5,8,113,33,0.0,-0.5
5,8,114,36,0.0,-0.5
5,8,115,91,0.0,-0.5
5,8,116,90,0.0,-0.5
5,8,117,93,0.0,-0.5
5,8,118,94,0.0,-0.5
5,8,119,39,0.0,-0.5
5,8,120,30,0.0,0.5
5,8,121,81,0.0,-0.5
5,8,122,82,0.0,-0.5
5,8,123,43,0.0,-0.5
5,8,124,84,0.0,-0.5
5,8,125,45,0.0,-0.5
5,8,126,60,0.0,-0.5
5,8,127,87,0.0,-0.5
5,9,0,34,0.5,0.0
5,9,1,41,0.5,0.0
5,9,2,42,0.5,0.0
5,9,3,83,0.5,0.0
5,9,4,44,0.5,0.0
5,9,5,85,0.5,0.0
5,9,6,24,0.5,0.0
5,9,7,47,0.5,0.0
5,9,8,32,-0.5,0.0
5,9,9,89,0.5,0.0
5,9,10,40,0.5,0.0
5,9,11,35,-0.5,0.0
5,9,12,102,-0.5,0.0
5,9,13,37,-0.5,0.0
5,9,14,38,-0.5,0.0
5,9,15,95,0.5,0.0
5,9,16,56,-0.5,0.0
5,9,17,65,-0.5,0.0
5,9,18,72,0.5,0.0
5,9,19,59,-0.5,0.0
5,9,20,106,-0.5,0.0
5,9,21,61,-0.5,0.0
5,9,22,62,-0.5,0.0
5,9,23,71,-0.5,0.0
5,9,24,6,-0.5,0.0
5,9,25,49,0.5,0.0
5,9,26,50,0.5,0.0
5,9,27,75,-0.5,0.0
5,9,28,52,0.5,0.0
5,9,29,77,-0.5,0.0
5,9,30,120,0.5,0.0
5,9,31,55,0.5,0.0
5,9,32,8,0.5,0.0
5,9,33,113,-0.5,0.0
5,9,34,0,-0.5,0.0
5,9,35,11,0.5,0.0
5,9,36,114,-0.5,0.0
5,9,37,13,0.5,0.0
5,9,38,14,0.5,0.0
5,9,39,119,-0.5,0.0
5,9,40,10,-0.5,0.0
5,9,41,1,-0.5,0.0
5,9,42,2,-0.5,0.0
5,9,43,123,-0.5,0.0
5,9,44,4,-0.5,0.0
5,9,45,125,-0.5,0.0
5,9,46,96,-0.5,0.0
5,9,47,7,-0.5,0.0
5,9,48,54,0.5,0.0
5,9,49,25,-0.5,0.0
5,9,50,26,-0.5,0.0
5,9,51,99,0.5,0.0
5,9,52,28,-0.5,0.0
5,9,53,101,0.5,0.0
5,9,54,48,-0.5,0.0
5,9,55,31,-0.5,0.0
5,9,56,16,0.5,0.0
5,9,57,105,0.5,0.0
5,9,58,80,-0.5,0.0
5,9,59,19,0.5,0.0
5,9,60,126,-0.5,0.0
5,9,61,21,0.5,0.0
5,9,62,22,0.5,0.0
5,9,63,111,0.5,0.0
5,9,64,104,0.5,0.0
5,9,65,17,0.5,0.0
5,9,66,68,-0.5,0.0
5,9,67,107,0.5,0.0
5,9,68,66,0.5,0.0
5,9,69,109,0.5,0.0
5,9,70,110,0.5,0.0
5,9,71,23,0.5,0.0
5,9,72,18,-0.5,0.0
5,9,73,97,-0.5,0.0
5,9,74,98,-0.5,0.0
5,9,75,27,0.5,0.0
5,9,76,100,-0.5,0.0
5,9,77,29,0.5,0.0
5,9,78,92,-0.5,0.0
5,9,79,103,-0.5,0.0
5,9,80,58,0.5,0.0
5,9,81,121,-0.5,0.0
5,9,82,122,-0.5,0.0
5,9,83,3,-0.5,0.0
5,9,84,124,-0.5,0.0
5,9,85,5,-0.5,0.0
5,9,86,108,-0.5,0.0
5,9,87,127,-0.5,0.0
5,9,88,112,0.5,0.0
5,9,89,9,-0.5,0.0
5,9,90,116,-0.5,0.0
5,9,91,115,0.5,0.0
5,9,92,78,0.5,0.0
5,9,93,117,0.5,0.0
5,9,94,118,0.5,0.0
5,9,95,15,-0.5,0.0
5,9,96,46,0.5,0.0
5,9,97,73,0.5,0.0
5,9,98,74,0.5,0.0
5,9,99,51,-0.5,0.0
5,9,100,76,0.5,0.0
5,9,101,53,-0.5,0.0
5,9,102,12,0.5,0.0
5,9,103,79,0.5,0.0
5,9,104,64,-0.5,0.0
5,9,105,57,-0.5,0.0
5,9,106,20,0.5,0.0
5,9,107,67,-0.5,0.0
5,9,108,86,0.5,0.0
5,9,109,69,-0.5,0.0
5,9,110,70,-0.5,0.0
5,9,111,63,-0.5,0.0
5,9,112,88,-0.5,0.0
5,9,113,33,0.5,0.0
5,9,114,36,0.5,0.0
5,9,115,91,-0.5,0.0
5,9,116,90,0.5,0.0
5,9,117,93,-0.5,0.0
5,9,118,94,-0.5,0.0
5,9,119,39,0.5,0.0
5,9,120,30,-0.5,0.0
5,9,121,81,0.5,0.0
5,9,122,82,0.5,0.0
5,9,123,43,0.5,0.0
5,9,124,84,0.5,0.0
5,9,125,45,0.5,0.0
5,9,126,60,0.5,0.0
5,9,127,87,0.5,0.0
5,10,0,18,0.0,0.5
5,10,1,37,0.0,0.5
5,10,2,38,0.0,0.5
5,10,3,75,0.0,0.5
5,10,4,32,0.0,0.5
5,10,5,77,0.0,0.5
5,10,6,48,0.0,0.5
5,10,7,35,0.0,0.5
5,10,8,44,0.0,-0.5
5,10,9,65,0.0,0.5
5,10,10,80,0.0,0.5
5,10,11,47,0.0,-0.5
5,10,12,86,0.0,-0.5
5,10,13,41,0.0,-0.5
5,10,14,42,0.0,-0.5
5,10,15,71,0.0,0.5
5,10,16,52,0.0,-0.5
5,10,17,89,0.0,-0.5
5,10,18,0,0.0,0.5
5,10,19,55,0.0,-0.5
5,10,20,90,0.0,-0.5
5,10,21,49,0.0,-0.5
5,10,22,50,0.0,-0.5
5,10,23,95,0.0,-0.5
5,10,24,54,0.0,-0.5
5,10,25,61,0.0,0.5
5,10,26,62,0.0,0.5
5,10,27,83,0.0,-0.5
5,10,28,56,0.0,0.5
5,10,29,85,0.0,-0.5
5,10,30,96,0.0,0.5
5,10,31,59,0.0,0.5
5,10,32,4,0.0,0.5
5,10,33,105,0.0,-0.5
5,10,34,72,0.0,-0.5
5,10,35,7,0.0,0.5
5,10,36,66,0.0,-0.5
5,10,37,1,0.0,0.5
5,10,38,2,0.0,0.5
5,10,39,111,0.0,-0.5
5,10,40,58,0.0,-0.5
5,10,41,13,0.0,-0.5
5,10,42,14,0.0,-0.5
5,10,43,99,0.0,-0.5
5,10,44,8,0.0,-0.5
5,10,45,101,0.0,-0.5
5,10,46,120,0.0,-0.5
5,10,47,11,0.0,-0.5
5,10,48,6,0.0,0.5
5,10,49,21,0.0,-0.5
5,10,50,22,0.0,-0.5
5,10,51,123,0.0,0.5
5,10,52,16,0.0,-0.5
5,10,53,125,0.0,0.5
5,10,54,24,0.0,-0.5
5,10,55,19,0.0,-0.5
5,10,56,28,0.0,0.5
5,10,57,113,0.0,0.5
5,10,58,40,0.0,-0.5
5,10,59,31,0.0,0.5
5,10,60,78,0.0,-0.5
5,10,61,25,0.0,0.5
5,10,62,26,0.0,0.5
5,10,63,119,0.0,0.5
5,10,64,100,0.0,0.5
5,10,65,9,0.0,0.5
5,10,66,36,0.0,-0.5
5,10,67,103,0.0,0.5
5,10,68,114,0.0,0.5
5,10,69,97,0.0,0.5
5,10,70,98,0.0,0.5
5,10,71,15,0.0,0.5
5,10,72,34,0.0,-0.5
5,10,73,109,0.0,-0.5
5,10,74,110,0.0,-0.5
5,10,75,3,0.0,0.5
5,10,76,104,0.0,-0.5
5,10,77,5,0.0,0.5
5,10,78,60,0.0,-0.5
5,10,79,107,0.0,-0.5
5,10,80,10,0.0,0.5
5,10,81,117,0.0,-0.5
5,10,82,118,0.0,-0.5
5,10,83,27,0.0,-0.5
5,10,84,112,0.0,-0.5
5,10,85,29,0.0,-0.5
5,10,86,12,0.0,-0.5
5,10,87,115,0.0,-0.5
5,10,88,124,0.0,0.5
5,10,89,17,0.0,-0.5
5,10,90,20,0.0,-0.5
5,10,91,127,0.0,0.5
5,10,92,126,0.0,0.5
5,10,93,121,0.0,0.5
5,10,94,122,0.0,0.5
5,10,95,23,0.0,-0.5
5,10,96,30,0.0,0.5
5,10,97,69,0.0,0.5
5,10,98,70,0.0,0.5
5,10,99,43,0.0,-0.5
5,10,100,64,0.0,0.5
5,10,101,45,0.0,-0.5
5,10,102,108,0.0,0.5
5,10,103,67,0.0,0.5
5,10,104,76,0.0,-0.5
5,10,105,33,0.0,-0.5
5,10,106,116,0.0,0.5
5,10,107,79,0.0,-0.5
5,10,108,102,0.0,0.5
5,10,109,73,0.0,-0.5
5,10,110,74,0.0,-0.5
5,10,111,39,0.0,-0.5
5,10,112,84,0.0,-0.5
5,10,113,57,0.0,0.5
5,10,114,68,0.0,0.5
5,10,115,87,0.0,-0.5
5,10,116,106,0.0,0.5
5,10,117,81,0.0,-0.5
5,10,118,82,0.0,-0.5
5,10,119,63,0.0,0.5
5,10,120,46,0.0,-0.5
5,10,121,93,0.0,0.5
5,10,122,94,0.0,0.5
5,10,123,51,0.0,0.5
5,10,124,88,0.0,0.5
5,10,125,53,0.0,0.5
5,10,126,92,0.0,0.5
5,10,127,91,0.0,0.5
5,11,0,18,0.5,0.0
5,11,1,37,0.5,0.0
5,11,2,38,0.5,0.0
5,11,3,75,0.5,0.0
5,11,4,32,-0.5,0.0
5,11,5,77,0.5,0.0
5,11,6,48,0.5,0.0
5,11,7,35,-0.5,0.0
5,11,8,44,-0.5,0.0
5,11,9,65,-0.5,0.0
5,11,10,80,0.5,0.0
5,11,11,47,-0.5,0.0
5,11,12,86,-0.5,0.0
5,11,13,41,0.5,0.0
5,11,14,42,0.5,0.0
5,11,15,71,-0.5,0.0
5,11,16,52,-0.5,0.0
5,11,17,89,-0.5,0.0
5,11,18,0,-0.5,0.0
5,11,19,55,-0.5,0.0
5,11,20,90,-0.5,0.0
5,11,21,49,0.5,0.0
5,11,22,50,0.5,0.0
5,11,23,95,-0.5,0.0
5,11,24,54,-0.5,0.0
5,11,25,61,0.5,0.0
5,11,26,62,0.5,0.0
5,11,27,83,0.5,0.0
5,11,28,56,-0.5,0.0
5,11,29,85,0.5,0.0
5,11,30,96,-0.5,0.0
5,11,31,59,-0.5,0.0
5,11,32,4,0.5,0.0
5,11,33,105,-0.5,0.0
5,11,34,72,-0.5,0.0
5,11,35,7,0.5,0.0
5,11,36,66,0.5,0.0
5,11,37,1,-0.5,0.0
5,11,38,2,-0.5,0.0
5,11,39,111,-0.5,0.0
5,11,40,58,-0.5,0.0
5,11,41,13,-0.5,0.0
5,11,42,14,-0.5,0.0
5,11,43,99,0.5,0.0
5,11,44,8,0.5,0.0
5,11,45,101,0.5,0.0
5,11,46,120,-0.5,0.0
5,11,47,11,0.5,0.0
5,11,48,6,-0.5,0.0
5,11,49,21,-0.5,0.0
5,11,50,22,-0.5,0.0
5,11,51,123,0.5,0.0
5,11,52,16,0.5,0.0
5,11,53,125,0.5,0.0
5,11,54,24,0.5,0.0
5,11,55,19,0.5,0.0
5,11,56,28,0.5,0.0
5,11,57,113,-0.5,0.0
5,11,58,40,0.5,0.0
5,11,59,31,0.5,0.0
5,11,60,78,0.5,0.0
5,11,61,25,-0.5,0.0
5,11,62,26,-0.5,0.0
5,11,63,119,-0.5,0.0
5,11,64,100,0.5,0.0
5,11,65,9,0.5,0.0
5,11,66,36,-0.5,0.0
5,11,67,103,0.5,0.0
5,11,68,114,0.5,0.0
5,11,69,97,-0.5,0.0
5,11,70,98,-0.5,0.0
5,11,71,15,0.5,0.0
5,11,72,34,0.5,0.0
5,11,73,109,-0.5,0.0
5,11,74,110,-0.5,0.0
5,11,75,3,-0.5,0.0
5,11,76,104,0.5,0.0
5,11,77,5,-0.5,0.0
5,11,78,60,-0.5,0.0
5,11,79,107,0.5,0.0
5,11,80,10,-0.5,0.0
5,11,81,117,-0.5,0.0
5,11,82,118,-0.5,0.0
5,11,83,27,-0.5,0.0
5,11,84,112,0.5,0.0
5,11,85,29,-0.5,0.0
5,11,86,12,0.5,0.0
5,11,87,115,0.5,0.0
5,11,88,124,0.5,0.0
5,11,89,17,0.5,0.0
5,11,90,20,0.5,0.0
5,11,91,127,0.5,0.0
5,11,92,126,0.5,0.0
5,11,93,121,-0.5,0.0
5,11,94,122,-0.5,0.0
5,11,95,23,0.5,0.0
5,11,96,30,0.5,0.0
5,11,97,69,0.5,0.0
5,11,98,70,0.5,0.0
5,11,99,43,-0.5,0.0
5,11,100,64,-0.5,0.0
5,11,101,45,-0.5,0.0
5,11,102,108,0.5,0.0
5,11,103,67,-0.5,0.0
5,11,104,76,-0.5,0.0
5,11,105,33,0.5,0.0
5,11,106,116,0.5,0.0
5,11,107,79,-0.5,0.0
5,11,108,102,-0.5,0.0
5,11,109,73,0.5,0.0
5,11,110,74,0.5,0.0
5,11,111,39,0.5,0.0
5,11,112,84,-0.5,0.0
5,11,113,57,0.5,0.0
5,11,114,68,-0.5,0.0
5,11,115,87,-0.5,0.0
5,11,116,106,-0.5,0.0
5,11,117,81,0.5,0.0
5,11,118,82,0.5,0.0
5,11,119,63,0.5,0.0
5,11,120,46,0.5,0.0
5,11,121,93,0.5,0.0
5,11,122,94,0.5,0.0
5,11,123,51,-0.5,0.0
5,11,124,88,-0.5,0.0
5,11,125,53,-0.5,0.0
5,11,126,92,-0.5,0.0
5,11,127,91,-0.5,0.0
5,12,0,10,0.0,0.5
5,12,1,35,0.0,0.5
5,12,2,32,0.0,0.5
5,12,3,71,0.0,0.5
5,12,4,38,0.0,-0.5
5,12,5,65,0.0,0.5
5,12,6,96,0.0,0.5
5,12,7,37,0.0,-0.5
5,12,8,42,0.0,-0.5
5,12,9,77,0.0,-0.5
5,12,10,0,0.0,0.5
5,12,11,41,0.0,-0.5
5,12,12,78,0.0,-0.5
5,12,13,47,0.0,0.5
5,12,14,44,0.0,0.5
5,12,15,75,0.0,-0.5
5,12,16,50,0.0,-0.5
5,12,17,85,0.0,-0.5
5,12,18,80,0.0,-0.5
5,12,19,49,0.0,-0.5
5,12,20,66,0.0,-0.5
5,12,21,55,0.0,0.5
5,12,22,52,0.0,0.5
5,12,23,83,0.0,-0.5
5,12,24,46,0.0,-0.5
5,12,25,59,0.0,0.5
5,12,26,56,0.0,0.5
5,12,27,95,0.0,0.5
5,12,28,62,0.0,-0.5
5,12,29,89,0.0,0.5
5,12,30,48,0.0,-0.5
5,12,31,61,0.0,-0.5
5,12,32,2,0.0,0.5
5,12,33,101,0.0,-0.5
5,12,34,40,0.0,-0.5
5,12,35,1,0.0,0.5
5,12,36,90,0.0,0.5
5,12,37,7,0.0,-0.5
5,12,38,4,0.0,-0.5
5,12,39,99,0.0,-0.5
5,12,40,34,0.0,-0.5
5,12,41,11,0.0,-0.5
5,12,42,8,0.0,-0.5
5,12,43,111,0.0,0.5
5,12,44,14,0.0,0.5
5,12,45,105,0.0,0.5
5,12,46,24,0.0,-0.5
5,12,47,13,0.0,0.5
5,12,48,30,0.0,-0.5
5,12,49,19,0.0,-0.5
5,12,50,16,0.0,-0.5
5,12,51,119,0.0,0.5
5,12,52,22,0.0,0.5
5,12,53,113,0.0,0.5
5,12,54,120,0.0,0.5
5,12,55,21,0.0,0.5
5,12,56,26,0.0,0.5
5,12,57,125,0.0,-0.5
5,12,58,72,0.0,0.5
5,12,59,25,0.0,0.5
5,12,60,86,0.0,0.5
5,12,61,31,0.0,-0.5
5,12,62,28,0.0,-0.5
5,12,63,123,0.0,-0.5
5,12,64,98,0.0,0.5
5,12,65,5,0.0,0.5
5,12,66,20,0.0,-0.5
5,12,67,97,0.0,0.5
5,12,68,106,0.0,0.5
5,12,69,103,0.0,-0.5
5,12,70,100,0.0,-0.5
5,12,71,3,0.0,0.5
5,12,72,58,0.0,0.5
5,12,73,107,0.0,-0.5
5,12,74,104,0.0,-0.5
5,12,75,15,0.0,-0.5
5,12,76,110,0.0,0.5
5,12,77,9,0.0,-0.5
5,12,78,12,0.0,-0.5
5,12,79,109,0.0,0.5
5,12,80,18,0.0,-0.5
5,12,81,115,0.0,-0.5
5,12,82,112,0.0,-0.5
5,12,83,23,0.0,-0.5
5,12,84,118,0.0,0.5
5,12,85,17,0.0,-0.5
5,12,86,60,0.0,0.5
5,12,87,117,0.0,0.5
5,12,88,122,0.0,0.5
5,12,89,29,0.0,0.5
5,12,90,36,0.0,0.5
5,12,91,121,0.0,0.5
5,12,92,102,0.0,0.5
5,12,93,127,0.0,-0.5
5,12,94,124,0.0,-0.5
5,12,95,27,0.0,0.5
5,12,96,6,0.0,0.5
5,12,97,67,0.0,0.5
5,12,98,64,0.0,0.5
5,12,99,39,0.0,-0.5
5,12,100,70,0.0,-0.5
5,12,101,33,0.0,-0.5
5,12,102,92,0.0,0.5
5,12,103,69,0.0,-0.5
5,12,104,74,0.0,-0.5
5,12,105,45,0.0,0.5
5,12,106,68,0.0,0.5
5,12,107,73,0.0,-0.5
5,12,108,126,0.0,-0.5
5,12,109,79,0.0,0.5
5,12,110,76,0.0,0.5
5,12,111,43,0.0,0.5
5,12,112,82,0.0,-0.5
5,12,113,53,0.0,0.5
5,12,114,116,0.0,-0.5
5,12,115,81,0.0,-0.5
5,12,116,114,0.0,-0.5
5,12,117,87,0.0,0.5
5,12,118,84,0.0,0.5
5,12,119,51,0.0,0.5
5,12,120,54,0.0,0.5
5,12,121,91,0.0,0.5
5,12,122,88,0.0,0.5
5,12,123,63,0.0,-0.5
5,12,124,94,0.0,-0.5
5,12,125,57,0.0,-0.5
5,12,126,108,0.0,-0.5
5,12,127,93,0.0,-0.5
5,13,0,10,0.5,0.0
5,13,1,35,0.5,0.0
5,13,2,32,-0.5,0.0
5,13,3,71,0.5,0.0
5,13,4,38,-0.5,0.0
5,13,5,65,-0.5,0.0
5,13,6,96,0.5,0.0
5,13,7,37,0.5,0.0
5,13,8,42,-0.5,0.0
5,13,9,77,-0.5,0.0
5,13,10,0,-0.5,0.0
5,13,11,41,0.5,0.0
5,13,12,78,-0.5,0.0
5,13,13,47,0.5,0.0
5,13,14,44,-0.5,0.0
5,13,15,75,0.5,0.0
5,13,16,50,-0.5,0.0
5,13,17,85,-0.5,0.0
5,13,18,80,-0.5,0.0
5,13,19,49,0.5,0.0
5,13,20,66,0.5,0.0
5,13,21,55,0.5,0.0
5,13,22,52,-0.5,0.0
5,13,23,83,0.5,0.0
5,13,24,46,-0.5,0.0
5,13,25,59,0.5,0.0
5,13,26,56,-0.5,0.0
5,13,27,95,0.5,0.0
5,13,28,62,-0.5,0.0
5,13,29,89,-0.5,0.0
5,13,30,48,0.5,0.0
5,13,31,61,0.5,0.0
5,13,32,2,0.5,0.0
5,13,33,101,-0.5,0.0
5,13,34,40,-0.5,0.0
5,13,35,1,-0.5,0.0
5,13,36,90,0.5,0.0
5,13,37,7,-0.5,0.0
5,13,38,4,0.5,0.0
5,13,39,99,0.5,0.0
5,13,40,34,0.5,0.0
5,13,41,11,-0.5,0.0
5,13,42,8,0.5,0.0
5,13,43,111,0.5,0.0
5,13,44,14,0.5,0.0
5,13,45,105,-0.5,0.0
5,13,46,24,0.5,0.0
5,13,47,13,-0.5,0.0
5,13,48,30,-0.5,0.0
5,13,49,19,-0.5,0.0
5,13,50,16,0.5,0.0
5,13,51,119,0.5,0.0
5,13,52,22,0.5,0.0
5,13,53,113,-0.5,0.0
5,13,54,120,0.5,0.0
5,13,55,21,-0.5,0.0
5,13,56,26,0.5,0.0
5,13,57,125,-0.5,0.0
5,13,58,72,-0.5,0.0
5,13,59,25,-0.5,0.0
5,13,60,86,-0.5,0.0
5,13,61,31,-0.5,0.0
5,13,62,28,0.5,0.0
5,13,63,123,0.5,0.0
5,13,64,98,0.5,0.0
5,13,65,5,0.5,0.0
5,13,66,20,-0.5,0.0
5,13,67,97,-0.5,0.0
5,13,68,106,0.5,0.0
5,13,69,103,-0.5,0.0
5,13,70,100,0.5,0.0
5,13,71,3,-0.5,0.0
5,13,72,58,0.5,0.0
5,13,73,107,-0.5,0.0
5,13,74,104,0.5,0.0
5,13,75,15,-0.5,0.0
5,13,76,110,0.5,0.0
5,13,77,9,0.5,0.0
5,13,78,12,0.5,0.0
5,13,79,109,-0.5,0.0
5,13,80,18,0.5,0.0
5,13,81,115,-0.5,0.0
5,13,82,112,0.5,0.0
5,13,83,23,-0.5,0.0
5,13,84,118,0.5,0.0
5,13,85,17,0.5,0.0
5,13,86,60,0.5,0.0
5,13,87,117,-0.5,0.0
5,13,88,122,0.5,0.0
5,13,89,29,0.5,0.0
5,13,90,36,-0.5,0.0
5,13,91,121,-0.5,0.0
5,13,92,102,-0.5,0.0
5,13,93,127,-0.5,0.0
5,13,94,124,0.5,0.0
5,13,95,27,-0.5,0.0
5,13,96,6,-0.5,0.0
5,13,97,67,0.5,0.0
5,13,98,64,-0.5,0.0
5,13,99,39,-0.5,0.0
5,13,100,70,-0.5,0.0
5,13,101,33,0.5,0.0
5,13,102,92,0.5,0.0
5,13,103,69,0.5,0.0
5,13,104,74,-0.5,0.0
5,13,105,45,0.5,0.0
5,13,106,68,-0.5,0.0
5,13,107,73,0.5,0.0
5,13,108,126,-0.5,0.0
5,13,109,79,0.5,0.0
5,13,110,76,-0.5,0.0
5,13,111,43,-0.5,0.0
5,13,112,82,-0.5,0.0
5,13,113,53,0.5,0.0
5,13,114,116,-0.5,0.0
5,13,115,81,0.5,0.0
5,13,116,114,0.5,0.0
5,13,117,87,0.5,0.0
5,13,118,84,-0.5,0.0
5,13,119,51,-0.5,0.0
5,13,120,54,-0.5,0.0
5,13,121,91,0.5,0.0
5,13,122,88,-0.5,0.0
5,13,123,63,-0.5,0.0
5,13,124,94,-0.5,0.0
5,13,125,57,0.5,0.0
5,13,126,108,0.5,0.0
5,13,127,93,0.5,0.0
5,14,0,6,0.0,0.5
5,14,1,32,0.0,0.5
5,14,2,35,0.0,-0.5
5,14,3,65,0.0,0.5
5,14,4,37,0.0,-0.5
5,14,5,71,0.0,-0.5
5,14,6,0,0.0,0.5
5,14,7,38,0.0,0.5
5,14,8,41,0.0,-0.5
5,14,9,75,0.0,-0.5
5,14,10,96,0.0,-0.5
5,14,11,42,0.0,0.5
5,14,12,66,0.0,-0.5
5,14,13,44,0.0,0.5
5,14,14,47,0.0,-0.5
5,14,15,77,0.0,0.5
5,14,16,49,0.0,-0.5
5,14,17,83,0.0,-0.5
5,14,18,48,0.0,-0.5
5,14,19,50,0.0,0.5
5,14,20,78,0.0,0.5
5,14,21,52,0.0,0.5
5,14,22,55,0.0,-0.5
5,14,23,85,0.0,0.5
5,14,24,34,0.0,-0.5
5,14,25,56,0.0,0.5
5,14,26,59,0.0,-0.5
5,14,27,89,0.0,0.5
5,14,28,61,0.0,-0.5
5,14,29,95,0.0,-0.5
5,14,30,80,0.0,0.5
5,14,31,62,0.0,0.5
5,14,32,1,0.0,0.5
5,14,33,99,0.0,-0.5
5,14,34,24,0.0,-0.5
5,14,35,2,0.0,-0.5
5,14,36,86,0.0,0.5
5,14,37,4,0.0,-0.5
5,14,38,7,0.0,0.5
5,14,39,101,0.0,0.5
5,14,40,46,0.0,0.5
5,14,41,8,0.0,-0.5
5,14,42,11,0.0,0.5
5,14,43,105,0.0,0.5
5,14,44,13,0.0,0.5
5,14,45,111,0.0,-0.5
5,14,46,40,0.0,0.5
5,14,47,14,0.0,-0.5
5,14,48,18,0.0,-0.5
5,14,49,16,0.0,-0.5
5,14,50,19,0.0,0.5
5,14,51,113,0.0,0.5
5,14,52,21,0.0,0.5
5,14,53,119,0.0,-0.5
5,14,54,72,0.0,0.5
5,14,55,22,0.0,-0.5
5,14,56,25,0.0,0.5
5,14,57,123,0.0,-0.5
5,14,58,120,0.0,-0.5
5,14,59,26,0.0,-0.5
5,14,60,90,0.0,-0.5
5,14,61,28,0.0,-0.5
5,14,62,31,0.0,0.5
5,14,63,125,0.0,0.5
5,14,64,97,0.0,0.5
5,14,65,3,0.0,0.5
5,14,66,12,0.0,-0.5
5,14,67,98,0.0,-0.5
5,14,68,102,0.0,0.5
5,14,69,100,0.0,-0.5
5,14,70,103,0.0,0.5
5,14,71,5,0.0,-0.5
5,14,72,54,0.0,0.5
5,14,73,104,0.0,-0.5
5,14,74,107,0.0,0.5
5,14,75,9,0.0,-0.5
5,14,76,109,0.0,0.5
5,14,77,15,0.0,0.5
5,14,78,20,0.0,0.5
5,14,79,110,0.0,-0.5
5,14,80,30,0.0,0.5
5,14,81,112,0.0,-0.5
5,14,82,115,0.0,0.5
5,14,83,17,0.0,-0.5
5,14,84,117,0.0,0.5
5,14,85,23,0.0,0.5
5,14,86,36,0.0,0.5
5,14,87,118,0.0,-0.5
5,14,88,121,0.0,0.5
5,14,89,27,0.0,0.5
5,14,90,60,0.0,-0.5
5,14,91,122,0.0,-0.5
5,14,92,106,0.0,-0.5
5,14,93,124,0.0,-0.5
5,14,94,127,0.0,0.5
5,14,95,29,0.0,-0.5
5,14,96,10,0.0,-0.5
5,14,97,64,0.0,0.5
5,14,98,67,0.0,-0.5
5,14,99,33,0.0,-0.5
5,14,100,69,0.0,-0.5
5,14,101,39,0.0,0.5
5,14,102,68,0.0,0.5
5,14,103,70,0.0,0.5
5,14,104,73,0.0,-0.5
5,14,105,43,0.0,0.5
5,14,106,92,0.0,-0.5
5,14,107,74,0.0,0.5
5,14,108,114,0.0,-0.5
5,14,109,76,0.0,0.5
5,14,110,79,0.0,-0.5
5,14,111,45,0.0,-0.5
5,14,112,81,0.0,-0.5
5,14,113,51,0.0,0.5
5,14,114,108,0.0,-0.5
5,14,115,82,0.0,0.5
5,14,116,126,0.0,0.5
5,14,117,84,0.0,0.5
5,14,118,87,0.0,-0.5
5,14,119,53,0.0,-0.5
5,14,120,58,0.0,-0.5
5,14,121,88,0.0,0.5
5,14,122,91,0.0,-0.5
5,14,123,57,0.0,-0.5
5,14,124,93,0.0,-0.5
5,14,125,63,0.0,0.5
5,14,126,116,0.0,0.5
5,14,127,94,0.0,0.5
5,15,0,6,0.5,0.0
5,15,1,32,-0.5,0.0
5,15,2,35,-0.5,0.0
5,15,3,65,-0.5,0.0
5,15,4,37,-0.5,0.0
5,15,5,71,-0.5,0.0
5,15,6,0,-0.5,0.0
5,15,7,38,-0.5,0.0
5,15,8,41,-0.5,0.0
5,15,9,75,-0.5,0.0
5,15,10,96,-0.5,0.0
5,15,11,42,-0.5,0.0
5,15,12,66,0.5,0.0
5,15,13,44,-0.5,0.0
5,15,14,47,-0.5,0.0
5,15,15,77,-0.5,0.0
5,15,16,49,-0.5,0.0
5,15,17,83,-0.5,0.0
5,15,18,48,-0.5,0.0
5,15,19,50,-0.5,0.0
5,15,20,78,0.5,0.0
5,15,21,52,-0.5,0.0
5,15,22,55,-0.5,0.0
5,15,23,85,-0.5,0.0
5,15,24,34,0.5,0.0
5,15,25,56,-0.5,0.0
5,15,26,59,-0.5,0.0
5,15,27,89,-0.5,0.0
5,15,28,61,-0.5,0.0
5,15,29,95,-0.5,0.0
5,15,30,80,-0.5,0.0
5,15,31,62,-0.5,0.0
5,15,32,1,0.5,0.0
5,15,33,99,-0.5,0.0
5,15,34,24,-0.5,0.0
5,15,35,2,0.5,0.0
5,15,36,86,0.5,0.0
5,15,37,4,0.5,0.0
5,15,38,7,0.5,0.0
5,15,39,101,-0.5,0.0
5,15,40,46,0.5,0.0
5,15,41,8,0.5,0.0
5,15,42,11,0.5,0.0
5,15,43,105,-0.5,0.0
5,15,44,13,0.5,0.0
5,15,45,111,-0.5,0.0
5,15,46,40,-0.5,0.0
5,15,47,14,0.5,0.0
5,15,48,18,0.5,0.0
5,15,49,16,0.5,0.0
5,15,50,19,0.5,0.0
5,15,51,113,-0.5,0.0
5,15,52,21,0.5,0.0
5,15,53,119,-0.5,0.0
5,15,54,72,-0.5,0.0
5,15,55,22,0.5,0.0
5,15,56,25,0.5,0.0
5,15,57,123,-0.5,0.0
5,15,58,120,-0.5,0.0
5,15,59,26,0.5,0.0
5,15,60,90,0.5,0.0
5,15,61,28,0.5,0.0
5,15,62,31,0.5,0.0
5,15,63,125,-0.5,0.0
5,15,64,97,0.5,0.0
5,15,65,3,0.5,0.0
5,15,66,12,-0.5,0.0
5,15,67,98,0.5,0.0
5,15,68,102,0.5,0.0
5,15,69,100,0.5,0.0
5,15,70,103,0.5,0.0
5,15,71,5,0.5,0.0
5,15,72,54,0.5,0.0
5,15,73,104,0.5,0.0
5,15,74,107,0.5,0.0
5,15,75,9,0.5,0.0
5,15,76,109,0.5,0.0
5,15,77,15,0.5,0.0
5,15,78,20,-0.5,0.0
5,15,79,110,0.5,0.0
5,15,80,30,0.5,0.0
5,15,81,112,0.5,0.0
5,15,82,115,0.5,0.0
5,15,83,17,0.5,0.0
5,15,84,117,0.5,0.0
5,15,85,23,0.5,0.0
5,15,86,36,-0.5,0.0
5,15,87,118,0.5,0.0
5,15,88,121,0.5,0.0
5,15,89,27,0.5,0.0
5,15,90,60,-0.5,0.0
5,15,91,122,0.5,0.0
5,15,92,106,0.5,0.0
5,15,93,124,0.5,0.0
5,15,94,127,0.5,0.0
5,15,95,29,0.5,0.0
5,15,96,10,0.5,0.0
5,15,97,64,-0.5,0.0
5,15,98,67,-0.5,0.0
5,15,99,33,0.5,0.0
5,15,100,69,-0.5,0.0
5,15,101,39,0.5,0.0
5,15,102,68,-0.5,0.0
5,15,103,70,-0.5,0.0
5,15,104,73,-0.5,0.0
5,15,105,43,0.5,0.0
5,15,106,92,-0.5,0.0
5,15,107,74,-0.5,0.0
5,15,108,114,0.5,0.0
5,15,109,76,-0.5,0.0
5,15,110,79,-0.5,0.0
5,15,111,45,0.5,0.0
5,15,112,81,-0.5,0.0
5,15,113,51,0.5,0.0
5,15,114,108,-0.5,0.0
5,15,115,82,-0.5,0.0
5,15,116,126,0.5,0.0
5,15,117,84,-0.5,0.0
5,15,118,87,-0.5,0.0
5,15,119,53,0.5,0.0
5,15,120,58,0.5,0.0
5,15,121,88,-0.5,0.0
5,15,122,91,-0.5,0.0
5,15,123,57,0.5,0.0
5,15,124,93,-0.5,0.0
5,15,125,63,0.5,0.0
5,15,126,116,-0.5,0.0
5,15,127,94,-0.5,0.0
6,7,0,0,0.0,0.5
6,7,1,1,0.0,0.5
6,7,2,2,0.0,0.5
6,7,3,3,0.0,0.5
6,7,4,4,0.0,0.5
6,7,5,5,0.0,0.5
6,7,6,6,0.0,0.5
6,7,7,7,0.0,0.5
6,7,8,8,0.0,0.5
6,7,9,9,0.0,0.5
6,7,10,10,0.0,0.5
6,7,11,11,0.0,0.5
6,7,12,12,0.0,-0.5
6,7,13,13,0.0,0.5
6,7,14,14,0.0,0.5
6,7,15,15,0.0,0.5
6,7,16,16,0.0,-0.5
6,7,17,17,0.0,0.5
6,7,18,18,0.0,0.5
6,7,19,19,0.0,-0.5
6,7,20,20,0.0,-0.5
6,7,21,21,0.0,-0.5
6,7,22,22,0.0,-0.5
6,7,23,23,0.0,0.5
6,7,24,24,0.0,0.5
6,7,25,25,0.0,-0.5
6,7,26,26,0.0,-0.5
6,7,27,27,0.0,0.5
6,7,28,28,0.0,-0.5
6,7,29,29,0.0,0.5
6,7,30,30,0.0,0.5
6,7,31,31,0.0,-0.5
6,7,32,32,0.0,0.5
6,7,33,33,0.0,-0.5
6,7,34,34,0.0,0.5
6,7,35,35,0.0,0.5
6,7,36,36,0.0,-0.5
6,7,37,37,0.0,0.5
6,7,38,38,0.0,0.5
6,7,39,39,0.0,-0.5
6,7,40,40,0.0,0.5
6,7,41,41,0.0,0.5
6,7,42,42,0.0,0.5
6,7,43,43,0.0,-0.5
6,7,44,44,0.0,0.5
6,7,45,45,0.0,-0.5
6,7,46,46,0.0,0.5
6,7,47,47,0.0,0.5
6,7,48,48,0.0,0.5
6,7,49,49,0.0,-0.5
6,7,50,50,0.0,-0.5
6,7,51,51,0.0,-0.5
6,7,52,52,0.0,-0.5
6,7,53,53,0.0,-0.5
6,7,54,54,0.0,0.5
6,7,55,55,0.0,-0.5
6,7,56,56,0.0,-0.5
6,7,57,57,0.0,-0.5
6,7,58,58,0.0,0.5
6,7,59,59,0.0,-0.5
6,7,60,60,0.0,-0.5
6,7,61,61,0.0,-0.5
6,7,62,62,0.0,-0.5
6,7,63,63,0.0,-0.5
6,7,64,64,0.0,0.5
6,7,65,65,0.0,0.5
6,7,66,66,0.0,-0.5
6,7,67,67,0.0,0.5
6,7,68,68,0.0,-0.5
6,7,69,69,0.0,0.5
6,7,70,70,0.0,0.5
6,7,71,71,0.0,0.5
6,7,72,72,0.0,0.5
6,7,73,73,0.0,0.5
6,7,74,74,0.0,0.5
6,7,75,75,0.0,0.5
6,7,76,76,0.0,0.5
6,7,77,77,0.0,0.5
6,7,78,78,0.0,-0.5
6,7,79,79,0.0,0.5
6,7,80,80,0.0,0.5
6,7,81,81,0.0,-0.5
6,7,82,82,0.0,-0.5
6,7,83,83,0.0,0.5
6,7,84,84,0.0,-0.5
6,7,85,85,0.0,0.5
6,7,86,86,0.0,-0.5
6,7,87,87,0.0,-0.5
6,7,88,88,0.0,-0.5
6,7,89,89,0.0,0.5
6,7,90,90,0.0,-0.5
6,7,91,91,0.0,-0.5
6,7,92,92,0.0,-0.5
6,7,93,93,0.0,-0.5
6,7,94,94,0.0,-0.5
6,7,95,95,0.0,0.5
6,7,96,96,0.0,0.5
6,7,97,97,0.0,0.5
6,7,98,98,0.0,0.5
6,7,99,99,0.0,-0.5
6,7,100,100,0.0,0.5
6,7,101,101,0.0,-0.5
6,7,102,102,0.0,-0.5
6,7,103,103,0.0,0.5
6,7,104,104,0.0,0.5
6,7,105,105,0.0,-0.5
6,7,106,106,0.0,-0.5
6,7,107,107,0.0,0.5
6,7,108,108,0.0,-0.5
6,7,109,109,0.0,0.5
6,7,110,110,0.0,0.5
6,7,111,111,0.0,-0.5
6,7,112,112,0.0,-0.5
6,7,113,113,0.0,-0.5
6,7,114,114,0.0,-0.5
6,7,115,115,0.0,-0.5
6,7,116,116,0.0,-0.5
6,7,117,117,0.0,-0.5
6,7,118,118,0.0,-0.5
6,7,119,119,0.0,-0.5
6,7,120,120,0.0,0.5
6,7,121,121,0.0,-0.5
6,7,122,122,0.0,-0.5
6,7,123,123,0.0,-0.5
6,7,124,124,0.0,-0.5
6,7,125,125,0.0,-0.5
6,7,126,126,0.0,-0.5
6,7,127,127,0.0,-0.5
6,8,0,68,-0.5,0.0
6,8,1,25,-0.5,0.0
6,8,2,26,-0.5,0.0
6,8,3,51,-0.5,0.0
6,8,4,28,-0.5,0.0
6,8,5,53,-0.5,0.0
6,8,6,102,-0.5,0.0
6,8,7,31,-0.5,0.0
6,8,8,16,-0.5,0.0
6,8,9,57,-0.5,0.0
6,8,10,106,-0.5,0.0
6,8,11,19,-0.5,0.0
6,8,12,24,0.5,0.0
6,8,13,21,-0.5,0.0
6,8,14,22,-0.5,0.0
6,8,15,63,-0.5,0.0
6,8,16,8,0.5,0.0
6,8,17,33,-0.5,0.0
6,8,18,114,-0.5,0.0
6,8,19,11,0.5,0.0
6,8,20,40,0.5,0.0
6,8,21,13,0.5,0.0
6,8,22,14,0.5,0.0
6,8,23,39,-0.5,0.0
6,8,24,12,-0.5,0.0
6,8,25,1,0.5,0.0
6,8,26,2,0.5,0.0
6,8,27,43,-0.5,0.0
6,8,28,4,0.5,0.0
6,8,29,45,-0.5,0.0
6,8,30,126,-0.5,0.0
6,8,31,7,0.5,0.0
6,8,32,56,-0.5,0.0
6,8,33,17,0.5,0.0
6,8,34,66,-0.5,0.0
6,8,35,59,-0.5,0.0
6,8,36,72,0.5,0.0
6,8,37,61,-0.5,0.0
6,8,38,62,-0.5,0.0
6,8,39,23,0.5,0.0
6,8,40,20,-0.5,0.0
6,8,41,49,-0.5,0.0
6,8,42,50,-0.5,0.0
6,8,43,27,0.5,0.0
6,8,44,52,-0.5,0.0
6,8,45,29,0.5,0.0
6,8,46,78,-0.5,0.0
6,8,47,55,-0.5,0.0
6,8,48,108,-0.5,0.0
6,8,49,41,0.5,0.0
6,8,50,42,0.5,0.0
6,8,51,3,0.5,0.0
6,8,52,44,0.5,0.0
6,8,53,5,0.5,0.0
6,8,54,86,-0.5,0.0
6,8,55,47,0.5,0.0
6,8,56,32,0.5,0.0
6,8,57,9,0.5,0.0
6,8,58,90,-0.5,0.0
6,8,59,35,0.5,0.0
6,8,60,120,0.5,0.0
6,8,61,37,0.5,0.0
6,8,62,38,0.5,0.0
6,8,63,15,0.5,0.0
6,8,64,88,-0.5,0.0
6,8,65,113,-0.5,0.0
6,8,66,34,0.5,0.0
6,8,67,91,-0.5,0.0
6,8,68,0,0.5,0.0
6,8,69,93,-0.5,0.0
6,8,70,94,-0.5,0.0
6,8,71,119,-0.5,0.0
6,8,72,36,-0.5,0.0
6,8,73,81,-0.5,0.0
6,8,74,82,-0.5,0.0
6,8,75,123,-0.5,0.0
6,8,76,84,-0.5,0.0
6,8,77,125,-0.5,0.0
6,8,78,46,0.5,0.0
6,8,79,87,-0.5,0.0
6,8,80,116,-0.5,0.0
6,8,81,73,0.5,0.0
6,8,82,74,0.5,0.0
6,8,83,99,-0.5,0.0
6,8,84,76,0.5,0.0
6,8,85,101,-0.5,0.0
6,8,86,54,0.5,0.0
6,8,87,79,0.5,0.0
6,8,88,64,0.5,0.0
6,8,89,105,-0.5,0.0
6,8,90,58,0.5,0.0
6,8,91,67,0.5,0.0
6,8,92,96,0.5,0.0
6,8,93,69,0.5,0.0
6,8,94,70,0.5,0.0
6,8,95,111,-0.5,0.0
6,8,96,92,-0.5,0.0
6,8,97,121,-0.5,0.0
6,8,98,122,-0.5,0.0
6,8,99,83,0.5,0.0
6,8,100,124,-0.5,0.0
6,8,101,85,0.5,0.0
6,8,102,6,0.5,0.0
6,8,103,127,-0.5,0.0
6,8,104,112,-0.5,0.0
6,8,105,89,0.5,0.0
6,8,106,10,0.5,0.0
6,8,107,115,-0.5,0.0
6,8,108,48,0.5,0.0
6,8,109,117,-0.5,0.0
6,8,110,118,-0.5,0.0
6,8,111,95,0.5,0.0
6,8,112,104,0.5,0.0
6,8,113,65,0.5,0.0
6,8,114,18,0.5,0.0
6,8,115,107,0.5,0.0
6,8,116,80,0.5,0.0
6,8,117,109,0.5,0.0
6,8,118,110,0.5,0.0
6,8,119,71,0.5,0.0
6,8,120,60,-0.5,0.0
6,8,121,97,0.5,0.0
6,8,122,98,0.5,0.0
6,8,123,75,0.5,0.0
6,8,124,100,0.5,0.0
6,8,125,77,0.5,0.0
6,8,126,30,0.5,0.0
6,8,127,103,0.5,0.0
6,9,0,68,0.0,0.5
6,9,1,25,0.0,0.5
6,9,2,26,0.0,0.5
6,9,3,51,0.0,0.5
6,9,4,28,0.0,0.5
6,9,5,53,0.0,0.5
6,9,6,102,0.0,0.5
6,9,7,31,0.0,0.5
6,9,8,16,0.0,-0.5
6,9,9,57,0.0,0.5
6,9,10,106,0.0,0.5
6,9,11,19,0.0,-0.5
6,9,12,24,0.0,-0.5
6,9,13,21,0.0,-0.5
6,9,14,22,0.0,-0.5
6,9,15,63,0.0,0.5
6,9,16,8,0.0,-0.5
6,9,17,33,0.0,-0.5
6,9,18,114,0.0,0.5
6,9,19,11,0.0,-0.5
6,9,20,40,0.0,-0.5
6,9,21,13,0.0,-0.5
6,9,22,14,0.0,-0.5
6,9,23,39,0.0,-0.5
6,9,24,12,0.0,-0.5
6,9,25,1,0.0,0.5
6,9,26,2,0.0,0.5
6,9,27,43,0.0,-0.5
6,9,28,4,0.0,0.5
6,9,29,45,0.0,-0.5
6,9,30,126,0.0,0.5
6,9,31,7,0.0,0.5
6,9,32,56,0.0,0.5
6,9,33,17,0.0,-0.5
6,9,34,66,0.0,-0.5
6,9,35,59,0.0,0.5
6,9,36,72,0.0,-0.5
6,9,37,61,0.0,0.5
6,9,38,62,0.0,0.5
6,9,39,23,0.0,-0.5
6,9,40,20,0.0,-0.5
6,9,41,49,0.0,-0.5
6,9,42,50,0.0,-0.5
6,9,43,27,0.0,-0.5
6,9,44,52,0.0,-0.5
6,9,45,29,0.0,-0.5
6,9,46,78,0.0,-0.5
6,9,47,55,0.0,-0.5
6,9,48,108,0.0,0.5
6,9,49,41,0.0,-0.5
6,9,50,42,0.0,-0.5
6,9,51,3,0.0,0.5
6,9,52,44,0.0,-0.5
6,9,53,5,0.0,0.5
6,9,54,86,0.0,-0.5
6,9,55,47,0.0,-0.5
6,9,56,32,0.0,0.5
6,9,57,9,0.0,0.5
6,9,58,90,0.0,-0.5
6,9,59,35,0.0,0.5
6,9,60,120,0.0,-0.5
6,9,61,37,0.0,0.5
6,9,62,38,0.0,0.5
6,9,63,15,0.0,0.5
6,9,64,88,0.0,0.5
6,9,65,113,0.0,0.5
6,9,66,34,0.0,-0.5
6,9,67,91,0.0,0.5
6,9,68,0,0.0,0.5
6,9,69,93,0.0,0.5
6,9,70,94,0.0,0.5
6,9,71,119,0.0,0.5
6,9,72,36,0.0,-0.5
6,9,73,81,0.0,-0.5
6,9,74,82,0.0,-0.5
6,9,75,123,0.0,0.5
6,9,76,84,0.0,-0.5
6,9,77,125,0.0,0.5
6,9,78,46,0.0,-0.5
6,9,79,87,0.0,-0.5
6,9,80,116,0.0,0.5
6,9,81,73,0.0,-0.5
6,9,82,74,0.0,-0.5
6,9,83,99,0.0,-0.5
6,9,84,76,0.0,-0.5
6,9,85,101,0.0,-0.5
6,9,86,54,0.0,-0.5
6,9,87,79,0.0,-0.5
6,9,88,64,0.0,0.5
6,9,89,105,0.0,-0.5
6,9,90,58,0.0,-0.5
6,9,91,67,0.0,0.5
6,9,92,96,0.0,0.5
6,9,93,69,0.0,0.5
6,9,94,70,0.0,0.5
6,9,95,111,0.0,-0.5
6,9,96,92,0.0,0.5
6,9,97,121,0.0,0.5
6,9,98,122,0.0,0.5
6,9,99,83,0.0,-0.5
6,9,100,124,0.0,0.5
6,9,101,85,0.0,-0.5
6,9,102,6,0.0,0.5
6,9,103,127,0.0,0.5
6,9,104,112,0.0,-0.5
6,9,105,89,0.0,-0.5
6,9,106,10,0.0,0.5
6,9,107,115,0.0,-0.5
6,9,108,48,0.0,0.5
6,9,109,117,0.0,-0.5
6,9,110,118,0.0,-0.5
6,9,111,95,0.0,-0.5
6,9,112,104,0.0,-0.5
6,9,113,65,0.0,0.5
6,9,114,18,0.0,0.5
6,9,115,107,0.0,-0.5
6,9,116,80,0.0,0.5
6,9,117,109,0.0,-0.5
6,9,118,110,0.0,-0.5
6,9,119,71,0.0,0.5
6,9,120,60,0.0,-0.5
6,9,121,97,0.0,0.5
6,9,122,98,0.0,0.5
6,9,123,75,0.0,0.5
6,9,124,100,0.0,0.5
6,9,125,77,0.0,0.5
6,9,126,30,0.0,0.5
6,9,127,103,0.0,0.5
6,10,0,36,-0.5,0.0
6,10,1,21,-0.5,0.0
6,10,2,22,-0.5,0.0
6,10,3,43,-0.5,0.0
6,10,4,16,-0.5,0.0
6,10,5,45,-0.5,0.0
6,10,6,86,-0.5,0.0
6,10,7,19,-0.5,0.0
6,10,8,28,0.5,0.0
6,10,9,33,-0.5,0.0
6,10,10,90,-0.5,0.0
6,10,11,31,0.5,0.0
6,10,12,48,0.5,0.0
6,10,13,25,0.5,0.0
6,10,14,26,0.5,0.0
6,10,15,39,-0.5,0.0
6,10,16,4,0.5,0.0
6,10,17,57,0.5,0.0
6,10,18,66,-0.5,0.0
6,10,19,7,0.5,0.0
6,10,20,80,0.5,0.0
6,10,21,1,0.5,0.0
6,10,22,2,0.5,0.0
6,10,23,63,0.5,0.0
6,10,24,108,0.5,0.0
6,10,25,13,-0.5,0.0
6,10,26,14,-0.5,0.0
6,10,27,51,0.5,0.0
6,10,28,8,-0.5,0.0
6,10,29,53,0.5,0.0
6,10,30,78,-0.5,0.0
6,10,31,11,-0.5,0.0
6,10,32,52,-0.5,0.0
6,10,33,9,0.5,0.0
6,10,34,114,0.5,0.0
6,10,35,55,-0.5,0.0
6,10,36,0,0.5,0.0
6,10,37,49,-0.5,0.0
6,10,38,50,-0.5,0.0
6,10,39,15,0.5,0.0
6,10,40,116,0.5,0.0
6,10,41,61,0.5,0.0
6,10,42,62,0.5,0.0
6,10,43,3,0.5,0.0
6,10,44,56,0.5,0.0
6,10,45,5,0.5,0.0
6,10,46,126,0.5,0.0
6,10,47,59,0.5,0.0
6,10,48,12,-0.5,0.0
6,10,49,37,0.5,0.0
6,10,50,38,0.5,0.0
6,10,51,27,-0.5,0.0
6,10,52,32,0.5,0.0
6,10,53,29,-0.5,0.0
6,10,54,102,0.5,0.0
6,10,55,35,0.5,0.0
6,10,56,44,-0.5,0.0
6,10,57,17,-0.5,0.0
6,10,58,106,0.5,0.0
6,10,59,47,-0.5,0.0
6,10,60,96,0.5,0.0
6,10,61,41,-0.5,0.0
6,10,62,42,-0.5,0.0
6,10,63,23,-0.5,0.0
6,10,64,84,-0.5,0.0
6,10,65,105,-0.5,0.0
6,10,66,18,0.5,0.0
6,10,67,87,-0.5,0.0
6,10,68,72,-0.5,0.0
6,10,69,81,-0.5,0.0
6,10,70,82,-0.5,0.0
6,10,71,111,-0.5,0.0
6,10,72,68,0.5,0.0
6,10,73,93,0.5,0.0
6,10,74,94,0.5,0.0
6,10,75,99,-0.5,0.0
6,10,76,88,0.5,0.0
6,10,77,101,-0.5,0.0
6,10,78,30,0.5,0.0
6,10,79,91,0.5,0.0
6,10,80,20,-0.5,0.0
6,10,81,69,0.5,0.0
6,10,82,70,0.5,0.0
6,10,83,123,0.5,0.0
6,10,84,64,0.5,0.0
6,10,85,125,0.5,0.0
6,10,86,6,0.5,0.0
6,10,87,67,0.5,0.0
6,10,88,76,-0.5,0.0
6,10,89,113,0.5,0.0
6,10,90,10,0.5,0.0
6,10,91,79,-0.5,0.0
6,10,92,120,-0.5,0.0
6,10,93,73,-0.5,0.0
6,10,94,74,-0.5,0.0
6,10,95,119,0.5,0.0
6,10,96,60,-0.5,0.0
6,10,97,117,-0.5,0.0
6,10,98,118,-0.5,0.0
6,10,99,75,0.5,0.0
6,10,100,112,-0.5,0.0
6,10,101,77,0.5,0.0
6,10,102,54,-0.5,0.0
6,10,103,115,-0.5,0.0
6,10,104,124,0.5,0.0
6,10,105,65,0.5,0.0
6,10,106,58,-0.5,0.0
6,10,107,127,0.5,0.0
6,10,108,24,-0.5,0.0
6,10,109,121,0.5,0.0
6,10,110,122,0.5,0.0
6,10,111,71,0.5,0.0
6,10,112,100,0.5,0.0
6,10,113,89,-0.5,0.0
6,10,114,34,-0.5,0.0
6,10,115,103,0.5,0.0
6,10,116,40,-0.5,0.0
6,10,117,97,0.5,0.0
6,10,118,98,0.5,0.0
6,10,119,95,-0.5,0.0
6,10,120,92,0.5,0.0
6,10,121,109,-0.5,0.0
6,10,122,110,-0.5,0.0
6,10,123,83,-0.5,0.0
6,10,124,104,-0.5,0.0
6,10,125,85,-0.5,0.0
6,10,126,46,-0.5,0.0
6,10,127,107,-0.5,0.0
6,11,0,36,0.0,0.5
6,11,1,21,0.0,0.5
6,11,2,22,0.0,0.5
6,11,3,43,0.0,0.5
6,11,4,16,0.0,-0.5
6,11,5,45,0.0,0.5
6,11,6,86,0.0,0.5
6,11,7,19,0.0,-0.5
6,11,8,28,0.0,-0.5
6,11,9,33,0.0,-0.5
6,11,10,90,0.0,0.5
6,11,11,31,0.0,-0.5
6,11,12,48,0.0,-0.5
6,11,13,25,0.0,0.5
6,11,14,26,0.0,0.5
6,11,15,39,0.0,-0.5
6,11,16,4,0.0,-0.5
6,11,17,57,0.0,-0.5
6,11,18,66,0.0,-0.5
6,11,19,7,0.0,-0.5
6,11,20,80,0.0,-0.5
6,11,21,1,0.0,0.5
6,11,22,2,0.0,0.5
6,11,23,63,0.0,-0.5
6,11,24,108,0.0,-0.5
6,11,25,13,0.0,0.5
6,11,26,14,0.0,0.5
6,11,27,51,0.0,0.5
6,11,28,8,0.0,-0.5
6,11,29,53,0.0,0.5
6,11,30,78,0.0,-0.5
6,11,31,11,0.0,-0.5
6,11,32,52,0.0,0.5
6,11,33,9,0.0,-0.5
6,11,34,114,0.0,-0.5
6,11,35,55,0.0,0.5
6,11,36,0,0.0,0.5
6,11,37,49,0.0,-0.5
6,11,38,50,0.0,-0.5
6,11,39,15,0.0,-0.5
6,11,40,116,0.0,-0.5
6,11,41,61,0.0,-0.5
6,11,42,62,0.0,-0.5
6,11,43,3,0.0,0.5
6,11,44,56,0.0,0.5
6,11,45,5,0.0,0.5
6,11,46,126,0.0,-0.5
6,11,47,59,0.0,0.5
6,11,48,12,0.0,-0.5
6,11,49,37,0.0,-0.5
6,11,50,38,0.0,-0.5
6,11,51,27,0.0,0.5
6,11,52,32,0.0,0.5
6,11,53,29,0.0,0.5
6,11,54,102,0.0,0.5
6,11,55,35,0.0,0.5
6,11,56,44,0.0,0.5
6,11,57,17,0.0,-0.5
6,11,58,106,0.0,0.5
6,11,59,47,0.0,0.5
6,11,60,96,0.0,0.5
6,11,61,41,0.0,-0.5
6,11,62,42,0.0,-0.5
6,11,63,23,0.0,-0.5
6,11,64,84,0.0,0.5
6,11,65,105,0.0,0.5
6,11,66,18,0.0,-0.5
6,11,67,87,0.0,0.5
6,11,68,72,0.0,0.5
6,11,69,81,0.0,-0.5
6,11,70,82,0.0,-0.5
6,11,71,111,0.0,0.5
6,11,72,68,0.0,0.5
6,11,73,93,0.0,-0.5
6,11,74,94,0.0,-0.5
6,11,75,99,0.0,-0.5
6,11,76,88,0.0,0.5
6,11,77,101,0.0,-0.5
6,11,78,30,0.0,-0.5
6,11,79,91,0.0,0.5
6,11,80,20,0.0,-0.5
6,11,81,69,0.0,-0.5
6,11,82,70,0.0,-0.5
6,11,83,123,0.0,-0.5
6,11,84,64,0.0,0.5
6,11,85,125,0.0,-0.5
6,11,86,6,0.0,0.5
6,11,87,67,0.0,0.5
6,11,88,76,0.0,0.5
6,11,89,113,0.0,0.5
6,11,90,10,0.0,0.5
6,11,91,79,0.0,0.5
6,11,92,120,0.0,0.5
6,11,93,73,0.0,-0.5
6,11,94,74,0.0,-0.5
6,11,95,119,0.0,0.5
6,11,96,60,0.0,0.5
6,11,97,117,0.0,0.5
6,11,98,118,0.0,0.5
6,11,99,75,0.0,-0.5
6,11,100,112,0.0,-0.5
6,11,101,77,0.0,-0.5
6,11,102,54,0.0,0.5
6,11,103,115,0.0,-0.5
6,11,104,124,0.0,-0.5
6,11,105,65,0.0,0.5
6,11,106,58,0.0,0.5
6,11,107,127,0.0,-0.5
6,11,108,24,0.0,-0.5
6,11,109,121,0.0,0.5
6,11,110,122,0.0,0.5
6,11,111,71,0.0,0.5
6,11,112,100,0.0,-0.5
6,11,113,89,0.0,0.5
6,11,114,34,0.0,-0.5
6,11,115,103,0.0,-0.5
6,11,116,40,0.0,-0.5
6,11,117,97,0.0,0.5
6,11,118,98,0.0,0.5
6,11,119,95,0.0,0.5
6,11,120,92,0.0,0.5
6,11,121,109,0.0,0.5
6,11,122,110,0.0,0.5
6,11,123,83,0.0,-0.5
6,11,124,104,0.0,-0.5
6,11,125,85,0.0,-0.5
6,11,126,46,0.0,-0.5
6,11,127,107,0.0,-0.5
6,12,0,20,-0.5,0.0
6,12,1,19,-0.5,0.0
6,12,2,16,-0.5,0.0
6,12,3,39,-0.5,0.0
6,12,4,22,0.5,0.0
6,12,5,33,-0.5,0.0
6,12,6,78,-0.5,0.0
6,12,7,21,0.5,0.0
6,12,8,26,0.5,0.0
6,12,9,45,0.5,0.0
6,12,10,66,-0.5,0.0
6,12,11,25,0.5,0.0
6,12,12,96,0.5,0.0
6,12,13,31,-0.5,0.0
6,12,14,28,-0.5,0.0
6,12,15,43,0.5,0.0
6,12,16,2,0.5,0.0
6,12,17,53,0.5,0.0
6,12,18,90,0.5,0.0
6,12,19,1,0.5,0.0
6,12,20,0,0.5,0.0
6,12,21,7,-0.5,0.0
6,12,22,4,-0.5,0.0
6,12,23,51,0.5,0.0
6,12,24,92,0.5,0.0
6,12,25,11,-0.5,0.0
6,12,26,8,-0.5,0.0
6,12,27,63,-0.5,0.0
6,12,28,14,0.5,0.0
6,12,29,57,-0.5,0.0
6,12,30,86,0.5,0.0
6,12,31,13,0.5,0.0
6,12,32,50,-0.5,0.0
6,12,33,5,0.5,0.0
6,12,34,106,0.5,0.0
6,12,35,49,-0.5,0.0
6,12,36,80,-0.5,0.0
6,12,37,55,0.5,0.0
6,12,38,52,0.5,0.0
6,12,39,3,0.5,0.0
6,12,40,68,0.5,0.0
6,12,41,59,0.5,0.0
6,12,42,56,0.5,0.0
6,12,43,15,-0.5,0.0
6,12,44,62,-0.5,0.0
6,12,45,9,-0.5,0.0
6,12,46,102,0.5,0.0
6,12,47,61,-0.5,0.0
6,12,48,60,0.5,0.0
6,12,49,35,0.5,0.0
6,12,50,32,0.5,0.0
6,12,51,23,-0.5,0.0
6,12,52,38,-0.5,0.0
6,12,53,17,-0.5,0.0
6,12,54,126,-0.5,0.0
6,12,55,37,-0.5,0.0
6,12,56,42,-0.5,0.0
6,12,57,29,0.5,0.0
6,12,58,114,-0.5,0.0
6,12,59,41,-0.5,0.0
6,12,60,48,-0.5,0.0
6,12,61,47,0.5,0.0
6,12,62,44,0.5,0.0
6,12,63,27,0.5,0.0
6,12,64,82,-0.5,0.0
6,12,65,101,-0.5,0.0
6,12,66,10,0.5,0.0
6,12,67,81,-0.5,0.0
6,12,68,40,-0.5,0.0
6,12,69,87,0.5,0.0
6,12,70,84,0.5,0.0
6,12,71,99,-0.5,0.0
6,12,72,116,-0.5,0.0
6,12,73,91,0.5,0.0
6,12,74,88,0.5,0.0
6,12,75,111,0.5,0.0
6,12,76,94,-0.5,0.0
6,12,77,105,0.5,0.0
6,12,78,6,0.5,0.0
6,12,79,93,-0.5,0.0
6,12,80,36,0.5,0.0
6,12,81,67,0.5,0.0
6,12,82,64,0.5,0.0
6,12,83,119,0.5,0.0
6,12,84,70,-0.5,0.0
6,12,85,113,0.5,0.0
6,12,86,30,-0.5,0.0
6,12,87,69,-0.5,0.0
6,12,88,74,-0.5,0.0
6,12,89,125,-0.5,0.0
6,12,90,18,-0.5,0.0
6,12,91,73,-0.5,0.0
6,12,92,24,-0.5,0.0
6,12,93,79,0.5,0.0
6,12,94,76,0.5,0.0
6,12,95,123,-0.5,0.0
6,12,96,12,-0.5,0.0
6,12,97,115,-0.5,0.0
6,12,98,112,-0.5,0.0
6,12,99,71,0.5,0.0
6,12,100,118,0.5,0.0
6,12,101,65,0.5,0.0
6,12,102,46,-0.5,0.0
6,12,103,117,0.5,0.0
6,12,104,122,0.5,0.0
6,12,105,77,-0.5,0.0
6,12,106,34,-0.5,0.0
6,12,107,121,0.5,0.0
6,12,108,120,0.5,0.0
6,12,109,127,-0.5,0.0
6,12,110,124,-0.5,0.0
6,12,111,75,-0.5,0.0
6,12,112,98,0.5,0.0
6,12,113,85,-0.5,0.0
6,12,114,58,0.5,0.0
6,12,115,97,0.5,0.0
6,12,116,72,0.5,0.0
6,12,117,103,-0.5,0.0
6,12,118,100,-0.5,0.0
6,12,119,83,-0.5,0.0
6,12,120,108,-0.5,0.0
6,12,121,107,-0.5,0.0
6,12,122,104,-0.5,0.0
6,12,123,95,0.5,0.0
6,12,124,110,0.5,0.0
6,12,125,89,0.5,0.0
6,12,126,54,0.5,0.0
6,12,127,109,0.5,0.0
6,13,0,20,0.0,0.5
6,13,1,19,0.0,0.5
6,13,2,16,0.0,-0.5
6,13,3,39,0.0,0.5
6,13,4,22,0.0,-0.5
6,13,5,33,0.0,-0.5
6,13,6,78,0.0,0.5
6,13,7,21,0.0,0.5
6,13,8,26,0.0,-0.5
6,13,9,45,0.0,-0.5
6,13,10,66,0.0,-0.5
6,13,11,25,0.0,0.5
6,13,12,96,0.0,-0.5
6,13,13,31,0.0,0.5
6,13,14,28,0.0,-0.5
6,13,15,43,0.0,0.5
6,13,16,2,0.0,-0.5
6,13,17,53,0.0,-0.5
6,13,18,90,0.0,-0.5
6,13,19,1,0.0,0.5
6,13,20,0,0.0,0.5
6,13,21,7,0.0,0.5
6,13,22,4,0.0,-0.5
6,13,23,51,0.0,0.5
6,13,24,92,0.0,-0.5
6,13,25,11,0.0,0.5
6,13,26,8,0.0,-0.5
6,13,27,63,0.0,0.5
6,13,28,14,0.0,-0.5
6,13,29,57,0.0,-0.5
6,13,30,86,0.0,0.5
6,13,31,13,0.0,0.5
6,13,32,50,0.0,0.5
6,13,33,5,0.0,-0.5
6,13,34,106,0.0,-0.5
6,13,35,49,0.0,-0.5
6,13,36,80,0.0,0.5
6,13,37,55,0.0,-0.5
6,13,38,52,0.0,0.5
6,13,39,3,0.0,0.5
6,13,40,68,0.0,0.5
6,13,41,59,0.0,-0.5
6,13,42,56,0.0,0.5
6,13,43,15,0.0,0.5
6,13,44,62,0.0,0.5
6,13,45,9,0.0,-0.5
6,13,46,102,0.0,0.5
6,13,47,61,0.0,-0.5
6,13,48,60,0.0,-0.5
6,13,49,35,0.0,-0.5
6,13,50,32,0.0,0.5
6,13,51,23,0.0,0.5
6,13,52,38,0.0,0.5
6,13,53,17,0.0,-0.5
6,13,54,126,0.0,0.5
6,13,55,37,0.0,-0.5
6,13,56,42,0.0,0.5
6,13,57,29,0.0,-0.5
6,13,58,114,0.0,-0.5
6,13,59,41,0.0,-0.5
6,13,60,48,0.0,-0.5
6,13,61,47,0.0,-0.5
6,13,62,44,0.0,0.5
6,13,63,27,0.0,0.5
6,13,64,82,0.0,0.5
6,13,65,101,0.0,0.5
6,13,66,10,0.0,-0.5
6,13,67,81,0.0,-0.5
6,13,68,40,0.0,0.5
6,13,69,87,0.0,-0.5
6,13,70,84,0.0,0.5
6,13,71,99,0.0,-0.5
6,13,72,116,0.0,0.5
6,13,73,91,0.0,-0.5
6,13,74,88,0.0,0.5
6,13,75,111,0.0,-0.5
6,13,76,94,0.0,0.5
6,13,77,105,0.0,0.5
6,13,78,6,0.0,0.5
6,13,79,93,0.0,-0.5
6,13,80,36,0.0,0.5
6,13,81,67,0.0,-0.5
6,13,82,64,0.0,0.5
6,13,83,119,0.0,-0.5
6,13,84,70,0.0,0.5
6,13,85,113,0.0,0.5
6,13,86,30,0.0,0.5
6,13,87,69,0.0,-0.5
6,13,88,74,0.0,0.5
6,13,89,125,0.0,0.5
6,13,90,18,0.0,-0.5
6,13,91,73,0.0,-0.5
6,13,92,24,0.0,-0.5
6,13,93,79,0.0,-0.5
6,13,94,76,0.0,0.5
6,13,95,123,0.0,-0.5
6,13,96,12,0.0,-0.5
6,13,97,115,0.0,0.5
6,13,98,112,0.0,-0.5
6,13,99,71,0.0,-0.5
6,13,100,118,0.0,-0.5
6,13,101,65,0.0,0.5
6,13,102,46,0.0,0.5
6,13,103,117,0.0,0.5
6,13,104,122,0.0,-0.5
6,13,105,77,0.0,0.5
6,13,106,34,0.0,-0.5
6,13,107,121,0.0,0.5
6,13,108,120,0.0,-0.5
6,13,109,127,0.0,0.5
6,13,110,124,0.0,-0.5
6,13,111,75,0.0,-0.5
6,13,112,98,0.0,-0.5
6,13,113,85,0.0,0.5
6,13,114,58,0.0,-0.5
6,13,115,97,0.0,0.5
6,13,116,72,0.0,0.5
6,13,117,103,0.0,0.5
6,13,118,100,0.0,-0.5
6,13,119,83,0.0,-0.5
6,13,120,108,0.0,-0.5
6,13,121,107,0.0,0.5
6,13,122,104,0.0,-0.5
6,13,123,95,0.0,-0.5
6,13,124,110,0.0,-0.5
6,13,125,89,0.0,0.5
6,13,126,54,0.0,0.5
6,13,127,109,0.0,0.5
6,14,0,12,-0.5,0.0
6,14,1,16,-0.5,0.0
6,14,2,19,0.5,0.0
6,14,3,33,-0.5,0.0
6,14,4,21,0.5,0.0
6,14,5,39,0.5,0.0
6,14,6,66,-0.5,0.0
6,14,7,22,-0.5,0.0
6,14,8,25,0.5,0.0
6,14,9,43,0.5,0.0
6,14,10,78,0.5,0.0
6,14,11,26,-0.5,0.0
6,14,12,0,0.5,0.0
6,14,13,28,-0.5,0.0
6,14,14,31,0.5,0.0
6,14,15,45,-0.5,0.0
6,14,16,1,0.5,0.0
6,14,17,51,0.5,0.0
6,14,18,86,0.5,0.0
6,14,19,2,-0.5,0.0
6,14,20,96,-0.5,0.0
6,14,21,4,-0.5,0.0
6,14,22,7,0.5,0.0
6,14,23,53,-0.5,0.0
6,14,24,68,0.5,0.0
6,14,25,8,-0.5,0.0
6,14,26,11,0.5,0.0
6,14,27,57,-0.5,0.0
6,14,28,13,0.5,0.0
6,14,29,63,0.5,0.0
6,14,30,90,-0.5,0.0
6,14,31,14,-0.5,0.0
6,14,32,49,-0.5,0.0
6,14,33,3,0.5,0.0
6,14,34,102,0.5,0.0
6,14,35,50,0.5,0.0
6,14,36,48,-0.5,0.0
6,14,37,52,0.5,0.0
6,14,38,55,-0.5,0.0
6,14,39,5,-0.5,0.0
6,14,40,92,-0.5,0.0
6,14,41,56,0.5,0.0
6,14,42,59,-0.5,0.0
6,14,43,9,-0.5,0.0
6,14,44,61,-0.5,0.0
6,14,45,15,0.5,0.0
6,14,46,106,-0.5,0.0
6,14,47,62,0.5,0.0
6,14,48,36,0.5,0.0
6,14,49,32,0.5,0.0
6,14,50,35,-0.5,0.0
6,14,51,17,-0.5,0.0
6,14,52,37,-0.5,0.0
6,14,53,23,0.5,0.0
6,14,54,114,-0.5,0.0
6,14,55,38,0.5,0.0
6,14,56,41,-0.5,0.0
6,14,57,27,0.5,0.0
6,14,58,126,0.5,0.0
6,14,59,42,0.5,0.0
6,14,60,80,0.5,0.0
6,14,61,44,0.5,0.0
6,14,62,47,-0.5,0.0
6,14,63,29,-0.5,0.0
6,14,64,81,-0.5,0.0
6,14,65,99,-0.5,0.0
6,14,66,6,0.5,0.0
6,14,67,82,0.5,0.0
6,14,68,24,-0.5,0.0
6,14,69,84,0.5,0.0
6,14,70,87,-0.5,0.0
6,14,71,101,0.5,0.0
6,14,72,108,-0.5,0.0
6,14,73,88,0.5,0.0
6,14,74,91,-0.5,0.0
6,14,75,105,0.5,0.0
6,14,76,93,-0.5,0.0
6,14,77,111,-0.5,0.0
6,14,78,10,-0.5,0.0
6,14,79,94,0.5,0.0
6,14,80,60,-0.5,0.0
6,14,81,64,0.5,0.0
6,14,82,67,-0.5,0.0
6,14,83,113,0.5,0.0
6,14,84,69,-0.5,0.0
6,14,85,119,-0.5,0.0
6,14,86,18,-0.5,0.0
6,14,87,70,0.5,0.0
6,14,88,73,-0.5,0.0
6,14,89,123,-0.5,0.0
6,14,90,30,0.5,0.0
6,14,91,74,0.5,0.0
6,14,92,40,0.5,0.0
6,14,93,76,0.5,0.0
6,14,94,79,-0.5,0.0
6,14,95,125,0.5,0.0
6,14,96,20,0.5,0.0
6,14,97,112,-0.5,0.0
6,14,98,115,0.5,0.0
6,14,99,65,0.5,0.0
6,14,100,117,0.5,0.0
6,14,101,71,-0.5,0.0
6,14,102,34,-0.5,0.0
6,14,103,118,-0.5,0.0
6,14,104,121,0.5,0.0
6,14,105,75,-0.5,0.0
6,14,106,46,0.5,0.0
6,14,107,122,-0.5,0.0
6,14,108,72,0.5,0.0
6,14,109,124,-0.5,0.0
6,14,110,127,0.5,0.0
6,14,111,77,0.5,0.0
6,14,112,97,0.5,0.0
6,14,113,83,-0.5,0.0
6,14,114,54,0.5,0.0
6,14,115,98,-0.5,0.0
6,14,116,120,-0.5,0.0
6,14,117,100,-0.5,0.0
6,14,118,103,0.5,0.0
6,14,119,85,0.5,0.0
6,14,120,116,0.5,0.0
6,14,121,104,-0.5,0.0
6,14,122,107,0.5,0.0
6,14,123,89,0.5,0.0
6,14,124,109,0.5,0.0
6,14,125,95,-0.5,0.0
6,14,126,58,-0.5,0.0
6,14,127,110,-0.5,0.0
6,15,0,12,0.0,0.5
6,15,1,16,0.0,-0.5
6,15,2,19,0.0,-0.5
6,15,3,33,0.0,-0.5
6,15,4,21,0.0,-0.5
6,15,5,39,0.0,-0.5
6,15,6,66,0.0,-0.5
6,15,7,22,0.0,-0.5
6,15,8,25,0.0,-0.5
6,15,9,43,0.0,-0.5
6,15,10,78,0.0,-0.5
6,15,11,26,0.0,-0.5
6,15,12,0,0.0,0.5
6,15,13,28,0.0,-0.5
6,15,14,31,0.0,-0.5
6,15,15,45,0.0,-0.5
6,15,16,1,0.0,-0.5
6,15,17,51,0.0,-0.5
6,15,18,86,0.0,-0.5
6,15,19,2,0.0,-0.5
6,15,20,96,0.0,0.5
6,15,21,4,0.0,-0.5
6,15,22,7,0.0,-0.5
6,15,23,53,0.0,-0.5
6,15,24,68,0.0,0.5
6,15,25,8,0.0,-0.5
6,15,26,11,0.0,-0.5
6,15,27,57,0.0,-0.5
6,15,28,13,0.0,-0.5
6,15,29,63,0.0,-0.5
6,15,30,90,0.0,-0.5
6,15,31,14,0.0,-0.5
6,15,32,49,0.0,0.5
6,15,33,3,0.0,-0.5
6,15,34,102,0.0,-0.5
6,15,35,50,0.0,0.5
6,15,36,48,0.0,0.5
6,15,37,52,0.0,0.5
6,15,38,55,0.0,0.5
6,15,39,5,0.0,-0.5
6,15,40,92,0.0,0.5
6,15,41,56,0.0,0.5
6,15,42,59,0.0,0.5
6,15,43,9,0.0,-0.5
6,15,44,61,0.0,0.5
6,15,45,15,0.0,-0.5
6,15,46,106,0.0,-0.5
6,15,47,62,0.0,0.5
6,15,48,36,0.0,0.5
6,15,49,32,0.0,0.5
6,15,50,35,0.0,0.5
6,15,51,17,0.0,-0.5
6,15,52,37,0.0,0.5
6,15,53,23,0.0,-0.5
6,15,54,114,0.0,-0.5
6,15,55,38,0.0,0.5
6,15,56,41,0.0,0.5
6,15,57,27,0.0,-0.5
6,15,58,126,0.0,-0.5
6,15,59,42,0.0,0.5
6,15,60,80,0.0,0.5
6,15,61,44,0.0,0.5
6,15,62,47,0.0,0.5
6,15,63,29,0.0,-0.5
6,15,64,81,0.0,0.5
6,15,65,99,0.0,0.5
6,15,66,6,0.0,-0.5
6,15,67,82,0.0,0.5
6,15,68,24,0.0,0.5
6,15,69,84,0.0,0.5
6,15,70,87,0.0,0.5
6,15,71,101,0.0,0.5
6,15,72,108,0.0,0.5
6,15,73,88,0.0,0.5
6,15,74,91,0.0,0.5
6,15,75,105,0.0,0.5
6,15,76,93,0.0,0.5
6,15,77,111,0.0,0.5
6,15,78,10,0.0,-0.5
6,15,79,94,0.0,0.5
6,15,80,60,0.0,0.5
6,15,81,64,0.0,0.5
6,15,82,67,0.0,0.5
6,15,83,113,0.0,0.5
6,15,84,69,0.0,0.5
6,15,85,119,0.0,0.5
6,15,86,18,0.0,-0.5
6,15,87,70,0.0,0.5
6,15,88,73,0.0,0.5
6,15,89,123,0.0,0.5
6,15,90,30,0.0,-0.5
6,15,91,74,0.0,0.5
6,15,92,40,0.0,0.5
6,15,93,76,0.0,0.5
6,15,94,79,0.0,0.5
6,15,95,125,0.0,0.5
6,15,96,20,0.0,0.5
6,15,97,112,0.0,-0.5
6,15,98,115,0.0,-0.5
6,15,99,65,0.0,0.5
6,15,100,117,0.0,-0.5
6,15,101,71,0.0,0.5
6,15,102,34,0.0,-0.5
6,15,103,118,0.0,-0.5
6,15,104,121,0.0,-0.5
6,15,105,75,0.0,0.5
6,15,106,46,0.0,-0.5
6,15,107,122,0.0,-0.5
6,15,108,72,0.0,0.5
6,15,109,124,0.0,-0.5
6,15,110,127,0.0,-0.5
6,15,111,77,0.0,0.5
6,15,112,97,0.0,-0.5
6,15,113,83,0.0,0.5
6,15,114,54,0.0,-0.5
6,15,115,98,0.0,-0.5
6,15,116,120,0.0,0.5
6,15,117,100,0.0,-0.5
6,15,118,103,0.0,-0.5
6,15,119,85,0.0,0.5
6,15,120,116,0.0,0.5
6,15,121,104,0.0,-0.5
6,15,122,107,0.0,-0.5
6,15,123,89,0.0,0.5
6,15,124,109,0.0,-0.5
6,15,125,95,0.0,0.5
6,15,126,58,0.0,-0.5
6,15,127,110,0.0,-0.5
7,8,0,68,0.0,0.5
7,8,1,25,0.0,0.5
7,8,2,26,0.0,0.5
7,8,3,51,0.0,0.5
7,8,4,28,0.0,0.5
7,8,5,53,0.0,0.5
7,8,6,102,0.0,0.5
7,8,7,31,0.0,0.5
7,8,8,16,0.0,0.5
7,8,9,57,0.0,0.5
7,8,10,106,0.0,0.5
7,8,11,19,0.0,0.5
7,8,12,24,0.0,0.5
7,8,13,21,0.0,0.5
7,8,14,22,0.0,0.5
7,8,15,63,0.0,0.5
7,8,16,8,0.0,0.5
7,8,17,33,0.0,0.5
7,8,18,114,0.0,0.5
7,8,19,11,0.0,0.5
7,8,20,40,0.0,0.5
7,8,21,13,0.0,0.5
7,8,22,14,0.0,0.5
7,8,23,39,0.0,0.5
7,8,24,12,0.0,0.5
7,8,25,1,0.0,0.5
7,8,26,2,0.0,0.5
7,8,27,43,0.0,0.5
7,8,28,4,0.0,0.5
7,8,29,45,0.0,0.5
7,8,30,126,0.0,0.5
7,8,31,7,0.0,0.5
7,8,32,56,0.0,0.5
7,8,33,17,0.0,0.5
7,8,34,66,0.0,0.5
7,8,35,59,0.0,0.5
7,8,36,72,0.0,0.5
7,8,37,61,0.0,0.5
7,8,38,62,0.0,0.5
7,8,39,23,0.0,0.5
7,8,40,20,0.0,0.5
7,8,41,49,0.0,0.5
7,8,42,50,0.0,0.5
7,8,43,27,0.0,0.5
7,8,44,52,0.0,0.5
7,8,45,29,0.0,0.5
7,8,46,78,0.0,0.5
7,8,47,55,0.0,0.5
7,8,48,108,0.0,0.5
7,8,49,41,0.0,0.5
7,8,50,42,0.0,0.5
7,8,51,3,0.0,0.5
7,8,52,44,0.0,0.5
7,8,53,5,0.0,0.5
7,8,54,86,0.0,0.5
7,8,55,47,0.0,0.5
7,8,56,32,0.0,0.5
7,8,57,9,0.0,0.5
7,8,58,90,0.0,0.5
7,8,59,35,0.0,0.5
7,8,60,120,0.0,0.5
7,8,61,37,0.0,0.5
7,8,62,38,0.0,0.5
7,8,63,15,0.0,0.5
7,8,64,88,0.0,0.5
7,8,65,113,0.0,0.5
7,8,66,34,0.0,0.5
7,8,67,91,0.0,0.5
7,8,68,0,0.0,0.5
7,8,69,93,0.0,0.5
7,8,70,94,0.0,0.5
7,8,71,119,0.0,0.5
7,8,72,36,0.0,0.5
7,8,73,81,0.0,0.5
7,8,74,82,0.0,0.5
7,8,75,123,0.0,0.5
7,8,76,84,0.0,0.5
7,8,77,125,0.0,0.5
7,8,78,46,0.0,0.5
7,8,79,87,0.0,0.5
7,8,80,116,0.0,0.5
7,8,81,73,0.0,0.5
7,8,82,74,0.0,0.5
7,8,83,99,0.0,0.5
7,8,84,76,0.0,0.5
7,8,85,101,0.0,0.5
7,8,86,54,0.0,0.5
7,8,87,79,0.0,0.5
7,8,88,64,0.0,0.5
7,8,89,105,0.0,0.5
7,8,90,58,0.0,0.5
7,8,91,67,0.0,0.5
7,8,92,96,0.0,0.5
7,8,93,69,0.0,0.5
7,8,94,70,0.0,0.5
7,8,95,111,0.0,0.5
7,8,96,92,0.0,0.5
7,8,97,121,0.0,0.5
7,8,98,122,0.0,0.5
7,8,99,83,0.0,0.5
7,8,100,124,0.0,0.5
7,8,101,85,0.0,0.5
7,8,102,6,0.0,0.5
7,8,103,127,0.0,0.5
7,8,104,112,0.0,0.5
7,8,105,89,0.0,0.5
7,8,106,10,0.0,0.5
7,8,107,115,0.0,0.5
7,8,108,48,0.0,0.5
7,8,109,117,0.0,0.5
7,8,110,118,0.0,0.5
7,8,111,95,0.0,0.5
7,8,112,104,0.0,0.5
7,8,113,65,0.0,0.5
7,8,114,18,0.0,0.5
7,8,115,107,0.0,0.5
7,8,116,80,0.0,0.5
7,8,117,109,0.0,0.5
7,8,118,110,0.0,0.5
7,8,119,71,0.0,0.5
7,8,120,60,0.0,0.5
7,8,121,97,0.0,0.5
7,8,122,98,0.0,0.5
7,8,123,75,0.0,0.5
7,8,124,100,0.0,0.5
7,8,125,77,0.0,0.5
7,8,126,30,0.0,0.5
7,8,127,103,0.0,0.5
7,9,0,68,0.5,0.0
7,9,1,25,0.5,0.0
7,9,2,26,0.5,0.0
7,9,3,51,0.5,0.0
7,9,4,28,0.5,0.0
7,9,5,53,0.5,0.0
7,9,6,102,0.5,0.0
7,9,7,31,0.5,0.0
7,9,8,16,-0.5,0.0
7,9,9,57,0.5,0.0
7,9,10,106,0.5,0.0
7,9,11,19,-0.5,0.0
7,9,12,24,0.5,0.0
7,9,13,21,-0.5,0.0
7,9,14,22,-0.5,0.0
7,9,15,63,0.5,0.0
7,9,16,8,0.5,0.0
7,9,17,33,-0.5,0.0
7,9,18,114,0.5,0.0
7,9,19,11,0.5,0.0
7,9,20,40,0.5,0.0
7,9,21,13,0.5,0.0
7,9,22,14,0.5,0.0
7,9,23,39,-0.5,0.0
7,9,24,12,-0.5,0.0
7,9,25,1,-0.5,0.0
7,9,26,2,-0.5,0.0
7,9,27,43,-0.5,0.0
7,9,28,4,-0.5,0.0
7,9,29,45,-0.5,0.0
7,9,30,126,0.5,0.0
7,9,31,7,-0.5,0.0
7,9,32,56,0.5,0.0
7,9,33,17,0.5,0.0
7,9,34,66,-0.5,0.0
7,9,35,59,0.5,0.0
7,9,36,72,0.5,0.0
7,9,37,61,0.5,0.0
7,9,38,62,0.5,0.0
7,9,39,23,0.5,0.0
7,9,40,20,-0.5,0.0
7,9,41,49,-0.5,0.0
7,9,42,50,-0.5,0.0
7,9,43,27,0.5,0.0
7,9,44,52,-0.5,0.0
7,9,45,29,0.5,0.0
7,9,46,78,-0.5,0.0
7,9,47,55,-0.5,0.0
7,9,48,108,0.5,0.0
7,9,49,41,0.5,0.0
7,9,50,42,0.5,0.0
7,9,51,3,-0.5,0.0
7,9,52,44,0.5,0.0
7,9,53,5,-0.5,0.0
7,9,54,86,-0.5,0.0
7,9,55,47,0.5,0.0
7,9,56,32,-0.5,0.0
7,9,57,9,-0.5,0.0
7,9,58,90,-0.5,0.0
7,9,59,35,-0.5,0.0
7,9,60,120,0.5,0.0
7,9,61,37,-0.5,0.0
7,9,62,38,-0.5,0.0
7,9,63,15,-0.5,0.0
7,9,64,88,0.5,0.0
7,9,65,113,0.5,0.0
7,9,66,34,0.5,0.0
7,9,67,91,0.5,0.0
7,9,68,0,-0.5,0.0
7,9,69,93,0.5,0.0
7,9,70,94,0.5,0.0
7,9,71,119,0.5,0.0
7,9,72,36,-0.5,0.0
7,9,73,81,-0.5,0.0
7,9,74,82,-0.5,0.0
7,9,75,123,0.5,0.0
7,9,76,84,-0.5,0.0
7,9,77,125,0.5,0.0
7,9,78,46,0.5,0.0
7,9,79,87,-0.5,0.0
7,9,80,116,0.5,0.0
7,9,81,73,0.5,0.0
7,9,82,74,0.5,0.0
7,9,83,99,-0.5,0.0
7,9,84,76,0.5,0.0
7,9,85,101,-0.5,0.0
7,9,86,54,0.5,0.0
7,9,87,79,0.5,0.0
7,9,88,64,-0.5,0.0
7,9,89,105,-0.5,0.0
7,9,90,58,0.5,0.0
7,9,91,67,-0.5,0.0
7,9,92,96,-0.5,0.0
7,9,93,69,-0.5,0.0
7,9,94,70,-0.5,0.0
7,9,95,111,-0.5,0.0
7,9,96,92,0.5,0.0
7,9,97,121,0.5,0.0
7,9,98,122,0.5,0.0
7,9,99,83,0.5,0.0
7,9,100,124,0.5,0.0
7,9,101,85,0.5,0.0
7,9,102,6,-0.5,0.0
7,9,103,127,0.5,0.0
7,9,104,112,-0.5,0.0
7,9,105,89,0.5,0.0
7,9,106,10,-0.5,0.0
7,9,107,115,-0.5,0.0
7,9,108,48,-0.5,0.0
7,9,109,117,-0.5,0.0
7,9,110,118,-0.5,0.0
7,9,111,95,0.5,0.0
7,9,112,104,0.5,0.0
7,9,113,65,-0.5,0.0
7,9,114,18,-0.5,0.0
7,9,115,107,0.5,0.0
7,9,116,80,-0.5,0.0
7,9,117,109,0.5,0.0
7,9,118,110,0.5,0.0
7,9,119,71,-0.5,0.0
7,9,120,60,-0.5,0.0
7,9,121,97,-0.5,0.0
7,9,122,98,-0.5,0.0
7,9,123,75,-0.5,0.0
7,9,124,100,-0.5,0.0
7,9,125,77,-0.5,0.0
7,9,126,30,-0.5,0.0
7,9,127,103,-0.5,0.0
7,10,0,36,0.0,0.5
7,10,1,21,0.0,0.5
7,10,2,22,0.0,0.5
7,10,3,43,0.0,0.5
7,10,4,16,0.0,0.5
7,10,5,45,0.0,0.5
7,10,6,86,0.0,0.5
7,10,7,19,0.0,0.5
7,10,8,28,0.0,-0.5
7,10,9,33,0.0,0.5
7,10,10,90,0.0,0.5
7,10,11,31,0.0,-0.5
7,10,12,48,0.0,0.5
7,10,13,25,0.0,-0.5
7,10,14,26,0.0,-0.5
7,10,15,39,0.0,0.5
7,10,16,4,0.0,0.5
7,10,17,57,0.0,-0.5
7,10,18,66,0.0,0.5
7,10,19,7,0.0,0.5
7,10,20,80,0.0,0.5
7,10,21,1,0.0,0.5
7,10,22,2,0.0,0.5
7,10,23,63,0.0,-0.5
7,10,24,108,0.0,-0.5
7,10,25,13,0.0,-0.5
7,10,26,14,0.0,-0.5
7,10,27,51,0.0,-0.5
7,10,28,8,0.0,-0.5
7,10,29,53,0.0,-0.5
7,10,30,78,0.0,0.5
7,10,31,11,0.0,-0.5
7,10,32,52,0.0,0.5
7,10,33,9,0.0,0.5
7,10,34,114,0.0,-0.5
7,10,35,55,0.0,0.5
7,10,36,0,0.0,0.5
7,10,37,49,0.0,0.5
7,10,38,50,0.0,0.5
7,10,39,15,0.0,0.5
7,10,40,116,0.0,-0.5
7,10,41,61,0.0,-0.5
7,10,42,62,0.0,-0.5
7,10,43,3,0.0,0.5
7,10,44,56,0.0,-0.5
7,10,45,5,0.0,0.5
7,10,46,126,0.0,-0.5
7,10,47,59,0.0,-0.5
7,10,48,12,0.0,0.5
7,10,49,37,0.0,0.5
7,10,50,38,0.0,0.5
7,10,51,27,0.0,-0.5
7,10,52,32,0.0,0.5
7,10,53,29,0.0,-0.5
7,10,54,102,0.0,-0.5
7,10,55,35,0.0,0.5
7,10,56,44,0.0,-0.5
7,10,57,17,0.0,-0.5
7,10,58,106,0.0,-0.5
7,10,59,47,0.0,-0.5
7,10,60,96,0.0,0.5
7,10,61,41,0.0,-0.5
7,10,62,42,0.0,-0.5
7,10,63,23,0.0,-0.5
7,10,64,84,0.0,0.5
7,10,65,105,0.0,0.5
7,10,66,18,0.0,0.5
7,10,67,87,0.0,0.5
7,10,68,72,0.0,-0.5
7,10,69,81,0.0,0.5
7,10,70,82,0.0,0.5
7,10,71,111,0.0,0.5
7,10,72,68,0.0,-0.5
7,10,73,93,0.0,-0.5
7,10,74,94,0.0,-0.5
7,10,75,99,0.0,0.5
7,10,76,88,0.0,-0.5
7,10,77,101,0.0,0.5
7,10,78,30,0.0,0.5
7,10,79,91,0.0,-0.5
7,10,80,20,0.0,0.5
7,10,81,69,0.0,0.5
7,10,82,70,0.0,0.5
7,10,83,123,0.0,-0.5
7,10,84,64,0.0,0.5
7,10,85,125,0.0,-0.5
7,10,86,6,0.0,0.5
7,10,87,67,0.0,0.5
7,10,88,76,0.0,-0.5
7,10,89,113,0.0,-0.5
7,10,90,10,0.0,0.5
7,10,91,79,0.0,-0.5
7,10,92,120,0.0,-0.5
7,10,93,73,0.0,-0.5
7,10,94,74,0.0,-0.5
7,10,95,119,0.0,-0.5
7,10,96,60,0.0,0.5
7,10,97,117,0.0,0.5
7,10,98,118,0.0,0.5
7,10,99,75,0.0,0.5
7,10,100,112,0.0,0.5
7,10,101,77,0.0,0.5
7,10,102,54,0.0,-0.5
7,10,103,115,0.0,0.5
7,10,104,124,0.0,-0.5
7,10,105,65,0.0,0.5
7,10,106,58,0.0,-0.5
7,10,107,127,0.0,-0.5
7,10,108,24,0.0,-0.5
7,10,109,121,0.0,-0.5
7,10,110,122,0.0,-0.5
7,10,111,71,0.0,0.5
7,10,112,100,0.0,0.5
7,10,113,89,0.0,-0.5
7,10,114,34,0.0,-0.5
7,10,115,103,0.0,0.5
7,10,116,40,0.0,-0.5
7,10,117,97,0.0,0.5
7,10,118,98,0.0,0.5
7,10,119,95,0.0,-0.5
7,10,120,92,0.0,-0.5
7,10,121,109,0.0,-0.5
7,10,122,110,0.0,-0.5
7,10,123,83,0.0,-0.5
7,10,124,104,0.0,-0.5
7,10,125,85,0.0,-0.5
7,10,126,46,0.0,-0.5
7,10,127,107,0.0,-0.5
7,11,0,36,0.5,0.0
7,11,1,21,0.5,0.0
7,11,2,22,0.5,0.0
7,11,3,43,0.5,0.0
7,11,4,16,-0.5,0.0
7,11,5,45,0.5,0.0
7,11,6,86,0.5,0.0
7,11,7,19,-0.5,0.0
7,11,8,28,-0.5,0.0
7,11,9,33,-0.5,0.0
7,11,10,90,0.5,0.0
7,11,11,31,-0.5,0.0
7,11,12,48,0.5,0.0
7,11,13,25,0.5,0.0
7,11,14,26,0.5,0.0
7,11,15,39,-0.5,0.0
7,11,16,4,0.5,0.0
7,11,17,57,-0.5,0.0
7,11,18,66,-0.5,0.0
7,11,19,7,0.5,0.0
7,11,20,80,0.5,0.0
7,11,21,1,-0.5,0.0
7,11,22,2,-0.5,0.0
7,11,23,63,-0.5,0.0
7,11,24,108,-0.5,0.0
7,11,25,13,-0.5,0.0
7,11,26,14,-0.5,0.0
7,11,27,51,0.5,0.0
7,11,28,8,0.5,0.0
7,11,29,53,0.5,0.0
7,11,30,78,-0.5,0.0
7,11,31,11,0.5,0.0
7,11,32,52,0.5,0.0
7,11,33,9,0.5,0.0
7,11,34,114,-0.5,0.0
7,11,35,55,0.5,0.0
7,11,36,0,-0.5,0.0
7,11,37,49,-0.5,0.0
7,11,38,50,-0.5,0.0
7,11,39,15,0.5,0.0
7,11,40,116,-0.5,0.0
7,11,41,61,-0.5,0.0
7,11,42,62,-0.5,0.0
7,11,43,3,-0.5,0.0
7,11,44,56,0.5,0.0
7,11,45,5,-0.5,0.0
7,11,46,126,-0.5,0.0
7,11,47,59,0.5,0.0
7,11,48,12,-0.5,0.0
7,11,49,37,0.5,0.0
7,11,50,38,0.5,0.0
7,11,51,27,-0.5,0.0
7,11,52,32,-0.5,0.0
7,11,53,29,-0.5,0.0
7,11,54,102,0.5,0.0
7,11,55,35,-0.5,0.0
7,11,56,44,-0.5,0.0
7,11,57,17,0.5,0.0
7,11,58,106,0.5,0.0
7,11,59,47,-0.5,0.0
7,11,60,96,-0.5,0.0
7,11,61,41,0.5,0.0
7,11,62,42,0.5,0.0
7,11,63,23,0.5,0.0
7,11,64,84,0.5,0.0
7,11,65,105,0.5,0.0
7,11,66,18,0.5,0.0
7,11,67,87,0.5,0.0
7,11,68,72,-0.5,0.0
7,11,69,81,-0.5,0.0
7,11,70,82,-0.5,0.0
7,11,71,111,0.5,0.0
7,11,72,68,0.5,0.0
7,11,73,93,-0.5,0.0
7,11,74,94,-0.5,0.0
7,11,75,99,-0.5,0.0
7,11,76,88,0.5,0.0
7,11,77,101,-0.5,0.0
7,11,78,30,0.5,0.0
7,11,79,91,0.5,0.0
7,11,80,20,-0.5,0.0
7,11,81,69,0.5,0.0
7,11,82,70,0.5,0.0
7,11,83,123,-0.5,0.0
7,11,84,64,-0.5,0.0
7,11,85,125,-0.5,0.0
7,11,86,6,-0.5,0.0
7,11,87,67,-0.5,0.0
7,11,88,76,-0.5,0.0
7,11,89,113,0.5,0.0
7,11,90,10,-0.5,0.0
7,11,91,79,-0.5,0.0
7,11,92,120,-0.5,0.0
7,11,93,73,0.5,0.0
7,11,94,74,0.5,0.0
7,11,95,119,0.5,0.0
7,11,96,60,0.5,0.0
7,11,97,117,0.5,0.0
7,11,98,118,0.5,0.0
7,11,99,75,0.5,0.0
7,11,100,112,-0.5,0.0
7,11,101,77,0.5,0.0
7,11,102,54,-0.5,0.0
7,11,103,115,-0.5,0.0
7,11,104,124,-0.5,0.0
7,11,105,65,-0.5,0.0
7,11,106,58,-0.5,0.0
7,11,107,127,-0.5,0.0
7,11,108,24,0.5,0.0
7,11,109,121,0.5,0.0
7,11,110,122,0.5,0.0
7,11,111,71,-0.5,0.0
7,11,112,100,0.5,0.0
7,11,113,89,-0.5,0.0
7,11,114,34,0.5,0.0
7,11,115,103,0.5,0.0
7,11,116,40,0.5,0.0
7,11,117,97,-0.5,0.0
7,11,118,98,-0.5,0.0
7,11,119,95,-0.5,0.0
7,11,120,92,0.5,0.0
7,11,121,109,-0.5,0.0
7,11,122,110,-0.5,0.0
7,11,123,83,0.5,0.0
7,11,124,104,0.5,0.0
7,11,125,85,0.5,0.0
7,11,126,46,0.5,0.0
7,11,127,107,0.5,0.0
7,12,0,20,0.0,0.5
7,12,1,19,0.0,0.5
7,12,2,16,0.0,0.5
7,12,3,39,0.0,0.5
7,12,4,22,0.0,-0.5
7,12,5,33,0.0,0.5
7,12,6,78,0.0,0.5
7,12,7,21,0.0,-0.5
7,12,8,26,0.0,-0.5
7,12,9,45,0.0,-0.5
7,12,10,66,0.0,0.5
7,12,11,25,0.0,-0.5
7,12,12,96,0.0,0.5
7,12,13,31,0.0,0.5
7,12,14,28,0.0,0.5
7,12,15,43,0.0,-0.5
7,12,16,2,0.0,0.5
7,12,17,53,0.0,-0.5
7,12,18,90,0.0,-0.5
7,12,19,1,0.0,0.5
7,12,20,0,0.0,0.5
7,12,21,7,0.0,-0.5
7,12,22,4,0.0,-0.5
7,12,23,51,0.0,-0.5
7,12,24,92,0.0,-0.5
7,12,25,11,0.0,-0.5
7,12,26,8,0.0,-0.5
7,12,27,63,0.0,0.5
7,12,28,14,0.0,0.5
7,12,29,57,0.0,0.5
7,12,30,86,0.0,-0.5
7,12,31,13,0.0,0.5
7,12,32,50,0.0,0.5
7,12,33,5,0.0,0.5
7,12,34,106,0.0,-0.5
7,12,35,49,0.0,0.5
7,12,36,80,0.0,-0.5
7,12,37,55,0.0,-0.5
7,12,38,52,0.0,-0.5
7,12,39,3,0.0,0.5
7,12,40,68,0.0,-0.5
7,12,41,59,0.0,-0.5
7,12,42,56,0.0,-0.5
7,12,43,15,0.0,-0.5
7,12,44,62,0.0,0.5
7,12,45,9,0.0,-0.5
7,12,46,102,0.0,-0.5
7,12,47,61,0.0,0.5
7,12,48,60,0.0,-0.5
7,12,49,35,0.0,0.5
7,12,50,32,0.0,0.5
7,12,51,23,0.0,-0.5
7,12,52,38,0.0,-0.5
7,12,53,17,0.0,-0.5
7,12,54,126,0.0,0.5
7,12,55,37,0.0,-0.5
7,12,56,42,0.0,-0.5
7,12,57,29,0.0,0.5
7,12,58,114,0.0,0.5
7,12,59,41,0.0,-0.5
7,12,60,48,0.0,-0.5
7,12,61,47,0.0,0.5
7,12,62,44,0.0,0.5
7,12,63,27,0.0,0.5
7,12,64,82,0.0,0.5
7,12,65,101,0.0,0.5
7,12,66,10,0.0,0.5
7,12,67,81,0.0,0.5
7,12,68,40,0.0,-0.5
7,12,69,87,0.0,-0.5
7,12,70,84,0.0,-0.5
7,12,71,99,0.0,0.5
7,12,72,116,0.0,0.5
7,12,73,91,0.0,-0.5
7,12,74,88,0.0,-0.5
7,12,75,111,0.0,-0.5
7,12,76,94,0.0,0.5
7,12,77,105,0.0,-0.5
7,12,78,6,0.0,0.5
7,12,79,93,0.0,0.5
7,12,80,36,0.0,-0.5
7,12,81,67,0.0,0.5
7,12,82,64,0.0,0.5
7,12,83,119,0.0,-0.5
7,12,84,70,0.0,-0.5
7,12,85,113,0.0,-0.5
7,12,86,30,0.0,-0.5
7,12,87,69,0.0,-0.5
7,12,88,74,0.0,-0.5
7,12,89,125,0.0,0.5
7,12,90,18,0.0,-0.5
7,12,91,73,0.0,-0.5
7,12,92,24,0.0,-0.5
7,12,93,79,0.0,0.5
7,12,94,76,0.0,0.5
7,12,95,123,0.0,0.5
7,12,96,12,0.0,0.5
7,12,97,115,0.0,0.5
7,12,98,112,0.0,0.5
7,12,99,71,0.0,0.5
7,12,100,118,0.0,-0.5
7,12,101,65,0.0,0.5
7,12,102,46,0.0,-0.5
7,12,103,117,0.0,-0.5
7,12,104,122,0.0,-0.5
7,12,105,77,0.0,-0.5
7,12,106,34,0.0,-0.5
7,12,107,121,0.0,-0.5
7,12,108,120,0.0,0.5
7,12,109,127,0.0,0.5
7,12,110,124,0.0,0.5
7,12,111,75,0.0,-0.5
7,12,112,98,0.0,0.5
7,12,113,85,0.0,-0.5
7,12,114,58,0.0,0.5
7,12,115,97,0.0,0.5
7,12,116,72,0.0,0.5
7,12,117,103,0.0,-0.5
7,12,118,100,0.0,-0.5
7,12,119,83,0.0,-0.5
7,12,120,108,0.0,0.5
7,12,121,107,0.0,-0.5
7,12,122,104,0.0,-0.5
7,12,123,95,0.0,0.5
7,12,124,110,0.0,0.5
7,12,125,89,0.0,0.5
7,12,126,54,0.0,0.5
7,12,127,109,0.0,0.5
7,13,0,20,0.5,0.0
7,13,1,19,0.5,0.0
7,13,2,16,-0.5,0.0
7,13,3,39,0.5,0.0
7,13,4,22,-0.5,0.0
7,13,5,33,-0.5,0.0
7,13,6,78,0.5,0.0
7,13,7,21,0.5,0.0
7,13,8,26,-0.5,0.0
7,13,9,45,-0.5,0.0
7,13,10,66,-0.5,0.0
7,13,11,25,0.5,0.0
7,13,12,96,0.5,0.0
7,13,13,31,0.5,0.0
7,13,14,28,-0.5,0.0
7,13,15,43,0.5,0.0
7,13,16,2,0.5,0.0
7,13,17,53,-0.5,0.0
7,13,18,90,-0.5,0.0
7,13,19,1,-0.5,0.0
7,13,20,0,-0.5,0.0
7,13,21,7,-0.5,0.0
7,13,22,4,0.5,0.0
7,13,23,51,0.5,0.0
7,13,24,92,-0.5,0.0
7,13,25,11,-0.5,0.0
7,13,26,8,0.5,0.0
7,13,27,63,0.5,0.0
7,13,28,14,0.5,0.0
7,13,29,57,-0.5,0.0
7,13,30,86,0.5,0.0
7,13,31,13,-0.5,0.0
7,13,32,50,0.5,0.0
7,13,33,5,0.5,0.0
7,13,34,106,-0.5,0.0
7,13,35,49,-0.5,0.0
7,13,36,80,-0.5,0.0
7,13,37,55,-0.5,0.0
7,13,38,52,0.5,0.0
7,13,39,3,-0.5,0.0
7,13,40,68,0.5,0.0
7,13,41,59,-0.5,0.0
7,13,42,56,0.5,0.0
7,13,43,15,-0.5,0.0
7,13,44,62,0.5,0.0
7,13,45,9,0.5,0.0
7,13,46,102,0.5,0.0
7,13,47,61,-0.5,0.0
7,13,48,60,-0.5,0.0
7,13,49,35,0.5,0.0
7,13,50,32,-0.5,0.0
7,13,51,23,-0.5,0.0
7,13,52,38,-0.5,0.0
7,13,53,17,0.5,0.0
7,13,54,126,0.5,0.0
7,13,55,37,0.5,0.0
7,13,56,42,-0.5,0.0
7,13,57,29,0.5,0.0
7,13,58,114,-0.5,0.0
7,13,59,41,0.5,0.0
7,13,60,48,0.5,0.0
7,13,61,47,0.5,0.0
7,13,62,44,-0.5,0.0
7,13,63,27,-0.5,0.0
7,13,64,82,0.5,0.0
7,13,65,101,0.5,0.0
7,13,66,10,0.5,0.0
7,13,67,81,-0.5,0.0
7,13,68,40,-0.5,0.0
7,13,69,87,-0.5,0.0
7,13,70,84,0.5,0.0
7,13,71,99,-0.5,0.0
7,13,72,116,0.5,0.0
7,13,73,91,-0.5,0.0
7,13,74,88,0.5,0.0
7,13,75,111,-0.5,0.0
7,13,76,94,0.5,0.0
7,13,77,105,0.5,0.0
7,13,78,6,-0.5,0.0
7,13,79,93,-0.5,0.0
7,13,80,36,0.5,0.0
7,13,81,67,0.5,0.0
7,13,82,64,-0.5,0.0
7,13,83,119,-0.5,0.0
7,13,84,70,-0.5,0.0
7,13,85,113,0.5,0.0
7,13,86,30,-0.5,0.0
7,13,87,69,0.5,0.0
7,13,88,74,-0.5,0.0
7,13,89,125,0.5,0.0
7,13,90,18,0.5,0.0
7,13,91,73,0.5,0.0
7,13,92,24,0.5,0.0
7,13,93,79,0.5,0.0
7,13,94,76,-0.5,0.0
7,13,95,123,-0.5,0.0
7,13,96,12,-0.5,0.0
7,13,97,115,0.5,0.0
7,13,98,112,-0.5,0.0
7,13,99,71,0.5,0.0
7,13,100,118,-0.5,0.0
7,13,101,65,-0.5,0.0
7,13,102,46,-0.5,0.0
7,13,103,117,0.5,0.0
7,13,104,122,-0.5,0.0
7,13,105,77,-0.5,0.0
7,13,106,34,0.5,0.0
7,13,107,121,0.5,0.0
7,13,108,120,0.5,0.0
7,13,109,127,0.5,0.0
7,13,110,124,-0.5,0.0
7,13,111,75,0.5,0.0
7,13,112,98,0.5,0.0
7,13,113,85,-0.5,0.0
7,13,114,58,0.5,0.0
7,13,115,97,-0.5,0.0
7,13,116,72,-0.5,0.0
7,13,117,103,-0.5,0.0
7,13,118,100,0.5,0.0
7,13,119,83,0.5,0.0
7,13,120,108,-0.5,0.0
7,13,121,107,-0.5,0.0
7,13,122,104,0.5,0.0
7,13,123,95,0.5,0.0
7,13,124,110,0.5,0.0
7,13,125,89,-0.5,0.0
7,13,126,54,-0.5,0.0
7,13,127,109,-0.5,0.0
7,14,0,12,0.0,0.5
7,14,1,16,0.0,0.5
7,14,2,19,0.0,-0.5
7,14,3,33,0.0,0.5
7,14,4,21,0.0,-0.5
7,14,5,39,0.0,-0.5
7,14,6,66,0.0,0.5
7,14,7,22,0.0,0.5
7,14,8,25,0.0,-0.5
7,14,9,43,0.0,-0.5
7,14,10,78,0.0,-0.5
7,14,11,26,0.0,0.5
7,14,12,0,0.0,0.5
7,14,13,28,0.0,0.5
7,14,14,31,0.0,-0.5
7,14,15,45,0.0,0.5
7,14,16,1,0.0,0.5
7,14,17,51,0.0,-0.5
7,14,18,86,0.0,-0.5
7,14,19,2,0.0,-0.5
7,14,20,96,0.0,-0.5
7,14,21,4,0.0,-0.5
7,14,22,7,0.0,0.5
7,14,23,53,0.0,0.5
7,14,24,68,0.0,-0.5
7,14,25,8,0.0,-0.5
7,14,26,11,0.0,0.5
7,14,27,57,0.0,0.5
7,14,28,13,0.0,0.5
7,14,29,63,0.0,-0.5
7,14,30,90,0.0,0.5
7,14,31,14,0.0,-0.5
7,14,32,49,0.0,0.5
7,14,33,3,0.0,0.5
7,14,34,102,0.0,-0.5
7,14,35,50,0.0,-0.5
7,14,36,48,0.0,-0.5
7,14,37,52,0.0,-0.5
7,14,38,55,0.0,0.5
7,14,39,5,0.0,-0.5
7,14,40,92,0.0,0.5
7,14,41,56,0.0,-0.5
7,14,42,59,0.0,0.5
7,14,43,9,0.0,-0.5
7,14,44,61,0.0,0.5
7,14,45,15,0.0,0.5
7,14,46,106,0.0,0.5
7,14,47,62,0.0,-0.5
7,14,48,36,0.0,-0.5
7,14,49,32,0.0,0.5
7,14,50,35,0.0,-0.5
7,14,51,17,0.0,-0.5
7,14,52,37,0.0,-0.5
7,14,53,23,0.0,0.5
7,14,54,114,0.0,0.5
7,14,55,38,0.0,0.5
7,14,56,41,0.0,-0.5
7,14,57,27,0.0,0.5
7,14,58,126,0.0,-0.5
7,14,59,42,0.0,0.5
7,14,60,80,0.0,0.5
7,14,61,44,0.0,0.5
7,14,62,47,0.0,-0.5
7,14,63,29,0.0,-0.5
7,14,64,81,0.0,0.5
7,14,65,99,0.0,0.5
7,14,66,6,0.0,0.5
7,14,67,82,0.0,-0.5
7,14,68,24,0.0,-0.5
7,14,69,84,0.0,-0.5
7,14,70,87,0.0,0.5
7,14,71,101,0.0,-0.5
7,14,72,108,0.0,0.5
7,14,73,88,0.0,-0.5
7,14,74,91,0.0,0.5
7,14,75,105,0.0,-0.5
7,14,76,93,0.0,0.5
7,14,77,111,0.0,0.5
7,14,78,10,0.0,-0.5
7,14,79,94,0.0,-0.5
7,14,80,60,0.0,0.5
7,14,81,64,0.0,0.5
7,14,82,67,0.0,-0.5
7,14,83,113,0.0,-0.5
7,14,84,69,0.0,-0.5
7,14,85,119,0.0,0.5
7,14,86,18,0.0,-0.5
7,14,87,70,0.0,0.5
7,14,88,73,0.0,-0.5
7,14,89,123,0.0,0.5
7,14,90,30,0.0,0.5
7,14,91,74,0.0,0.5
7,14,92,40,0.0,0.5
7,14,93,76,0.0,0.5
7,14,94,79,0.0,-0.5
7,14,95,125,0.0,-0.5
7,14,96,20,0.0,-0.5
7,14,97,112,0.0,0.5
7,14,98,115,0.0,-0.5
7,14,99,65,0.0,0.5
7,14,100,117,0.0,-0.5
7,14,101,71,0.0,-0.5
7,14,102,34,0.0,-0.5
7,14,103,118,0.0,0.5
7,14,104,121,0.0,-0.5
7,14,105,75,0.0,-0.5
7,14,106,46,0.0,0.5
7,14,107,122,0.0,0.5
7,14,108,72,0.0,0.5
7,14,109,124,0.0,0.5
7,14,110,127,0.0,-0.5
7,14,111,77,0.0,0.5
7,14,112,97,0.0,0.5
7,14,113,83,0.0,-0.5
7,14,114,54,0.0,0.5
7,14,115,98,0.0,-0.5
7,14,116,120,0.0,-0.5
7,14,117,100,0.0,-0.5
7,14,118,103,0.0,0.5
7,14,119,85,0.0,0.5
7,14,120,116,0.0,-0.5
7,14,121,104,0.0,-0.5
7,14,122,107,0.0,0.5
7,14,123,89,0.0,0.5
7,14,124,109,0.0,0.5
7,14,125,95,0.0,-0.5
7,14,126,58,0.0,-0.5
7,14,127,110,0.0,-0.5
7,15,0,12,0.5,0.0
7,15,1,16,-0.5,0.0
7,15,2,19,-0.5,0.0
7,15,3,33,-0.5,0.0
7,15,4,21,-0.5,0.0
7,15,5,39,-0.5,0.0
7,15,6,66,-0.5,0.0
7,15,7,22,-0.5,0.0
7,15,8,25,-0.5,0.0
7,15,9,43,-0.5,0.0
7,15,10,78,-0.5,0.0
7,15,11,26,-0.5,0.0
7,15,12,0,-0.5,0.0
7,15,13,28,-0.5,0.0
7,15,14,31,-0.5,0.0
7,15,15,45,-0.5,0.0
7,15,16,1,0.5,0.0
7,15,17,51,-0.5,0.0
7,15,18,86,-0.5,0.0
7,15,19,2,0.5,0.0
7,15,20,96,-0.5,0.0
7,15,21,4,0.5,0.0
7,15,22,7,0.5,0.0
7,15,23,53,-0.5,0.0
7,15,24,68,0.5,0.0
7,15,25,8,0.5,0.0
7,15,26,11,0.5,0.0
7,15,27,57,-0.5,0.0
7,15,28,13,0.5,0.0
7,15,29,63,-0.5,0.0
7,15,30,90,-0.5,0.0
7,15,31,14,0.5,0.0
7,15,32,49,0.5,0.0
7,15,33,3,0.5,0.0
7,15,34,102,-0.5,0.0
7,15,35,50,0.5,0.0
7,15,36,48,-0.5,0.0
7,15,37,52,0.5,0.0
7,15,38,55,0.5,0.0
7,15,39,5,0.5,0.0
7,15,40,92,0.5,0.0
7,15,41,56,0.5,0.0
7,15,42,59,0.5,0.0
7,15,43,9,0.5,0.0
7,15,44,61,0.5,0.0
7,15,45,15,0.5,0.0
7,15,46,106,-0.5,0.0
7,15,47,62,0.5,0.0
7,15,48,36,0.5,0.0
7,15,49,32,-0.5,0.0
7,15,50,35,-0.5,0.0
7,15,51,17,0.5,0.0
7,15,52,37,-0.5,0.0
7,15,53,23,0.5,0.0
7,15,54,114,-0.5,0.0
7,15,55,38,-0.5,0.0
7,15,56,41,-0.5,0.0
7,15,57,27,0.5,0.0
7,15,58,126,-0.5,0.0
7,15,59,42,-0.5,0.0
7,15,60,80,-0.5,0.0
7,15,61,44,-0.5,0.0
7,15,62,47,-0.5,0.0
7,15,63,29,0.5,0.0
7,15,64,81,0.5,0.0
7,15,65,99,0.5,0.0
7,15,66,6,0.5,0.0
7,15,67,82,0.5,0.0
7,15,68,24,-0.5,0.0
7,15,69,84,0.5,0.0
7,15,70,87,0.5,0.0
7,15,71,101,0.5,0.0
7,15,72,108,0.5,0.0
7,15,73,88,0.5,0.0
7,15,74,91,0.5,0.0
7,15,75,105,0.5,0.0
7,15,76,93,0.5,0.0
7,15,77,111,0.5,0.0
7,15,78,10,0.5,0.0
7,15,79,94,0.5,0.0
7,15,80,60,0.5,0.0
7,15,81,64,-0.5,0.0
7,15,82,67,-0.5,0.0
7,15,83,113,0.5,0.0
7,15,84,69,-0.5,0.0
7,15,85,119,0.5,0.0
7,15,86,18,0.5,0.0
7,15,87,70,-0.5,0.0
7,15,88,73,-0.5,0.0
7,15,89,123,0.5,0.0
7,15,90,30,0.5,0.0
7,15,91,74,-0.5,0.0
7,15,92,40,-0.5,0.0
7,15,93,76,-0.5,0.0
7,15,94,79,-0.5,0.0
7,15,95,125,0.5,0.0
7,15,96,20,0.5,0.0
7,15,97,112,-0.5,0.0
7,15,98,115,-0.5,0.0
7,15,99,65,-0.5,0.0
7,15,100,117,-0.5,0.0
7,15,101,71,-0.5,0.0
7,15,102,34,0.5,0.0
7,15,103,118,-0.5,0.0
7,15,104,121,-0.5,0.0
7,15,105,75,-0.5,0.0
7,15,106,46,0.5,0.0
7,15,107,122,-0.5,0.0
7,15,108,72,-0.5,0.0
7,15,109,124,-0.5,0.0
7,15,110,127,-0.5,0.0
7,15,111,77,-0.5,0.0
7,15,112,97,0.5,0.0
7,15,113,83,-0.5,0.0
7,15,114,54,0.5,0.0
7,15,115,98,0.5,0.0
7,15,116,120,-0.5,0.0
7,15,117,100,0.5,0.0
7,15,118,103,0.5,0.0
7,15,119,85,-0.5,0.0
7,15,120,116,0.5,0.0
7,15,121,104,0.5,0.0
7,15,122,107,0.5,0.0
7,15,123,89,-0.5,0.0
7,15,124,109,0.5,0.0
7,15,125,95,-0.5,0.0
7,15,126,58,0.5,0.0
7,15,127,110,0.5,0.0
8,9,0,0,0.0,0.5
8,9,1,1,0.0,0.5
8,9,2,2,0.0,0.5
8,9,3,3,0.0,0.5
8,9,4,4,0.0,0.5
8,9,5,5,0.0,0.5
8,9,6,6,0.0,0.5
8,9,7,7,0.0,0.5
8,9,8,8,0.0,-0.5
8,9,9,9,0.0,0.5
8,9,10,10,0.0,0.5
8,9,11,11,0.0,-0.5
8,9,12,12,0.0,0.5
8,9,13,13,0.0,-0.5
8,9,14,14,0.0,-0.5
8,9,15,15,0.0,0.5
8,9,16,16,0.0,0.5
8,9,17,17,0.0,-0.5
8,9,18,18,0.0,0.5
8,9,19,19,0.0,0.5
8,9,20,20,0.0,0.5
8,9,21,21,0.0,0.5
8,9,22,22,0.0,0.5
8,9,23,23,0.0,-0.5
8,9,24,24,0.0,-0.5
8,9,25,25,0.0,-0.5
8,9,26,26,0.0,-0.5
8,9,27,27,0.0,-0.5
8,9,28,28,0.0,-0.5
8,9,29,29,0.0,-0.5
8,9,30,30,0.0,0.5
8,9,31,31,0.0,-0.5
8,9,32,32,0.0,0.5
8,9,33,33,0.0,0.5
8,9,34,34,0.0,-0.5
8,9,35,35,0.0,0.5
8,9,36,36,0.0,0.5
8,9,37,37,0.0,0.5
8,9,38,38,0.0,0.5
8,9,39,39,0.0,0.5
8,9,40,40,0.0,-0.5
8,9,41,41,0.0,-0.5
8,9,42,42,0.0,-0.5
8,9,43,43,0.0,0.5
8,9,44,44,0.0,-0.5
8,9,45,45,0.0,0.5
8,9,46,46,0.0,-0.5
8,9,47,47,0.0,-0.5
8,9,48,48,0.0,0.5
8,9,49,49,0.0,0.5
8,9,50,50,0.0,0.5
8,9,51,51,0.0,-0.5
8,9,52,52,0.0,0.5
8,9,53,53,0.0,-0.5
8,9,54,54,0.0,-0.5
8,9,55,55,0.0,0.5
8,9,56,56,0.0,-0.5
8,9,57,57,0.0,-0.5
8,9,58,58,0.0,-0.5
8,9,59,59,0.0,-0.5
8,9,60,60,0.0,0.5
8,9,61,61,0.0,-0.5
8,9,62,62,0.0,-0.5
8,9,63,63,0.0,-0.5
8,9,64,64,0.0,0.5
8,9,65,65,0.0,0.5
8,9,66,66,0.0,0.5
8,9,67,67,0.0,0.5
8,9,68,68,0.0,-0.5
8,9,69,69,0.0,0.5
8,9,70,70,0.0,0.5
8,9,71,71,0.0,0.5
8,9,72,72,0.0,-0.5
8,9,73,73,0.0,-0.5
8,9,74,74,0.0,-0.5
8,9,75,75,0.0,0.5
8,9,76,76,0.0,-0.5
8,9,77,77,0.0,0.5
8,9,78,78,0.0,0.5
8,9,79,79,0.0,-0.5
8,9,80,80,0.0,0.5
8,9,81,81,0.0,0.5
8,9,82,82,0.0,0.5
8,9,83,83,0.0,-0.5
8,9,84,84,0.0,0.5
8,9,85,85,0.0,-0.5
8,9,86,86,0.0,0.5
8,9,87,87,0.0,0.5
8,9,88,88,0.0,-0.5
8,9,89,89,0.0,-0.5
8,9,90,90,0.0,0.5
8,9,91,91,0.0,-0.5
8,9,92,92,0.0,-0.5
8,9,93,93,0.0,-0.5
8,9,94,94,0.0,-0.5
8,9,95,95,0.0,-0.5
8,9,96,96,0.0,0.5
8,9,97,97,0.0,0.5
8,9,98,98,0.0,0.5
8,9,99,99,0.0,0.5
8,9,100,100,0.0,0.5
8,9,101,101,0.0,0.5
8,9,102,102,0.0,-0.5
8,9,103,103,0.0,0.5
8,9,104,104,0.0,-0.5
8,9,105,105,0.0,0.5
8,9,106,106,0.0,-0.5
8,9,107,107,0.0,-0.5
8,9,108,108,0.0,-0.5
8,9,109,109,0.0,-0.5
8,9,110,110,0.0,-0.5
8,9,111,111,0.0,0.5
8,9,112,112,0.0,0.5
8,9,113,113,0.0,-0.5
8,9,114,114,0.0,-0.5
8,9,115,115,0.0,0.5
8,9,116,116,0.0,-0.5
8,9,117,117,0.0,0.5
8,9,118,118,0.0,0.5
8,9,119,119,0.0,-0.5
8,9,120,120,0.0,-0.5
8,9,121,121,0.0,-0.5
8,9,122,122,0.0,-0.5
8,9,123,123,0.0,-0.5
8,9,124,124,0.0,-0.5
8,9,125,125,0.0,-0.5
8,9,126,126,0.0,-0.5
8,9,127,127,0.0,-0.5
8,10,0,72,-0.5,0.0
8,10,1,13,-0.5,0.0
8,10,2,14,-0.5,0.0
8,10,3,27,-0.5,0.0
8,10,4,8,-0.5,0.0
8,10,5,29,-0.5,0.0
8,10,6,54,-0.5,0.0
8,10,7,11,-0.5,0.0
8,10,8,4,0.5,0.0
8,10,9,17,-0.5,0.0
8,10,10,58,-0.5,0.0
8,10,11,7,0.5,0.0
8,10,12,108,-0.5,0.0
8,10,13,1,0.5,0.0
8,10,14,2,0.5,0.0
8,10,15,23,-0.5,0.0
8,10,16,28,-0.5,0.0
8,10,17,9,0.5,0.0
8,10,18,34,-0.5,0.0
8,10,19,31,-0.5,0.0
8,10,20,116,-0.5,0.0
8,10,21,25,-0.5,0.0
8,10,22,26,-0.5,0.0
8,10,23,15,0.5,0.0
8,10,24,48,0.5,0.0
8,10,25,21,0.5,0.0
8,10,26,22,0.5,0.0
8,10,27,3,0.5,0.0
8,10,28,16,0.5,0.0
8,10,29,5,0.5,0.0
8,10,30,46,-0.5,0.0
8,10,31,19,0.5,0.0
8,10,32,44,-0.5,0.0
8,10,33,57,-0.5,0.0
8,10,34,18,0.5,0.0
8,10,35,47,-0.5,0.0
8,10,36,68,-0.5,0.0
8,10,37,41,-0.5,0.0
8,10,38,42,-0.5,0.0
8,10,39,63,-0.5,0.0
8,10,40,80,0.5,0.0
8,10,41,37,0.5,0.0
8,10,42,38,0.5,0.0
8,10,43,51,-0.5,0.0
8,10,44,32,0.5,0.0
8,10,45,53,-0.5,0.0
8,10,46,30,0.5,0.0
8,10,47,35,0.5,0.0
8,10,48,24,-0.5,0.0
8,10,49,61,-0.5,0.0
8,10,50,62,-0.5,0.0
8,10,51,43,0.5,0.0
8,10,52,56,-0.5,0.0
8,10,53,45,0.5,0.0
8,10,54,6,0.5,0.0
8,10,55,59,-0.5,0.0
8,10,56,52,0.5,0.0
8,10,57,33,0.5,0.0
8,10,58,10,0.5,0.0
8,10,59,55,0.5,0.0
8,10,60,92,-0.5,0.0
8,10,61,49,0.5,0.0
8,10,62,50,0.5,0.0
8,10,63,39,0.5,0.0
8,10,64,76,-0.5,0.0
8,10,65,89,-0.5,0.0
8,10,66,114,-0.5,0.0
8,10,67,79,-0.5,0.0
8,10,68,36,0.5,0.0
8,10,69,73,-0.5,0.0
8,10,70,74,-0.5,0.0
8,10,71,95,-0.5,0.0
8,10,72,0,0.5,0.0
8,10,73,69,0.5,0.0
8,10,74,70,0.5,0.0
8,10,75,83,-0.5,0.0
8,10,76,64,0.5,0.0
8,10,77,85,-0.5,0.0
8,10,78,126,-0.5,0.0
8,10,79,67,0.5,0.0
8,10,80,40,-0.5,0.0
8,10,81,93,-0.5,0.0
8,10,82,94,-0.5,0.0
8,10,83,75,0.5,0.0
8,10,84,88,-0.5,0.0
8,10,85,77,0.5,0.0
8,10,86,102,-0.5,0.0
8,10,87,91,-0.5,0.0
8,10,88,84,0.5,0.0
8,10,89,65,0.5,0.0
8,10,90,106,-0.5,0.0
8,10,91,87,0.5,0.0
8,10,92,60,0.5,0.0
8,10,93,81,0.5,0.0
8,10,94,82,0.5,0.0
8,10,95,71,0.5,0.0
8,10,96,120,-0.5,0.0
8,10,97,109,-0.5,0.0
8,10,98,110,-0.5,0.0
8,10,99,123,-0.5,0.0
8,10,100,104,-0.5,0.0
8,10,101,125,-0.5,0.0
8,10,102,86,0.5,0.0
8,10,103,107,-0.5,0.0
8,10,104,100,0.5,0.0
8,10,105,113,-0.5,0.0
8,10,106,90,0.5,0.0
8,10,107,103,0.5,0.0
8,10,108,12,0.5,0.0
8,10,109,97,0.5,0.0
8,10,110,98,0.5,0.0
8,10,111,119,-0.5,0.0
8,10,112,124,-0.5,0.0
8,10,113,105,0.5,0.0
8,10,114,66,0.5,0.0
8,10,115,127,-0.5,0.0
8,10,116,20,0.5,0.0
8,10,117,121,-0.5,0.0
8,10,118,122,-0.5,0.0
8,10,119,111,0.5,0.0
8,10,120,96,0.5,0.0
8,10,121,117,0.5,0.0
8,10,122,118,0.5,0.0
8,10,123,99,0.5,0.0
8,10,124,112,0.5,0.0
8,10,125,101,0.5,0.0
8,10,126,78,0.5,0.0
8,10,127,115,0.5,0.0
8,11,0,72,0.0,0.5
8,11,1,13,0.0,0.5
8,11,2,14,0.0,0.5
8,11,3,27,0.0,0.5
8,11,4,8,0.0,-0.5
8,11,5,29,0.0,0.5
8,11,6,54,0.0,0.5
8,11,7,11,0.0,-0.5
8,11,8,4,0.0,-0.5
8,11,9,17,0.0,-0.5
8,11,10,58,0.0,0.5
8,11,11,7,0.0,-0.5
8,11,12,108,0.0,0.5
8,11,13,1,0.0,0.5
8,11,14,2,0.0,0.5
8,11,15,23,0.0,-0.5
8,11,16,28,0.0,0.5
8,11,17,9,0.0,-0.5
8,11,18,34,0.0,-0.5
8,11,19,31,0.0,0.5
8,11,20,116,0.0,0.5
8,11,21,25,0.0,-0.5
8,11,22,26,0.0,-0.5
8,11,23,15,0.0,-0.5
8,11,24,48,0.0,-0.5
8,11,25,21,0.0,-0.5
8,11,26,22,0.0,-0.5
8,11,27,3,0.0,0.5
8,11,28,16,0.0,0.5
8,11,29,5,0.0,0.5
8,11,30,46,0.0,-0.5
8,11,31,19,0.0,0.5
8,11,32,44,0.0,0.5
8,11,33,57,0.0,0.5
8,11,34,18,0.0,-0.5
8,11,35,47,0.0,0.5
8,11,36,68,0.0,-0.5
8,11,37,41,0.0,-0.5
8,11,38,42,0.0,-0.5
8,11,39,63,0.0,0.5
8,11,40,80,0.0,-0.5
8,11,41,37,0.0,-0.5
8,11,42,38,0.0,-0.5
8,11,43,51,0.0,-0.5
8,11,44,32,0.0,0.5
8,11,45,53,0.0,-0.5
8,11,46,30,0.0,-0.5
8,11,47,35,0.0,0.5
8,11,48,24,0.0,-0.5
8,11,49,61,0.0,0.5
8,11,50,62,0.0,0.5
8,11,51,43,0.0,-0.5
8,11,52,56,0.0,-0.5
8,11,53,45,0.0,-0.5
8,11,54,6,0.0,0.5
8,11,55,59,0.0,-0.5
8,11,56,52,0.0,-0.5
8,11,57,33,0.0,0.5
8,11,58,10,0.0,0.5
8,11,59,55,0.0,-0.5
8,11,60,92,0.0,-0.5
8,11,61,49,0.0,0.5
8,11,62,50,0.0,0.5
8,11,63,39,0.0,0.5
8,11,64,76,0.0,0.5
8,11,65,89,0.0,0.5
8,11,66,114,0.0,0.5
8,11,67,79,0.0,0.5
8,11,68,36,0.0,-0.5
8,11,69,73,0.0,-0.5
8,11,70,74,0.0,-0.5
8,11,71,95,0.0,0.5
8,11,72,0,0.0,0.5
8,11,73,69,0.0,-0.5
8,11,74,70,0.0,-0.5
8,11,75,83,0.0,-0.5
8,11,76,64,0.0,0.5
8,11,77,85,0.0,-0.5
8,11,78,126,0.0,0.5
8,11,79,67,0.0,0.5
8,11,80,40,0.0,-0.5
8,11,81,93,0.0,0.5
8,11,82,94,0.0,0.5
8,11,83,75,0.0,-0.5
8,11,84,88,0.0,-0.5
8,11,85,77,0.0,-0.5
8,11,86,102,0.0,-0.5
8,11,87,91,0.0,-0.5
8,11,88,84,0.0,-0.5
8,11,89,65,0.0,0.5
8,11,90,106,0.0,-0.5
8,11,91,87,0.0,-0.5
8,11,92,60,0.0,-0.5
8,11,93,81,0.0,0.5
8,11,94,82,0.0,0.5
8,11,95,71,0.0,0.5
8,11,96,120,0.0,0.5
8,11,97,109,0.0,0.5
8,11,98,110,0.0,0.5
8,11,99,123,0.0,0.5
8,11,100,104,0.0,-0.5
8,11,101,125,0.0,0.5
8,11,102,86,0.0,-0.5
8,11,103,107,0.0,-0.5
8,11,104,100,0.0,-0.5
8,11,105,113,0.0,-0.5
8,11,106,90,0.0,-0.5
8,11,107,103,0.0,-0.5
8,11,108,12,0.0,0.5
8,11,109,97,0.0,0.5
8,11,110,98,0.0,0.5
8,11,111,119,0.0,-0.5
8,11,112,124,0.0,0.5
8,11,113,105,0.0,-0.5
8,11,114,66,0.0,0.5
8,11,115,127,0.0,0.5
8,11,116,20,0.0,0.5
8,11,117,121,0.0,-0.5
8,11,118,122,0.0,-0.5
8,11,119,111,0.0,-0.5
8,11,120,96,0.0,0.5
8,11,121,117,0.0,-0.5
8,11,122,118,0.0,-0.5
8,11,123,99,0.0,0.5
8,11,124,112,0.0,0.5
8,11,125,101,0.0,0.5
8,11,126,78,0.0,0.5
8,11,127,115,0.0,0.5
8,12,0,40,-0.5,0.0
8,12,1,11,-0.5,0.0
8,12,2,8,-0.5,0.0
8,12,3,23,-0.5,0.0
8,12,4,14,0.5,0.0
8,12,5,17,-0.5,0.0
8,12,6,46,-0.5,0.0
8,12,7,13,0.5,0.0
8,12,8,2,0.5,0.0
8,12,9,29,0.5,0.0
8,12,10,34,-0.5,0.0
8,12,11,1,0.5,0.0
8,12,12,92,-0.5,0.0
8,12,13,7,-0.5,0.0
8,12,14,4,-0.5,0.0
8,12,15,27,0.5,0.0
8,12,16,26,-0.5,0.0
8,12,17,5,0.5,0.0
8,12,18,58,0.5,0.0
8,12,19,25,-0.5,0.0
8,12,20,68,-0.5,0.0
8,12,21,31,0.5,0.0
8,12,22,28,0.5,0.0
8,12,23,3,0.5,0.0
8,12,24,96,0.5,0.0
8,12,25,19,0.5,0.0
8,12,26,16,0.5,0.0
8,12,27,15,-0.5,0.0
8,12,28,22,-0.5,0.0
8,12,29,9,-0.5,0.0
8,12,30,54,0.5,0.0
8,12,31,21,-0.5,0.0
8,12,32,42,-0.5,0.0
8,12,33,53,-0.5,0.0
8,12,34,10,0.5,0.0
8,12,35,41,-0.5,0.0
8,12,36,116,0.5,0.0
8,12,37,47,0.5,0.0
8,12,38,44,0.5,0.0
8,12,39,51,-0.5,0.0
8,12,40,0,0.5,0.0
8,12,41,35,0.5,0.0
8,12,42,32,0.5,0.0
8,12,43,63,0.5,0.0
8,12,44,38,-0.5,0.0
8,12,45,57,0.5,0.0
8,12,46,6,0.5,0.0
8,12,47,37,-0.5,0.0
8,12,48,120,0.5,0.0
8,12,49,59,-0.5,0.0
8,12,50,56,-0.5,0.0
8,12,51,39,0.5,0.0
8,12,52,62,0.5,0.0
8,12,53,33,0.5,0.0
8,12,54,30,-0.5,0.0
8,12,55,61,0.5,0.0
8,12,56,50,0.5,0.0
8,12,57,45,-0.5,0.0
8,12,58,18,-0.5,0.0
8,12,59,49,0.5,0.0
8,12,60,108,0.5,0.0
8,12,61,55,-0.5,0.0
8,12,62,52,-0.5,0.0
8,12,63,43,-0.5,0.0
8,12,64,74,-0.5,0.0
8,12,65,85,-0.5,0.0
8,12,66,106,-0.5,0.0
8,12,67,73,-0.5,0.0
8,12,68,20,0.5,0.0
8,12,69,79,0.5,0.0
8,12,70,76,0.5,0.0
8,12,71,83,-0.5,0.0
8,12,72,80,-0.5,0.0
8,12,73,67,0.5,0.0
8,12,74,64,0.5,0.0
8,12,75,95,0.5,0.0
8,12,76,70,-0.5,0.0
8,12,77,89,0.5,0.0
8,12,78,102,-0.5,0.0
8,12,79,69,-0.5,0.0
8,12,80,72,0.5,0.0
8,12,81,91,-0.5,0.0
8,12,82,88,-0.5,0.0
8,12,83,71,0.5,0.0
8,12,84,94,0.5,0.0
8,12,85,65,0.5,0.0
8,12,86,126,0.5,0.0
8,12,87,93,0.5,0.0
8,12,88,82,0.5,0.0
8,12,89,77,-0.5,0.0
8,12,90,114,0.5,0.0
8,12,91,81,0.5,0.0
8,12,92,12,0.5,0.0
8,12,93,87,-0.5,0.0
8,12,94,84,-0.5,0.0
8,12,95,75,-0.5,0.0
8,12,96,24,-0.5,0.0
8,12,97,107,-0.5,0.0
8,12,98,104,-0.5,0.0
8,12,99,119,-0.5,0.0
8,12,100,110,0.5,0.0
8,12,101,113,-0.5,0.0
8,12,102,78,0.5,0.0
8,12,103,109,0.5,0.0
8,12,104,98,0.5,0.0
8,12,105,125,0.5,0.0
8,12,106,66,0.5,0.0
8,12,107,97,0.5,0.0
8,12,108,60,-0.5,0.0
8,12,109,103,-0.5,0.0
8,12,110,100,-0.5,0.0
8,12,111,123,0.5,0.0
8,12,112,122,-0.5,0.0
8,12,113,101,0.5,0.0
8,12,114,90,-0.5,0.0
8,12,115,121,-0.5,0.0
8,12,116,36,-0.5,0.0
8,12,117,127,0.5,0.0
8,12,118,124,0.5,0.0
8,12,119,99,0.5,0.0
8,12,120,48,-0.5,0.0
8,12,121,115,0.5,0.0
8,12,122,112,0.5,0.0
8,12,123,111,-0.5,0.0
8,12,124,118,-0.5,0.0
8,12,125,105,-0.5,0.0
8,12,126,86,-0.5,0.0
8,12,127,117,-0.5,0.0
8,13,0,40,0.0,0.5
8,13,1,11,0.0,0.5
8,13,2,8,0.0,-0.5
8,13,3,23,0.0,0.5
8,13,4,14,0.0,-0.5
8,13,5,17,0.0,-0.5
8,13,6,46,0.0,0.5
8,13,7,13,0.0,0.5
8,13,8,2,0.0,-0.5
8,13,9,29,0.0,-0.5
8,13,10,34,0.0,-0.5
8,13,11,1,0.0,0.5
8,13,12,92,0.0,0.5
8,13,13,7,0.0,0.5
8,13,14,4,0.0,-0.5
8,13,15,27,0.0,0.5
8,13,16,26,0.0,0.5
8,13,17,5,0.0,-0.5
8,13,18,58,0.0,-0.5
8,13,19,25,0.0,-0.5
8,13,20,68,0.0,-0.5
8,13,21,31,0.0,-0.5
8,13,22,28,0.0,0.5
8,13,23,3,0.0,0.5
8,13,24,96,0.0,-0.5
8,13,25,19,0.0,-0.5
8,13,26,16,0.0,0.5
8,13,27,15,0.0,0.5
8,13,28,22,0.0,0.5
8,13,29,9,0.0,-0.5
8,13,30,54,0.0,0.5
8,13,31,21,0.0,-0.5
8,13,32,42,0.0,0.5
8,13,33,53,0.0,0.5
8,13,34,10,0.0,-0.5
8,13,35,41,0.0,-0.5
8,13,36,116,0.0,-0.5
8,13,37,47,0.0,-0.5
8,13,38,44,0.0,0.5
8,13,39,51,0.0,-0.5
8,13,40,0,0.0,0.5
8,13,41,35,0.0,-0.5
8,13,42,32,0.0,0.5
8,13,43,63,0.0,-0.5
8,13,44,38,0.0,0.5
8,13,45,57,0.0,0.5
8,13,46,6,0.0,0.5
8,13,47,37,0.0,-0.5
8,13,48,120,0.0,-0.5
8,13,49,59,0.0,0.5
8,13,50,56,0.0,-0.5
8,13,51,39,0.0,-0.5
8,13,52,62,0.0,-0.5
8,13,53,33,0.0,0.5
8,13,54,30,0.0,0.5
8,13,55,61,0.0,0.5
8,13,56,50,0.0,-0.5
8,13,57,45,0.0,0.5
8,13,58,18,0.0,-0.5
8,13,59,49,0.0,0.5
8,13,60,108,0.0,0.5
8,13,61,55,0.0,0.5
8,13,62,52,0.0,-0.5
8,13,63,43,0.0,-0.5
8,13,64,74,0.0,0.5
8,13,65,85,0.0,0.5
8,13,66,106,0.0,0.5
8,13,67,73,0.0,-0.5
8,13,68,20,0.0,-0.5
8,13,69,79,0.0,-0.5
8,13,70,76,0.0,0.5
8,13,71,83,0.0,-0.5
8,13,72,80,0.0,0.5
8,13,73,67,0.0,-0.5
8,13,74,64,0.0,0.5
8,13,75,95,0.0,-0.5
8,13,76,70,0.0,0.5
8,13,77,89,0.0,0.5
8,13,78,102,0.0,-0.5
8,13,79,69,0.0,-0.5
8,13,80,72,0.0,0.5
8,13,81,91,0.0,0.5
8,13,82,88,0.0,-0.5
8,13,83,71,0.0,-0.5
8,13,84,94,0.0,-0.5
8,13,85,65,0.0,0.5
8,13,86,126,0.0,-0.5
8,13,87,93,0.0,0.5
8,13,88,82,0.0,-0.5
8,13,89,77,0.0,0.5
8,13,90,114,0.0,0.5
8,13,91,81,0.0,0.5
8,13,92,12,0.0,0.5
8,13,93,87,0.0,0.5
8,13,94,84,0.0,-0.5
8,13,95,75,0.0,-0.5
8,13,96,24,0.0,-0.5
8,13,97,107,0.0,0.5
8,13,98,104,0.0,-0.5
8,13,99,119,0.0,0.5
8,13,100,110,0.0,-0.5
8,13,101,113,0.0,-0.5
8,13,102,78,0.0,-0.5
8,13,103,109,0.0,0.5
8,13,104,98,0.0,-0.5
8,13,105,125,0.0,-0.5
8,13,106,66,0.0,0.5
8,13,107,97,0.0,0.5
8,13,108,60,0.0,0.5
8,13,109,103,0.0,0.5
8,13,110,100,0.0,-0.5
8,13,111,123,0.0,0.5
8,13,112,122,0.0,0.5
8,13,113,101,0.0,-0.5
8,13,114,90,0.0,0.5
8,13,115,121,0.0,-0.5
8,13,116,36,0.0,-0.5
8,13,117,127,0.0,-0.5
8,13,118,124,0.0,0.5
8,13,119,99,0.0,0.5
8,13,120,48,0.0,-0.5
8,13,121,115,0.0,-0.5
8,13,122,112,0.0,0.5
8,13,123,111,0.0,0.5
8,13,124,118,0.0,0.5
8,13,125,105,0.0,-0.5
8,13,126,86,0.0,-0.5
8,13,127,117,0.0,-0.5
8,14,0,24,-0.5,0.0
8,14,1,8,-0.5,0.0
8,14,2,11,0.5,0.0
8,14,3,17,-0.5,0.0
8,14,4,13,0.5,0.0
8,14,5,23,0.5,0.0
8,14,6,34,-0.5,0.0
8,14,7,14,-0.5,0.0
8,14,8,1,0.5,0.0
8,14,9,27,0.5,0.0
8,14,10,46,0.5,0.0
8,14,11,2,-0.5,0.0
8,14,12,68,-0.5,0.0
8,14,13,4,-0.5,0.0
8,14,14,7,0.5,0.0
8,14,15,29,-0.5,0.0
8,14,16,25,-0.5,0.0
8,14,17,3,0.5,0.0
8,14,18,54,0.5,0.0
8,14,19,26,0.5,0.0
8,14,20,92,0.5,0.0
8,14,21,28,0.5,0.0
8,14,22,31,-0.5,0.0
8,14,23,5,-0.5,0.0
8,14,24,0,0.5,0.0
8,14,25,16,0.5,0.0
8,14,26,19,-0.5,0.0
8,14,27,9,-0.5,0.0
8,14,28,21,-0.5,0.0
8,14,29,15,0.5,0.0
8,14,30,58,-0.5,0.0
8,14,31,22,0.5,0.0
8,14,32,41,-0.5,0.0
8,14,33,51,-0.5,0.0
8,14,34,6,0.5,0.0
8,14,35,42,0.5,0.0
8,14,36,108,0.5,0.0
8,14,37,44,0.5,0.0
8,14,38,47,-0.5,0.0
8,14,39,53,0.5,0.0
8,14,40,96,-0.5,0.0
8,14,41,32,0.5,0.0
8,14,42,35,-0.5,0.0
8,14,43,57,0.5,0.0
8,14,44,37,-0.5,0.0
8,14,45,63,-0.5,0.0
8,14,46,10,-0.5,0.0
8,14,47,38,0.5,0.0
8,14,48,72,0.5,0.0
8,14,49,56,-0.5,0.0
8,14,50,59,0.5,0.0
8,14,51,33,0.5,0.0
8,14,52,61,0.5,0.0
8,14,53,39,-0.5,0.0
8,14,54,18,-0.5,0.0
8,14,55,62,-0.5,0.0
8,14,56,49,0.5,0.0
8,14,57,43,-0.5,0.0
8,14,58,30,0.5,0.0
8,14,59,50,-0.5,0.0
8,14,60,116,-0.5,0.0
8,14,61,52,-0.5,0.0
8,14,62,55,0.5,0.0
8,14,63,45,0.5,0.0
8,14,64,73,-0.5,0.0
8,14,65,83,-0.5,0.0
8,14,66,102,-0.5,0.0
8,14,67,74,0.5,0.0
8,14,68,12,0.5,0.0
8,14,69,76,0.5,0.0
8,14,70,79,-0.5,0.0
8,14,71,85,0.5,0.0
8,14,72,48,-0.5,0.0
8,14,73,64,0.5,0.0
8,14,74,67,-0.5,0.0
8,14,75,89,0.5,0.0
8,14,76,69,-0.5,0.0
8,14,77,95,-0.5,0.0
8,14,78,106,0.5,0.0
8,14,79,70,0.5,0.0
8,14,80,120,-0.5,0.0
8,14,81,88,-0.5,0.0
8,14,82,91,0.5,0.0
8,14,83,65,0.5,0.0
8,14,84,93,0.5,0.0
8,14,85,71,-0.5,0.0
8,14,86,114,0.5,0.0
8,14,87,94,-0.5,0.0
8,14,88,81,0.5,0.0
8,14,89,75,-0.5,0.0
8,14,90,126,-0.5,0.0
8,14,91,82,-0.5,0.0
8,14,92,20,-0.5,0.0
8,14,93,84,-0.5,0.0
8,14,94,87,0.5,0.0
8,14,95,77,0.5,0.0
8,14,96,40,0.5,0.0
8,14,97,104,-0.5,0.0
8,14,98,107,0.5,0.0
8,14,99,113,-0.5,0.0
8,14,100,109,0.5,0.0
8,14,101,119,0.5,0.0
8,14,102,66,0.5,0.0
8,14,103,110,-0.5,0.0
8,14,104,97,0.5,0.0
8,14,105,123,0.5,0.0
8,14,106,78,-0.5,0.0
8,14,107,98,-0.5,0.0
8,14,108,36,-0.5,0.0
8,14,109,100,-0.5,0.0
8,14,110,103,0.5,0.0
8,14,111,125,-0.5,0.0
8,14,112,121,-0.5,0.0
8,14,113,99,0.5,0.0
8,14,114,86,-0.5,0.0
8,14,115,122,0.5,0.0
8,14,116,60,0.5,0.0
8,14,117,124,0.5,0.0
8,14,118,127,-0.5,0.0
8,14,119,101,-0.5,0.0
8,14,120,80,0.5,0.0
8,14,121,112,0.5,0.0
8,14,122,115,-0.5,0.0
8,14,123,105,-0.5,0.0
8,14,124,117,-0.5,0.0
8,14,125,111,0.5,0.0
8,14,126,90,0.5,0.0
8,14,127,118,0.5,0.0
8,15,0,24,0.0,0.5
8,15,1,8,0.0,-0.5
8,15,2,11,0.0,-0.5
8,15,3,17,0.0,-0.5
8,15,4,13,0.0,-0.5
8,15,5,23,0.0,-0.5
8,15,6,34,0.0,-0.5
8,15,7,14,0.0,-0.5
8,15,8,1,0.0,-0.5
8,15,9,27,0.0,-0.5
8,15,10,46,0.0,-0.5
8,15,11,2,0.0,-0.5
8,15,12,68,0.0,-0.5
8,15,13,4,0.0,-0.5
8,15,14,7,0.0,-0.5
8,15,15,29,0.0,-0.5
8,15,16,25,0.0,0.5
8,15,17,3,0.0,-0.5
8,15,18,54,0.0,-0.5
8,15,19,26,0.0,0.5
8,15,20,92,0.0,-0.5
8,15,21,28,0.0,0.5
8,15,22,31,0.0,0.5
8,15,23,5,0.0,-0.5
8,15,24,0,0.0,0.5
8,15,25,16,0.0,0.5
8,15,26,19,0.0,0.5
8,15,27,9,0.0,-0.5
8,15,28,21,0.0,0.5
8,15,29,15,0.0,-0.5
8,15,30,58,0.0,-0.5
8,15,31,22,0.0,0.5
8,15,32,41,0.0,0.5
8,15,33,51,0.0,0.5
8,15,34,6,0.0,-0.5
8,15,35,42,0.0,0.5
8,15,36,108,0.0,-0.5
8,15,37,44,0.0,0.5
8,15,38,47,0.0,0.5
8,15,39,53,0.0,0.5
8,15,40,96,0.0,0.5
8,15,41,32,0.0,0.5
8,15,42,35,0.0,0.5
8,15,43,57,0.0,0.5
8,15,44,37,0.0,0.5
8,15,45,63,0.0,0.5
8,15,46,10,0.0,-0.5
8,15,47,38,0.0,0.5
8,15,48,72,0.0,0.5
8,15,49,56,0.0,-0.5
8,15,50,59,0.0,-0.5
8,15,51,33,0.0,0.5
8,15,52,61,0.0,-0.5
8,15,53,39,0.0,0.5
8,15,54,18,0.0,-0.5
8,15,55,62,0.0,-0.5
8,15,56,49,0.0,-0.5
8,15,57,43,0.0,0.5
8,15,58,30,0.0,-0.5
8,15,59,50,0.0,-0.5
8,15,60,116,0.0,-0.5
8,15,61,52,0.0,-0.5
8,15,62,55,0.0,-0.5
8,15,63,45,0.0,0.5
8,15,64,73,0.0,0.5
8,15,65,83,0.0,0.5
8,15,66,102,0.0,0.5
8,15,67,74,0.0,0.5
8,15,68,12,0.0,-0.5
8,15,69,76,0.0,0.5
8,15,70,79,0.0,0.5
8,15,71,85,0.0,0.5
8,15,72,48,0.0,0.5
8,15,73,64,0.0,0.5
8,15,74,67,0.0,0.5
8,15,75,89,0.0,0.5
8,15,76,69,0.0,0.5
8,15,77,95,0.0,0.5
8,15,78,106,0.0,0.5
8,15,79,70,0.0,0.5
8,15,80,120,0.0,0.5
8,15,81,88,0.0,-0.5
8,15,82,91,0.0,-0.5
8,15,83,65,0.0,0.5
8,15,84,93,0.0,-0.5
8,15,85,71,0.0,0.5
8,15,86,114,0.0,0.5
8,15,87,94,0.0,-0.5
8,15,88,81,0.0,-0.5
8,15,89,75,0.0,0.5
8,15,90,126,0.0,0.5
8,15,91,82,0.0,-0.5
8,15,92,20,0.0,-0.5
8,15,93,84,0.0,-0.5
8,15,94,87,0.0,-0.5
8,15,95,77,0.0,0.5
8,15,96,40,0.0,0.5
8,15,97,104,0.0,-0.5
8,15,98,107,0.0,-0.5
8,15,99,113,0.0,-0.5
8,15,100,109,0.0,-0.5
8,15,101,119,0.0,-0.5
8,15,102,66,0.0,0.5
8,15,103,110,0.0,-0.5
8,15,104,97,0.0,-0.5
8,15,105,123,0.0,-0.5
8,15,106,78,0.0,0.5
8,15,107,98,0.0,-0.5
8,15,108,36,0.0,-0.5
8,15,109,100,0.0,-0.5
8,15,110,103,0.0,-0.5
8,15,111,125,0.0,-0.5
8,15,112,121,0.0,0.5
8,15,113,99,0.0,-0.5
8,15,114,86,0.0,0.5
8,15,115,122,0.0,0.5
8,15,116,60,0.0,-0.5
8,15,117,124,0.0,0.5
8,15,118,127,0.0,0.5
8,15,119,101,0.0,-0.5
8,15,120,80,0.0,0.5
8,15,121,112,0.0,0.5
8,15,122,115,0.0,0.5
8,15,123,105,0.0,-0.5
8,15,124,117,0.0,0.5
8,15,125,111,0.0,-0.5
8,15,126,90,0.0,0.5
8,15,127,118,0.0,0.5
9,10,0,72,0.0,0.5
9,10,1,13,0.0,0.5
9,10,2,14,0.0,0.5
9,10,3,27,0.0,0.5
9,10,4,8,0.0,0.5
9,10,5,29,0.0,0.5
9,10,6,54,0.0,0.5
9,10,7,11,0.0,0.5
9,10,8,4,0.0,0.5
9,10,9,17,0.0,0.5
9,10,10,58,0.0,0.5
9,10,11,7,0.0,0.5
9,10,12,108,0.0,0.5
9,10,13,1,0.0,0.5
9,10,14,2,0.0,0.5
9,10,15,23,0.0,0.5
9,10,16,28,0.0,0.5
9,10,17,9,0.0,0.5
9,10,18,34,0.0,0.5
9,10,19,31,0.0,0.5
9,10,20,116,0.0,0.5
9,10,21,25,0.0,0.5
9,10,22,26,0.0,0.5
9,10,23,15,0.0,0.5
9,10,24,48,0.0,0.5
9,10,25,21,0.0,0.5
9,10,26,22,0.0,0.5
9,10,27,3,0.0,0.5
9,10,28,16,0.0,0.5
9,10,29,5,0.0,0.5
9,10,30,46,0.0,0.5
9,10,31,19,0.0,0.5
9,10,32,44,0.0,0.5
9,10,33,57,0.0,0.5
9,10,34,18,0.0,0.5
9,10,35,47,0.0,0.5
9,10,36,68,0.0,0.5
9,10,37,41,0.0,0.5
9,10,38,42,0.0,0.5
9,10,39,63,0.0,0.5
9,10,40,80,0.0,0.5
9,10,41,37,0.0,0.5
9,10,42,38,0.0,0.5
9,10,43,51,0.0,0.5
9,10,44,32,0.0,0.5
9,10,45,53,0.0,0.5
9,10,46,30,0.0,0.5
9,10,47,35,0.0,0.5
9,10,48,24,0.0,0.5
9,10,49,61,0.0,0.5
9,10,50,62,0.0,0.5
9,10,51,43,0.0,0.5
9,10,52,56,0.0,0.5
9,10,53,45,0.0,0.5
9,10,54,6,0.0,0.5
9,10,55,59,0.0,0.5
9,10,56,52,0.0,0.5
9,10,57,33,0.0,0.5
9,10,58,10,0.0,0.5
9,10,59,55,0.0,0.5
9,10,60,92,0.0,0.5
9,10,61,49,0.0,0.5
9,10,62,50,0.0,0.5
9,10,63,39,0.0,0.5
9,10,64,76,0.0,0.5
9,10,65,89,0.0,0.5
9,10,66,114,0.0,0.5
9,10,67,79,0.0,0.5
9,10,68,36,0.0,0.5
9,10,69,73,0.0,0.5
9,10,70,74,0.0,0.5
9,10,71,95,0.0,0.5
9,10,72,0,0.0,0.5
9,10,73,69,0.0,0.5
9,10,74,70,0.0,0.5
9,10,75,83,0.0,0.5
9,10,76,64,0.0,0.5
9,10,77,85,0.0,0.5
9,10,78,126,0.0,0.5
9,10,79,67,0.0,0.5
9,10,80,40,0.0,0.5
9,10,81,93,0.0,0.5
9,10,82,94,0.0,0.5
9,10,83,75,0.0,0.5
9,10,84,88,0.0,0.5
9,10,85,77,0.0,0.5
9,10,86,102,0.0,0.5
9,10,87,91,0.0,0.5
9,10,88,84,0.0,0.5
9,10,89,65,0.0,0.5
9,10,90,106,0.0,0.5
9,10,91,87,0.0,0.5
9,10,92,60,0.0,0.5
9,10,93,81,0.0,0.5
9,10,94,82,0.0,0.5
9,10,95,71,0.0,0.5
9,10,96,120,0.0,0.5
9,10,97,109,0.0,0.5
9,10,98,110,0.0,0.5
9,10,99,123,0.0,0.5
9,10,100,104,0.0,0.5
9,10,101,125,0.0,0.5
9,10,102,86,0.0,0.5
9,10,103,107,0.0,0.5
9,10,104,100,0.0,0.5
9,10,105,113,0.0,0.5
9,10,106,90,0.0,0.5
9,10,107,103,0.0,0.5
9,10,108,12,0.0,0.5
9,10,109,97,0.0,0.5
9,10,110,98,0.0,0.5
9,10,111,119,0.0,0.5
9,10,112,124,0.0,0.5
9,10,113,105,0.0,0.5
9,10,114,66,0.0,0.5
9,10,115,127,0.0,0.5
9,10,116,20,0.0,0.5
9,10,117,121,0.0,0.5
9,10,118,122,0.0,0.5
9,10,119,111,0.0,0.5
9,10,120,96,0.0,0.5
9,10,121,117,0.0,0.5
9,10,122,118,0.0,0.5
9,10,123,99,0.0,0.5
9,10,124,112,0.0,0.5
9,10,125,101,0.0,0.5
9,10,126,78,0.0,0.5
9,10,127,115,0.0,0.5
9,11,0,72,0.5,0.0
9,11,1,13,0.5,0.0
9,11,2,14,0.5,0.0
9,11,3,27,0.5,0.0
9,11,4,8,-0.5,0.0
9,11,5,29,0.5,0.0
9,11,6,54,0.5,0.0
9,11,7,11,-0.5,0.0
9,11,8,4,0.5,0.0
9,11,9,17,-0.5,0.0
9,11,10,58,0.5,0.0
9,11,11,7,0.5,0.0
9,11,12,108,0.5,0.0
9,11,13,1,-0.5,0.0
9,11,14,2,-0.5,0.0
9,11,15,23,-0.5,0.0
9,11,16,28,0.5,0.0
9,11,17,9,0.5,0.0
9,11,18,34,-0.5,0.0
9,11,19,31,0.5,0.0
9,11,20,116,0.5,0.0
9,11,21,25,-0.5,0.0
9,11,22,26,-0.5,0.0
9,11,23,15,0.5,0.0
9,11,24,48,0.5,0.0
9,11,25,21,0.5,0.0
9,11,26,22,0.5,0.0
9,11,27,3,-0.5,0.0
9,11,28,16,-0.5,0.0
9,11,29,5,-0.5,0.0
9,11,30,46,-0.5,0.0
9,11,31,19,-0.5,0.0
9,11,32,44,0.5,0.0
9,11,33,57,0.5,0.0
9,11,34,18,0.5,0.0
9,11,35,47,0.5,0.0
9,11,36,68,-0.5,0.0
9,11,37,41,-0.5,0.0
9,11,38,42,-0.5,0.0
9,11,39,63,0.5,0.0
9,11,40,80,0.5,0.0
9,11,41,37,0.5,0.0
9,11,42,38,0.5,0.0
9,11,43,51,-0.5,0.0
9,11,44,32,-0.5,0.0
9,11,45,53,-0.5,0.0
9,11,46,30,0.5,0.0
9,11,47,35,-0.5,0.0
9,11,48,24,-0.5,0.0
9,11,49,61,0.5,0.0
9,11,50,62,0.5,0.0
9,11,51,43,0.5,0.0
9,11,52,56,-0.5,0.0
9,11,53,45,0.5,0.0
9,11,54,6,-0.5,0.0
9,11,55,59,-0.5,0.0
9,11,56,52,0.5,0.0
9,11,57,33,-0.5,0.0
9,11,58,10,-0.5,0.0
9,11,59,55,0.5,0.0
9,11,60,92,-0.5,0.0
9,11,61,49,-0.5,0.0
9,11,62,50,-0.5,0.0
9,11,63,39,-0.5,0.0
9,11,64,76,0.5,0.0
9,11,65,89,0.5,0.0
9,11,66,114,0.5,0.0
9,11,67,79,0.5,0.0
9,11,68,36,0.5,0.0
9,11,69,73,-0.5,0.0
9,11,70,74,-0.5,0.0
9,11,71,95,0.5,0.0
9,11,72,0,-0.5,0.0
9,11,73,69,0.5,0.0
9,11,74,70,0.5,0.0
9,11,75,83,-0.5,0.0
9,11,76,64,-0.5,0.0
9,11,77,85,-0.5,0.0
9,11,78,126,0.5,0.0
9,11,79,67,-0.5,0.0
9,11,80,40,-0.5,0.0
9,11,81,93,0.5,0.0
9,11,82,94,0.5,0.0
9,11,83,75,0.5,0.0
9,11,84,88,-0.5,0.0
9,11,85,77,0.5,0.0
9,11,86,102,-0.5,0.0
9,11,87,91,-0.5,0.0
9,11,88,84,0.5,0.0
9,11,89,65,-0.5,0.0
9,11,90,106,-0.5,0.0
9,11,91,87,0.5,0.0
9,11,92,60,0.5,0.0
9,11,93,81,-0.5,0.0
9,11,94,82,-0.5,0.0
9,11,95,71,-0.5,0.0
9,11,96,120,0.5,0.0
9,11,97,109,0.5,0.0
9,11,98,110,0.5,0.0
9,11,99,123,0.5,0.0
9,11,100,104,-0.5,0.0
9,11,101,125,0.5,0.0
9,11,102,86,0.5,0.0
9,11,103,107,-0.5,0.0
9,11,104,100,0.5,0.0
9,11,105,113,-0.5,0.0
9,11,106,90,0.5,0.0
9,11,107,103,0.5,0.0
9,11,108,12,-0.5,0.0
9,11,109,97,-0.5,0.0
9,11,110,98,-0.5,0.0
9,11,111,119,-0.5,0.0
9,11,112,124,0.5,0.0
9,11,113,105,0.5,0.0
9,11,114,66,-0.5,0.0
9,11,115,127,0.5,0.0
9,11,116,20,-0.5,0.0
9,11,117,121,-0.5,0.0
9,11,118,122,-0.5,0.0
9,11,119,111,0.5,0.0
9,11,120,96,-0.5,0.0
9,11,121,117,0.5,0.0
9,11,122,118,0.5,0.0
9,11,123,99,-0.5,0.0
9,11,124,112,-0.5,0.0
9,11,125,101,-0.5,0.0
9,11,126,78,-0.5,0.0
9,11,127,115,-0.5,0.0
9,12,0,40,0.0,0.5
9,12,1,11,0.0,0.5
9,12,2,8,0.0,0.5
9,12,3,23,0.0,0.5
9,12,4,14,0.0,-0.5
9,12,5,17,0.0,0.5
9,12,6,46,0.0,0.5
9,12,7,13,0.0,-0.5
9,12,8,2,0.0,0.5
9,12,9,29,0.0,-0.5
9,12,10,34,0.0,0.5
9,12,11,1,0.0,0.5
9,12,12,92,0.0,0.5
9,12,13,7,0.0,-0.5
9,12,14,4,0.0,-0.5
9,12,15,27,0.0,-0.5
9,12,16,26,0.0,0.5
9,12,17,5,0.0,0.5
9,12,18,58,0.0,-0.5
9,12,19,25,0.0,0.5
9,12,20,68,0.0,0.5
9,12,21,31,0.0,-0.5
9,12,22,28,0.0,-0.5
9,12,23,3,0.0,0.5
9,12,24,96,0.0,0.5
9,12,25,19,0.0,0.5
9,12,26,16,0.0,0.5
9,12,27,15,0.0,-0.5
9,12,28,22,0.0,-0.5
9,12,29,9,0.0,-0.5
9,12,30,54,0.0,-0.5
9,12,31,21,0.0,-0.5
9,12,32,42,0.0,0.5
9,12,33,53,0.0,0.5
9,12,34,10,0.0,0.5
9,12,35,41,0.0,0.5
9,12,36,116,0.0,-0.5
9,12,37,47,0.0,-0.5
9,12,38,44,0.0,-0.5
9,12,39,51,0.0,0.5
9,12,40,0,0.0,0.5
9,12,41,35,0.0,0.5
9,12,42,32,0.0,0.5
9,12,43,63,0.0,-0.5
9,12,44,38,0.0,-0.5
9,12,45,57,0.0,-0.5
9,12,46,6,0.0,0.5
9,12,47,37,0.0,-0.5
9,12,48,120,0.0,-0.5
9,12,49,59,0.0,0.5
9,12,50,56,0.0,0.5
9,12,51,39,0.0,0.5
9,12,52,62,0.0,-0.5
9,12,53,33,0.0,0.5
9,12,54,30,0.0,-0.5
9,12,55,61,0.0,-0.5
9,12,56,50,0.0,0.5
9,12,57,45,0.0,-0.5
9,12,58,18,0.0,-0.5
9,12,59,49,0.0,0.5
9,12,60,108,0.0,-0.5
9,12,61,55,0.0,-0.5
9,12,62,52,0.0,-0.5
9,12,63,43,0.0,-0.5
9,12,64,74,0.0,0.5
9,12,65,85,0.0,0.5
9,12,66,106,0.0,0.5
9,12,67,73,0.0,0.5
9,12,68,20,0.0,0.5
9,12,69,79,0.0,-0.5
9,12,70,76,0.0,-0.5
9,12,71,83,0.0,0.5
9,12,72,80,0.0,-0.5
9,12,73,67,0.0,0.5
9,12,74,64,0.0,0.5
9,12,75,95,0.0,-0.5
9,12,76,70,0.0,-0.5
9,12,77,89,0.0,-0.5
9,12,78,102,0.0,0.5
9,12,79,69,0.0,-0.5
9,12,80,72,0.0,-0.5
9,12,81,91,0.0,0.5
9,12,82,88,0.0,0.5
9,12,83,71,0.0,0.5
9,12,84,94,0.0,-0.5
9,12,85,65,0.0,0.5
9,12,86,126,0.0,-0.5
9,12,87,93,0.0,-0.5
9,12,88,82,0.0,0.5
9,12,89,77,0.0,-0.5
9,12,90,114,0.0,-0.5
9,12,91,81,0.0,0.5
9,12,92,12,0.0,0.5
9,12,93,87,0.0,-0.5
9,12,94,84,0.0,-0.5
9,12,95,75,0.0,-0.5
9,12,96,24,0.0,0.5
9,12,97,107,0.0,0.5
9,12,98,104,0.0,0.5
9,12,99,119,0.0,0.5
9,12,100,110,0.0,-0.5
9,12,101,113,0.0,0.5
9,12,102,78,0.0,0.5
9,12,103,109,0.0,-0.5
9,12,104,98,0.0,0.5
9,12,105,125,0.0,-0.5
9,12,106,66,0.0,0.5
9,12,107,97,0.0,0.5
9,12,108,60,0.0,-0.5
9,12,109,103,0.0,-0.5
9,12,110,100,0.0,-0.5
9,12,111,123,0.0,-0.5
9,12,112,122,0.0,0.5
9,12,113,101,0.0,0.5
9,12,114,90,0.0,-0.5
9,12,115,121,0.0,0.5
9,12,116,36,0.0,-0.5
9,12,117,127,0.0,-0.5
9,12,118,124,0.0,-0.5
9,12,119,99,0.0,0.5
9,12,120,48,0.0,-0.5
9,12,121,115,0.0,0.5
9,12,122,112,0.0,0.5
9,12,123,111,0.0,-0.5
9,12,124,118,0.0,-0.5
9,12,125,105,0.0,-0.5
9,12,126,86,0.0,-0.5
9,12,127,117,0.0,-0.5
9,13,0,40,0.5,0.0
9,13,1,11,0.5,0.0
9,13,2,8,-0.5,0.0
9,13,3,23,0.5,0.0
9,13,4,14,-0.5,0.0
9,13,5,17,-0.5,0.0
9,13,6,46,0.5,0.0
9,13,7,13,0.5,0.0
9,13,8,2,0.5,0.0
9,13,9,29,-0.5,0.0
9,13,10,34,-0.5,0.0
9,13,11,1,-0.5,0.0
9,13,12,92,0.5,0.0
9,13,13,7,-0.5,0.0
9,13,14,4,0.5,0.0
9,13,15,27,0.5,0.0
9,13,16,26,0.5,0.0
9,13,17,5,0.5,0.0
9,13,18,58,-0.5,0.0
9,13,19,25,-0.5,0.0
9,13,20,68,-0.5,0.0
9,13,21,31,-0.5,0.0
9,13,22,28,0.5,0.0
9,13,23,3,-0.5,0.0
9,13,24,96,0.5,0.0
9,13,25,19,0.5,0.0
9,13,26,16,-0.5,0.0
9,13,27,15,-0.5,0.0
9,13,28,22,-0.5,0.0
9,13,29,9,0.5,0.0
9,13,30,54,0.5,0.0
9,13,31,21,0.5,0.0
9,13,32,42,0.5,0.0
9,13,33,53,0.5,0.0
9,13,34,10,0.5,0.0
9,13,35,41,-0.5,0.0
9,13,36,116,-0.5,0.0
9,13,37,47,-0.5,0.0
9,13,38,44,0.5,0.0
9,13,39,51,-0.5,0.0
9,13,40,0,-0.5,0.0
9,13,41,35,0.5,0.0
9,13,42,32,-0.5,0.0
9,13,43,63,-0.5,0.0
9,13,44,38,-0.5,0.0
9,13,45,57,0.5,0.0
9,13,46,6,-0.5,0.0
9,13,47,37,0.5,0.0
9,13,48,120,-0.5,0.0
9,13,49,59,0.5,0.0
9,13,50,56,-0.5,0.0
9,13,51,39,0.5,0.0
9,13,52,62,-0.5,0.0
9,13,53,33,-0.5,0.0
9,13,54,30,-0.5,0.0
9,13,55,61,0.5,0.0
9,13,56,50,0.5,0.0
9,13,57,45,-0.5,0.0
9,13,58,18,0.5,0.0
9,13,59,49,-0.5,0.0
9,13,60,108,0.5,0.0
9,13,61,55,-0.5,0.0
9,13,62,52,0.5,0.0
9,13,63,43,0.5,0.0
9,13,64,74,0.5,0.0
9,13,65,85,0.5,0.0
9,13,66,106,0.5,0.0
9,13,67,73,-0.5,0.0
9,13,68,20,0.5,0.0
9,13,69,79,-0.5,0.0
9,13,70,76,0.5,0.0
9,13,71,83,-0.5,0.0
9,13,72,80,-0.5,0.0
9,13,73,67,0.5,0.0
9,13,74,64,-0.5,0.0
9,13,75,95,-0.5,0.0
9,13,76,70,-0.5,0.0
9,13,77,89,0.5,0.0
9,13,78,102,-0.5,0.0
9,13,79,69,0.5,0.0
9,13,80,72,0.5,0.0
9,13,81,91,0.5,0.0
9,13,82,88,-0.5,0.0
9,13,83,71,0.5,0.0
9,13,84,94,-0.5,0.0
9,13,85,65,-0.5,0.0
9,13,86,126,-0.5,0.0
9,13,87,93,0.5,0.0
9,13,88,82,0.5,0.0
9,13,89,77,-0.5,0.0
9,13,90,114,0.5,0.0
9,13,91,81,-0.5,0.0
9,13,92,12,-0.5,0.0
9,13,93,87,-0.5,0.0
9,13,94,84,0.5,0.0
9,13,95,75,0.5,0.0
9,13,96,24,-0.5,0.0
9,13,97,107,0.5,0.0
9,13,98,104,-0.5,0.0
9,13,99,119,0.5,0.0
9,13,100,110,-0.5,0.0
9,13,101,113,-0.5,0.0
9,13,102,78,0.5,0.0
9,13,103,109,0.5,0.0
9,13,104,98,0.5,0.0
9,13,105,125,-0.5,0.0
9,13,106,66,-0.5,0.0
9,13,107,97,-0.5,0.0
9,13,108,60,-0.5,0.0
9,13,109,103,-0.5,0.0
9,13,110,100,0.5,0.0
9,13,111,123,0.5,0.0
9,13,112,122,0.5,0.0
9,13,113,101,0.5,0.0
9,13,114,90,-0.5,0.0
9,13,115,121,-0.5,0.0
9,13,116,36,0.5,0.0
9,13,117,127,-0.5,0.0
9,13,118,124,0.5,0.0
9,13,119,99,-0.5,0.0
9,13,120,48,0.5,0.0
9,13,121,115,0.5,0.0
9,13,122,112,-0.5,0.0
9,13,123,111,-0.5,0.0
9,13,124,118,-0.5,0.0
9,13,125,105,0.5,0.0
9,13,126,86,0.5,0.0
9,13,127,117,0.5,0.0
9,14,0,24,0.0,0.5
9,14,1,8,0.0,0.5
9,14,2,11,0.0,-0.5
9,14,3,17,0.0,0.5
9,14,4,13,0.0,-0.5
9,14,5,23,0.0,-0.5
9,14,6,34,0.0,0.5
9,14,7,14,0.0,0.5
9,14,8,1,0.0,0.5
9,14,9,27,0.0,-0.5
9,14,10,46,0.0,-0.5
9,14,11,2,0.0,-0.5
9,14,12,68,0.0,0.5
9,14,13,4,0.0,-0.5
9,14,14,7,0.0,0.5
9,14,15,29,0.0,0.5
9,14,16,25,0.0,0.5
9,14,17,3,0.0,0.5
9,14,18,54,0.0,-0.5
9,14,19,26,0.0,-0.5
9,14,20,92,0.0,-0.5
9,14,21,28,0.0,-0.5
9,14,22,31,0.0,0.5
9,14,23,5,0.0,-0.5
9,14,24,0,0.0,0.5
9,14,25,16,0.0,0.5
9,14,26,19,0.0,-0.5
9,14,27,9,0.0,-0.5
9,14,28,21,0.0,-0.5
9,14,29,15,0.0,0.5
9,14,30,58,0.0,0.5
9,14,31,22,0.0,0.5
9,14,32,41,0.0,0.5
9,14,33,51,0.0,0.5
9,14,34,6,0.0,0.5
9,14,35,42,0.0,-0.5
9,14,36,108,0.0,-0.5
9,14,37,44,0.0,-0.5
9,14,38,47,0.0,0.5
9,14,39,53,0.0,-0.5
9,14,40,96,0.0,-0.5
9,14,41,32,0.0,0.5
9,14,42,35,0.0,-0.5
9,14,43,57,0.0,-0.5
9,14,44,37,0.0,-0.5
9,14,45,63,0.0,0.5
9,14,46,10,0.0,-0.5
9,14,47,38,0.0,0.5
9,14,48,72,0.0,-0.5
9,14,49,56,0.0,0.5
9,14,50,59,0.0,-0.5
9,14,51,33,0.0,0.5
9,14,52,61,0.0,-0.5
9,14,53,39,0.0,-0.5
9,14,54,18,0.0,-0.5
9,14,55,62,0.0,0.5
9,14,56,49,0.0,0.5
9,14,57,43,0.0,-0.5
9,14,58,30,0.0,0.5
9,14,59,50,0.0,-0.5
9,14,60,116,0.0,0.5
9,14,61,52,0.0,-0.5
9,14,62,55,0.0,0.5
9,14,63,45,0.0,0.5
9,14,64,73,0.0,0.5
9,14,65,83,0.0,0.5
9,14,66,102,0.0,0.5
9,14,67,74,0.0,-0.5
9,14,68,12,0.0,0.5
9,14,69,76,0.0,-0.5
9,14,70,79,0.0,0.5
9,14,71,85,0.0,-0.5
9,14,72,48,0.0,-0.5
9,14,73,64,0.0,0.5
9,14,74,67,0.0,-0.5
9,14,75,89,0.0,-0.5
9,14,76,69,0.0,-0.5
9,14,77,95,0.0,0.5
9,14,78,106,0.0,-0.5
9,14,79,70,0.0,0.5
9,14,80,120,0.0,0.5
9,14,81,88,0.0,0.5
9,14,82,91,0.0,-0.5
9,14,83,65,0.0,0.5
9,14,84,93,0.0,-0.5
9,14,85,71,0.0,-0.5
9,14,86,114,0.0,-0.5
9,14,87,94,0.0,0.5
9,14,88,81,0.0,0.5
9,14,89,75,0.0,-0.5
9,14,90,126,0.0,0.5
9,14,91,82,0.0,-0.5
9,14,92,20,0.0,-0.5
9,14,93,84,0.0,-0.5
9,14,94,87,0.0,0.5
9,14,95,77,0.0,0.5
9,14,96,40,0.0,-0.5
9,14,97,104,0.0,0.5
9,14,98,107,0.0,-0.5
9,14,99,113,0.0,0.5
9,14,100,109,0.0,-0.5
9,14,101,119,0.0,-0.5
9,14,102,66,0.0,0.5
9,14,103,110,0.0,0.5
9,14,104,97,0.0,0.5
9,14,105,123,0.0,-0.5
9,14,106,78,0.0,-0.5
9,14,107,98,0.0,-0.5
9,14,108,36,0.0,-0.5
9,14,109,100,0.0,-0.5
9,14,110,103,0.0,0.5
9,14,111,125,0.0,0.5
9,14,112,121,0.0,0.5
9,14,113,99,0.0,0.5
9,14,114,86,0.0,-0.5
9,14,115,122,0.0,-0.5
9,14,116,60,0.0,0.5
9,14,117,124,0.0,-0.5
9,14,118,127,0.0,0.5
9,14,119,101,0.0,-0.5
9,14,120,80,0.0,0.5
9,14,121,112,0.0,0.5
9,14,122,115,0.0,-0.5
9,14,123,105,0.0,-0.5
9,14,124,117,0.0,-0.5
9,14,125,111,0.0,0.5
9,14,126,90,0.0,0.5
9,14,127,118,0.0,0.5
9,15,0,24,0.5,0.0
9,15,1,8,-0.5,0.0
9,15,2,11,-0.5,0.0
9,15,3,17,-0.5,0.0
9,15,4,13,-0.5,0.0
9,15,5,23,-0.5,0.0
9,15,6,34,-0.5,0.0
9,15,7,14,-0.5,0.0
9,15,8,1,0.5,0.0
9,15,9,27,-0.5,0.0
9,15,10,46,-0.5,0.0
9,15,11,2,0.5,0.0
9,15,12,68,-0.5,0.0
9,15,13,4,0.5,0.0
9,15,14,7,0.5,0.0
9,15,15,29,-0.5,0.0
9,15,16,25,0.5,0.0
9,15,17,3,0.5,0.0
9,15,18,54,-0.5,0.0
9,15,19,26,0.5,0.0
9,15,20,92,-0.5,0.0
9,15,21,28,0.5,0.0
9,15,22,31,0.5,0.0
9,15,23,5,0.5,0.0
9,15,24,0,-0.5,0.0
9,15,25,16,-0.5,0.0
9,15,26,19,-0.5,0.0
9,15,27,9,0.5,0.0
9,15,28,21,-0.5,0.0
9,15,29,15,0.5,0.0
9,15,30,58,-0.5,0.0
9,15,31,22,-0.5,0.0
9,15,32,41,0.5,0.0
9,15,33,51,0.5,0.0
9,15,34,6,0.5,0.0
9,15,35,42,0.5,0.0
9,15,36,108,-0.5,0.0
9,15,37,44,0.5,0.0
9,15,38,47,0.5,0.0
9,15,39,53,0.5,0.0
9,15,40,96,-0.5,0.0
9,15,41,32,-0.5,0.0
9,15,42,35,-0.5,0.0
9,15,43,57,0.5,0.0
9,15,44,37,-0.5,0.0
9,15,45,63,0.5,0.0
9,15,46,10,0.5,0.0
9,15,47,38,-0.5,0.0
9,15,48,72,0.5,0.0
9,15,49,56,-0.5,0.0
9,15,50,59,-0.5,0.0
9,15,51,33,-0.5,0.0
9,15,52,61,-0.5,0.0
9,15,53,39,-0.5,0.0
9,15,54,18,0.5,0.0
9,15,55,62,-0.5,0.0
9,15,56,49,0.5,0.0
9,15,57,43,-0.5,0.0
9,15,58,30,0.5,0.0
9,15,59,50,0.5,0.0
9,15,60,116,-0.5,0.0
9,15,61,52,0.5,0.0
9,15,62,55,0.5,0.0
9,15,63,45,-0.5,0.0
9,15,64,73,0.5,0.0
9,15,65,83,0.5,0.0
9,15,66,102,0.5,0.0
9,15,67,74,0.5,0.0
9,15,68,12,0.5,0.0
9,15,69,76,0.5,0.0
9,15,70,79,0.5,0.0
9,15,71,85,0.5,0.0
9,15,72,48,-0.5,0.0
9,15,73,64,-0.5,0.0
9,15,74,67,-0.5,0.0
9,15,75,89,0.5,0.0
9,15,76,69,-0.5,0.0
9,15,77,95,0.5,0.0
9,15,78,106,0.5,0.0
9,15,79,70,-0.5,0.0
9,15,80,120,0.5,0.0
9,15,81,88,-0.5,0.0
9,15,82,91,-0.5,0.0
9,15,83,65,-0.5,0.0
9,15,84,93,-0.5,0.0
9,15,85,71,-0.5,0.0
9,15,86,114,0.5,0.0
9,15,87,94,-0.5,0.0
9,15,88,81,0.5,0.0
9,15,89,75,-0.5,0.0
9,15,90,126,0.5,0.0
9,15,91,82,0.5,0.0
9,15,92,20,0.5,0.0
9,15,93,84,0.5,0.0
9,15,94,87,0.5,0.0
9,15,95,77,-0.5,0.0
9,15,96,40,0.5,0.0
9,15,97,104,-0.5,0.0
9,15,98,107,-0.5,0.0
9,15,99,113,-0.5,0.0
9,15,100,109,-0.5,0.0
9,15,101,119,-0.5,0.0
9,15,102,66,-0.5,0.0
9,15,103,110,-0.5,0.0
9,15,104,97,0.5,0.0
9,15,105,123,-0.5,0.0
9,15,106,78,-0.5,0.0
9,15,107,98,0.5,0.0
9,15,108,36,0.5,0.0
9,15,109,100,0.5,0.0
9,15,110,103,0.5,0.0
9,15,111,125,-0.5,0.0
9,15,112,121,0.5,0.0
9,15,113,99,0.5,0.0
9,15,114,86,-0.5,0.0
9,15,115,122,0.5,0.0
9,15,116,60,0.5,0.0
9,15,117,124,0.5,0.0
9,15,118,127,0.5,0.0
9,15,119,101,0.5,0.0
9,15,120,80,-0.5,0.0
9,15,121,112,-0.5,0.0
9,15,122,115,-0.5,0.0
9,15,123,105,0.5,0.0
9,15,124,117,-0.5,0.0
9,15,125,111,0.5,0.0
9,15,126,90,-0.5,0.0
9,15,127,118,-0.5,0.0
10,11,0,0,0.0,0.5
10,11,1,1,0.0,0.5
10,11,2,2,0.0,0.5
10,11,3,3,0.0,0.5
10,11,4,4,0.0,-0.5
10,11,5,5,0.0,0.5
10,11,6,6,0.0,0.5
10,11,7,7,0.0,-0.5
10,11,8,8,0.0,0.5
10,11,9,9,0.0,-0.5
10,11,10,10,0.0,0.5
10,11,11,11,0.0,0.5
10,11,12,12,0.0,0.5
10,11,13,13,0.0,-0.5
10,11,14,14,0.0,-0.5
10,11,15,15,0.0,-0.5
10,11,16,16,0.0,0.5
10,11,17,17,0.0,0.5
10,11,18,18,0.0,-0.5
10,11,19,19,0.0,0.5
10,11,20,20,0.0,0.5
10,11,21,21,0.0,-0.5
10,11,22,22,0.0,-0.5
10,11,23,23,0.0,0.5
10,11,24,24,0.0,0.5
10,11,25,25,0.0,0.5
10,11,26,26,0.0,0.5
10,11,27,27,0.0,-0.5
10,11,28,28,0.0,-0.5
10,11,29,29,0.0,-0.5
10,11,30,30,0.0,-0.5
10,11,31,31,0.0,-0.5
10,11,32,32,0.0,0.5
10,11,33,33,0.0,0.5
10,11,34,34,0.0,0.5
10,11,35,35,0.0,0.5
10,11,36,36,0.0,-0.5
10,11,37,37,0.0,-0.5
10,11,38,38,0.0,-0.5
10,11,39,39,0.0,0.5
10,11,40,40,0.0,0.5
10,11,41,41,0.0,0.5
10,11,42,42,0.0,0.5
10,11,43,43,0.0,-0.5
10,11,44,44,0.0,-0.5
10,11,45,45,0.0,-0.5
10,11,46,46,0.0,0.5
10,11,47,47,0.0,-0.5
10,11,48,48,0.0,-0.5
10,11,49,49,0.0,0.5
10,11,50,50,0.0,0.5
10,11,51,51,0.0,0.5
10,11,52,52,0.0,-0.5
10,11,53,53,0.0,0.5
10,11,54,54,0.0,-0.5
10,11,55,55,0.0,-0.5
10,11,56,56,0.0,0.5
10,11,57,57,0.0,-0.5
10,11,58,58,0.0,-0.5
10,11,59,59,0.0,0.5
10,11,60,60,0.0,-0.5
10,11,61,61,0.0,-0.5
10,11,62,62,0.0,-0.5
10,11,63,63,0.0,-0.5
10,11,64,64,0.0,0.5
10,11,65,65,0.0,0.5
10,11,66,66,0.0,0.5
10,11,67,67,0.0,0.5
10,11,68,68,0.0,0.5
10,11,69,69,0.0,-0.5
10,11,70,70,0.0,-0.5
10,11,71,71,0.0,0.5
10,11,72,72,0.0,-0.5
10,11,73,73,0.0,0.5
10,11,74,74,0.0,0.5
10,11,75,75,0.0,-0.5
10,11,76,76,0.0,-0.5
10,11,77,77,0.0,-0.5
10,11,78,78,0.0,0.5
10,11,79,79,0.0,-0.5
10,11,80,80,0.0,-0.5
10,11,81,81,0.0,0.5
10,11,82,82,0.0,0.5
10,11,83,83,0.0,0.5
10,11,84,84,0.0,-0.5
10,11,85,85,0.0,0.5
10,11,86,86,0.0,-0.5
10,11,87,87,0.0,-0.5
10,11,88,88,0.0,0.5
10,11,89,89,0.0,-0.5
10,11,90,90,0.0,-0.5
10,11,91,91,0.0,0.5
10,11,92,92,0.0,0.5
10,11,93,93,0.0,-0.5
10,11,94,94,0.0,-0.5
10,11,95,95,0.0,-0.5
10,11,96,96,0.0,0.5
10,11,97,97,0.0,0.5
10,11,98,98,0.0,0.5
10,11,99,99,0.0,0.5
10,11,100,100,0.0,-0.5
10,11,101,101,0.0,0.5
10,11,102,102,0.0,0.5
10,11,103,103,0.0,-0.5
10,11,104,104,0.0,0.5
10,11,105,105,0.0,-0.5
10,11,106,106,0.0,0.5
10,11,107,107,0.0,0.5
10,11,108,108,0.0,-0.5
10,11,109,109,0.0,-0.5
10,11,110,110,0.0,-0.5
10,11,111,111,0.0,-0.5
10,11,112,112,0.0,0.5
10,11,113,113,0.0,0.5
10,11,114,114,0.0,-0.5
10,11,115,115,0.0,0.5
10,11,116,116,0.0,-0.5
10,11,117,117,0.0,-0.5
10,11,118,118,0.0,-0.5
10,11,119,119,0.0,0.5
10,11,120,120,0.0,-0.5
10,11,121,121,0.0,0.5
10,11,122,122,0.0,0.5
10,11,123,123,0.0,-0.5
10,11,124,124,0.0,-0.5
10,11,125,125,0.0,-0.5
10,11,126,126,0.0,-0.5
10,11,127,127,0.0,-0.5
10,12,0,80,-0.5,0.0
10,12,1,7,-0.5,0.0
10,12,2,4,-0.5,0.0
10,12,3,15,-0.5,0.0
10,12,4,2,0.5,0.0
10,12,5,9,-0.5,0.0
10,12,6,30,-0.5,0.0
10,12,7,1,0.5,0.0
10,12,8,14,-0.5,0.0
10,12,9,5,0.5,0.0
10,12,10,18,-0.5,0.0
10,12,11,13,-0.5,0.0
10,12,12,60,-0.5,0.0
10,12,13,11,0.5,0.0
10,12,14,8,0.5,0.0
10,12,15,3,0.5,0.0
10,12,16,22,-0.5,0.0
10,12,17,29,-0.5,0.0
10,12,18,10,0.5,0.0
10,12,19,21,-0.5,0.0
10,12,20,36,-0.5,0.0
10,12,21,19,0.5,0.0
10,12,22,16,0.5,0.0
10,12,23,27,-0.5,0.0
10,12,24,120,-0.5,0.0
10,12,25,31,-0.5,0.0
10,12,26,28,-0.5,0.0
10,12,27,23,0.5,0.0
10,12,28,26,0.5,0.0
10,12,29,17,0.5,0.0
10,12,30,6,0.5,0.0
10,12,31,25,0.5,0.0
10,12,32,38,-0.5,0.0
10,12,33,45,-0.5,0.0
10,12,34,58,-0.5,0.0
10,12,35,37,-0.5,0.0
10,12,36,20,0.5,0.0
10,12,37,35,0.5,0.0
10,12,38,32,0.5,0.0
10,12,39,43,-0.5,0.0
10,12,40,72,-0.5,0.0
10,12,41,47,-0.5,0.0
10,12,42,44,-0.5,0.0
10,12,43,39,0.5,0.0
10,12,44,42,0.5,0.0
10,12,45,33,0.5,0.0
10,12,46,54,-0.5,0.0
10,12,47,41,0.5,0.0
10,12,48,96,0.5,0.0
10,12,49,55,-0.5,0.0
10,12,50,52,-0.5,0.0
10,12,51,63,-0.5,0.0
10,12,52,50,0.5,0.0
10,12,53,57,-0.5,0.0
10,12,54,46,0.5,0.0
10,12,55,49,0.5,0.0
10,12,56,62,-0.5,0.0
10,12,57,53,0.5,0.0
10,12,58,34,0.5,0.0
10,12,59,61,-0.5,0.0
10,12,60,12,0.5,0.0
10,12,61,59,0.5,0.0
10,12,62,56,0.5,0.0
10,12,63,51,0.5,0.0
10,12,64,70,-0.5,0.0
10,12,65,77,-0.5,0.0
10,12,66,90,-0.5,0.0
10,12,67,69,-0.5,0.0
10,12,68,116,-0.5,0.0
10,12,69,67,0.5,0.0
10,12,70,64,0.5,0.0
10,12,71,75,-0.5,0.0
10,12,72,40,0.5,0.0
10,12,73,79,-0.5,0.0
10,12,74,76,-0.5,0.0
10,12,75,71,0.5,0.0
10,12,76,74,0.5,0.0
10,12,77,65,0.5,0.0
10,12,78,86,-0.5,0.0
10,12,79,73,0.5,0.0
10,12,80,0,0.5,0.0
10,12,81,87,-0.5,0.0
10,12,82,84,-0.5,0.0
10,12,83,95,-0.5,0.0
10,12,84,82,0.5,0.0
10,12,85,89,-0.5,0.0
10,12,86,78,0.5,0.0
10,12,87,81,0.5,0.0
10,12,88,94,-0.5,0.0
10,12,89,85,0.5,0.0
10,12,90,66,0.5,0.0
10,12,91,93,-0.5,0.0
10,12,92,108,-0.5,0.0
10,12,93,91,0.5,0.0
10,12,94,88,0.5,0.0
10,12,95,83,0.5,0.0
10,12,96,48,-0.5,0.0
10,12,97,103,-0.5,0.0
10,12,98,100,-0.5,0.0
10,12,99,111,-0.5,0.0
10,12,100,98,0.5,0.0
10,12,101,105,-0.5,0.0
10,12,102,126,-0.5,0.0
10,12,103,97,0.5,0.0
10,12,104,110,-0.5,0.0
10,12,105,101,0.5,0.0
10,12,106,114,-0.5,0.0
10,12,107,109,-0.5,0.0
10,12,108,92,0.5,0.0
10,12,109,107,0.5,0.0
10,12,110,104,0.5,0.0
10,12,111,99,0.5,0.0
10,12,112,118,-0.5,0.0
10,12,113,125,-0.5,0.0
10,12,114,106,0.5,0.0
10,12,115,117,-0.5,0.0
10,12,116,68,0.5,0.0
10,12,117,115,0.5,0.0
10,12,118,112,0.5,0.0
10,12,119,123,-0.5,0.0
10,12,120,24,0.5,0.0
10,12,121,127,-0.5,0.0
10,12,122,124,-0.5,0.0
10,12,123,119,0.5,0.0
10,12,124,122,0.5,0.0
10,12,125,113,0.5,0.0
10,12,126,102,0.5,0.0
10,12,127,121,0.5,0.0
10,13,0,80,0.0,0.5
10,13,1,7,0.0,0.5
10,13,2,4,0.0,-0.5
10,13,3,15,0.0,0.5
10,13,4,2,0.0,-0.5
10,13,5,9,0.0,-0.5
10,13,6,30,0.0,0.5
10,13,7,1,0.0,0.5
10,13,8,14,0.0,0.5
10,13,9,5,0.0,-0.5
10,13,10,18,0.0,-0.5
10,13,11,13,0.0,-0.5
10,13,12,60,0.0,0.5
10,13,13,11,0.0,-0.5
10,13,14,8,0.0,0.5
10,13,15,3,0.0,0.5
10,13,16,22,0.0,0.5
10,13,17,29,0.0,0.5
10,13,18,10,0.0,-0.5
10,13,19,21,0.0,-0.5
10,13,20,36,0.0,-0.5
10,13,21,19,0.0,-0.5
10,13,22,16,0.0,0.5
10,13,23,27,0.0,-0.5
10,13,24,120,0.0,0.5
10,13,25,31,0.0,0.5
10,13,26,28,0.0,-0.5
10,13,27,23,0.0,-0.5
10,13,28,26,0.0,-0.5
10,13,29,17,0.0,0.5
10,13,30,6,0.0,0.5
10,13,31,25,0.0,0.5
10,13,32,38,0.0,0.5
10,13,33,45,0.0,0.5
10,13,34,58,0.0,0.5
10,13,35,37,0.0,-0.5
10,13,36,20,0.0,-0.5
10,13,37,35,0.0,-0.5
10,13,38,32,0.0,0.5
10,13,39,43,0.0,-0.5
10,13,40,72,0.0,-0.5
10,13,41,47,0.0,0.5
10,13,42,44,0.0,-0.5
10,13,43,39,0.0,-0.5
10,13,44,42,0.0,-0.5
10,13,45,33,0.0,0.5
10,13,46,54,0.0,-0.5
10,13,47,41,0.0,0.5
10,13,48,96,0.0,-0.5
10,13,49,55,0.0,0.5
10,13,50,52,0.0,-0.5
10,13,51,63,0.0,0.5
10,13,52,50,0.0,-0.5
10,13,53,57,0.0,-0.5
10,13,54,46,0.0,-0.5
10,13,55,49,0.0,0.5
10,13,56,62,0.0,0.5
10,13,57,53,0.0,-0.5
10,13,58,34,0.0,0.5
10,13,59,61,0.0,-0.5
10,13,60,12,0.0,0.5
10,13,61,59,0.0,-0.5
10,13,62,56,0.0,0.5
10,13,63,51,0.0,0.5
10,13,64,70,0.0,0.5
10,13,65,77,0.0,0.5
10,13,66,90,0.0,0.5
10,13,67,69,0.0,-0.5
10,13,68,116,0.0,0.5
10,13,69,67,0.0,-0.5
10,13,70,64,0.0,0.5
10,13,71,75,0.0,-0.5
10,13,72,40,0.0,-0.5
10,13,73,79,0.0,0.5
10,13,74,76,0.0,-0.5
10,13,75,71,0.0,-0.5
10,13,76,74,0.0,-0.5
10,13,77,65,0.0,0.5
10,13,78,86,0.0,-0.5
10,13,79,73,0.0,0.5
10,13,80,0,0.0,0.5
10,13,81,87,0.0,0.5
10,13,82,84,0.0,-0.5
10,13,83,95,0.0,0.5
10,13,84,82,0.0,-0.5
10,13,85,89,0.0,-0.5
10,13,86,78,0.0,-0.5
10,13,87,81,0.0,0.5
10,13,88,94,0.0,0.5
10,13,89,85,0.0,-0.5
10,13,90,66,0.0,0.5
10,13,91,93,0.0,-0.5
10,13,92,108,0.0,-0.5
10,13,93,91,0.0,-0.5
10,13,94,88,0.0,0.5
10,13,95,83,0.0,0.5
10,13,96,48,0.0,-0.5
10,13,97,103,0.0,0.5
10,13,98,100,0.0,-0.5
10,13,99,111,0.0,0.5
10,13,100,98,0.0,-0.5
10,13,101,105,0.0,-0.5
10,13,102,126,0.0,0.5
10,13,103,97,0.0,0.5
10,13,104,110,0.0,0.5
10,13,105,101,0.0,-0.5
10,13,106,114,0.0,-0.5
10,13,107,109,0.0,-0.5
10,13,108,92,0.0,-0.5
10,13,109,107,0.0,-0.5
10,13,110,104,0.0,0.5
10,13,111,99,0.0,0.5
10,13,112,118,0.0,0.5
10,13,113,125,0.0,0.5
10,13,114,106,0.0,-0.5
10,13,115,117,0.0,-0.5
10,13,116,68,0.0,0.5
10,13,117,115,0.0,-0.5
10,13,118,112,0.0,0.5
10,13,119,123,0.0,-0.5
10,13,120,24,0.0,0.5
10,13,121,127,0.0,0.5
10,13,122,124,0.0,-0.5
10,13,123,119,0.0,-0.5
10,13,124,122,0.0,-0.5
10,13,125,113,0.0,0.5
10,13,126,102,0.0,0.5
10,13,127,121,0.0,0.5
10,14,0,48,-0.5,0.0
10,14,1,4,-0.5,0.0
10,14,2,7,0.5,0.0
10,14,3,9,-0.5,0.0
10,14,4,1,0.5,0.0
10,14,5,15,0.5,0.0
10,14,6,18,-0.5,0.0
10,14,7,2,-0.5,0.0
10,14,8,13,-0.5,0.0
10,14,9,3,0.5,0.0
10,14,10,30,0.5,0.0
10,14,11,14,0.5,0.0
10,14,12,36,-0.5,0.0
10,14,13,8,0.5,0.0
10,14,14,11,-0.5,0.0
10,14,15,5,-0.5,0.0
10,14,16,21,-0.5,0.0
10,14,17,27,-0.5,0.0
10,14,18,6,0.5,0.0
10,14,19,22,0.5,0.0
10,14,20,60,0.5,0.0
10,14,21,16,0.5,0.0
10,14,22,19,-0.5,0.0
10,14,23,29,0.5,0.0
10,14,24,72,-0.5,0.0
10,14,25,28,-0.5,0.0
10,14,26,31,0.5,0.0
10,14,27,17,0.5,0.0
10,14,28,25,0.5,0.0
10,14,29,23,-0.5,0.0
10,14,30,10,-0.5,0.0
10,14,31,26,-0.5,0.0
10,14,32,37,-0.5,0.0
10,14,33,43,-0.5,0.0
10,14,34,54,-0.5,0.0
10,14,35,38,0.5,0.0
10,14,36,12,0.5,0.0
10,14,37,32,0.5,0.0
10,14,38,35,-0.5,0.0
10,14,39,45,0.5,0.0
10,14,40,120,0.5,0.0
10,14,41,44,-0.5,0.0
10,14,42,47,0.5,0.0
10,14,43,33,0.5,0.0
10,14,44,41,0.5,0.0
10,14,45,39,-0.5,0.0
10,14,46,58,0.5,0.0
10,14,47,42,-0.5,0.0
10,14,48,0,0.5,0.0
10,14,49,52,-0.5,0.0
10,14,50,55,0.5,0.0
10,14,51,57,-0.5,0.0
10,14,52,49,0.5,0.0
10,14,53,63,0.5,0.0
10,14,54,34,0.5,0.0
10,14,55,50,-0.5,0.0
10,14,56,61,-0.5,0.0
10,14,57,51,0.5,0.0
10,14,58,46,-0.5,0.0
10,14,59,62,0.5,0.0
10,14,60,20,-0.5,0.0
10,14,61,56,0.5,0.0
10,14,62,59,-0.5,0.0
10,14,63,53,-0.5,0.0
10,14,64,69,-0.5,0.0
10,14,65,75,-0.5,0.0
10,14,66,86,-0.5,0.0
10,14,67,70,0.5,0.0
10,14,68,108,-0.5,0.0
10,14,69,64,0.5,0.0
10,14,70,67,-0.5,0.0
10,14,71,77,0.5,0.0
10,14,72,24,0.5,0.0
10,14,73,76,-0.5,0.0
10,14,74,79,0.5,0.0
10,14,75,65,0.5,0.0
10,14,76,73,0.5,0.0
10,14,77,71,-0.5,0.0
10,14,78,90,0.5,0.0
10,14,79,74,-0.5,0.0
10,14,80,96,-0.5,0.0
10,14,81,84,-0.5,0.0
10,14,82,87,0.5,0.0
10,14,83,89,-0.5,0.0
10,14,84,81,0.5,0.0
10,14,85,95,0.5,0.0
10,14,86,66,0.5,0.0
10,14,87,82,-0.5,0.0
10,14,88,93,-0.5,0.0
10,14,89,83,0.5,0.0
10,14,90,78,-0.5,0.0
10,14,91,94,0.5,0.0
10,14,92,116,0.5,0.0
10,14,93,88,0.5,0.0
10,14,94,91,-0.5,0.0
10,14,95,85,-0.5,0.0
10,14,96,80,0.5,0.0
10,14,97,100,-0.5,0.0
10,14,98,103,0.5,0.0
10,14,99,105,-0.5,0.0
10,14,100,97,0.5,0.0
10,14,101,111,0.5,0.0
10,14,102,114,-0.5,0.0
10,14,103,98,-0.5,0.0
10,14,104,109,-0.5,0.0
10,14,105,99,0.5,0.0
10,14,106,126,0.5,0.0
10,14,107,110,0.5,0.0
10,14,108,68,0.5,0.0
10,14,109,104,0.5,0.0
10,14,110,107,-0.5,0.0
10,14,111,101,-0.5,0.0
10,14,112,117,-0.5,0.0
10,14,113,123,-0.5,0.0
10,14,114,102,0.5,0.0
10,14,115,118,0.5,0.0
10,14,116,92,-0.5,0.0
10,14,117,112,0.5,0.0
10,14,118,115,-0.5,0.0
10,14,119,125,0.5,0.0
10,14,120,40,-0.5,0.0
10,14,121,124,-0.5,0.0
10,14,122,127,0.5,0.0
10,14,123,113,0.5,0.0
10,14,124,121,0.5,0.0
10,14,125,119,-0.5,0.0
10,14,126,106,-0.5,0.0
10,14,127,122,-0.5,0.0
10,15,0,48,0.0,0.5
10,15,1,4,0.0,-0.5
10,15,2,7,0.0,-0.5
10,15,3,9,0.0,-0.5
10,15,4,1,0.0,-0.5
10,15,5,15,0.0,-0.5
10,15,6,18,0.0,-0.5
10,15,7,2,0.0,-0.5
10,15,8,13,0.0,0.5
10,15,9,3,0.0,-0.5
10,15,10,30,0.0,-0.5
10,15,11,14,0.0,0.5
10,15,12,36,0.0,-0.5
10,15,13,8,0.0,0.5
10,15,14,11,0.0,0.5
10,15,15,5,0.0,-0.5
10,15,16,21,0.0,0.5
10,15,17,27,0.0,0.5
10,15,18,6,0.0,-0.5
10,15,19,22,0.0,0.5
10,15,20,60,0.0,-0.5
10,15,21,16,0.0,0.5
10,15,22,19,0.0,0.5
10,15,23,29,0.0,0.5
10,15,24,72,0.0,-0.5
10,15,25,28,0.0,-0.5
10,15,26,31,0.0,-0.5
10,15,27,17,0.0,0.5
10,15,28,25,0.0,-0.5
10,15,29,23,0.0,0.5
10,15,30,10,0.0,-0.5
10,15,31,26,0.0,-0.5
10,15,32,37,0.0,0.5
10,15,33,43,0.0,0.5
10,15,34,54,0.0,0.5
10,15,35,38,0.0,0.5
10,15,36,12,0.0,-0.5
10,15,37,32,0.0,0.5
10,15,38,35,0.0,0.5
10,15,39,45,0.0,0.5
10,15,40,120,0.0,-0.5
10,15,41,44,0.0,-0.5
10,15,42,47,0.0,-0.5
10,15,43,33,0.0,0.5
10,15,44,41,0.0,-0.5
10,15,45,39,0.0,0.5
10,15,46,58,0.0,0.5
10,15,47,42,0.0,-0.5
10,15,48,0,0.0,0.5
10,15,49,52,0.0,-0.5
10,15,50,55,0.0,-0.5
10,15,51,57,0.0,-0.5
10,15,52,49,0.0,-0.5
10,15,53,63,0.0,-0.5
10,15,54,34,0.0,0.5
10,15,55,50,0.0,-0.5
10,15,56,61,0.0,0.5
10,15,57,51,0.0,-0.5
10,15,58,46,0.0,0.5
10,15,59,62,0.0,0.5
10,15,60,20,0.0,-0.5
10,15,61,56,0.0,0.5
10,15,62,59,0.0,0.5
10,15,63,53,0.0,-0.5
10,15,64,69,0.0,0.5
10,15,65,75,0.0,0.5
10,15,66,86,0.0,0.5
10,15,67,70,0.0,0.5
10,15,68,108,0.0,0.5
10,15,69,64,0.0,0.5
10,15,70,67,0.0,0.5
10,15,71,77,0.0,0.5
10,15,72,24,0.0,-0.5
10,15,73,76,0.0,-0.5
10,15,74,79,0.0,-0.5
10,15,75,65,0.0,0.5
10,15,76,73,0.0,-0.5
10,15,77,71,0.0,0.5
10,15,78,90,0.0,0.5
10,15,79,74,0.0,-0.5
10,15,80,96,0.0,0.5
10,15,81,84,0.0,-0.5
10,15,82,87,0.0,-0.5
10,15,83,89,0.0,-0.5
10,15,84,81,0.0,-0.5
10,15,85,95,0.0,-0.5
10,15,86,66,0.0,0.5
10,15,87,82,0.0,-0.5
10,15,88,93,0.0,0.5
10,15,89,83,0.0,-0.5
10,15,90,78,0.0,0.5
10,15,91,94,0.0,0.5
10,15,92,116,0.0,0.5
10,15,93,88,0.0,0.5
10,15,94,91,0.0,0.5
10,15,95,85,0.0,-0.5
10,15,96,80,0.0,0.5
10,15,97,100,0.0,-0.5
10,15,98,103,0.0,-0.5
10,15,99,105,0.0,-0.5
10,15,100,97,0.0,-0.5
10,15,101,111,0.0,-0.5
10,15,102,114,0.0,-0.5
10,15,103,98,0.0,-0.5
10,15,104,109,0.0,0.5
10,15,105,99,0.0,-0.5
10,15,106,126,0.0,-0.5
10,15,107,110,0.0,0.5
10,15,108,68,0.0,0.5
10,15,109,104,0.0,0.5
10,15,110,107,0.0,0.5
10,15,111,101,0.0,-0.5
10,15,112,117,0.0,0.5
10,15,113,123,0.0,0.5
10,15,114,102,0.0,-0.5
10,15,115,118,0.0,0.5
10,15,116,92,0.0,0.5
10,15,117,112,0.0,0.5
10,15,118,115,0.0,0.5
10,15,119,125,0.0,0.5
10,15,120,40,0.0,-0.5
10,15,121,124,0.0,-0.5
10,15,122,127,0.0,-0.5
10,15,123,113,0.0,0.5
10,15,124,121,0.0,-0.5
10,15,125,119,0.0,0.5
10,15,126,106,0.0,-0.5
10,15,127,122,0.0,-0.5
11,12,0,80,0.0,0.5
11,12,1,7,0.0,0.5
11,12,2,4,0.0,0.5
11,12,3,15,0.0,0.5
11,12,4,2,0.0,0.5
11,12,5,9,0.0,0.5
11,12,6,30,0.0,0.5
11,12,7,1,0.0,0.5
11,12,8,14,0.0,0.5
11,12,9,5,0.0,0.5
11,12,10,18,0.0,0.5
11,12,11,13,0.0,0.5
11,12,12,60,0.0,0.5
11,12,13,11,0.0,0.5
11,12,14,8,0.0,0.5
11,12,15,3,0.0,0.5
11,12,16,22,0.0,0.5
11,12,17,29,0.0,0.5
11,12,18,10,0.0,0.5
11,12,19,21,0.0,0.5
11,12,20,36,0.0,0.5
11,12,21,19,0.0,0.5
11,12,22,16,0.0,0.5
11,12,23,27,0.0,0.5
11,12,24,120,0.0,0.5
11,12,25,31,0.0,0.5
11,12,26,28,0.0,0.5
11,12,27,23,0.0,0.5
11,12,28,26,0.0,0.5
11,12,29,17,0.0,0.5
11,12,30,6,0.0,0.5
11,12,31,25,0.0,0.5
11,12,32,38,0.0,0.5
11,12,33,45,0.0,0.5
11,12,34,58,0.0,0.5
11,12,35,37,0.0,0.5
11,12,36,20,0.0,0.5
11,12,37,35,0.0,0.5
11,12,38,32,0.0,0.5
11,12,39,43,0.0,0.5
11,12,40,72,0.0,0.5
11,12,41,47,0.0,0.5
11,12,42,44,0.0,0.5
11,12,43,39,0.0,0.5
11,12,44,42,0.0,0.5
11,12,45,33,0.0,0.5
11,12,46,54,0.0,0.5
11,12,47,41,0.0,0.5
11,12,48,96,0.0,0.5
11,12,49,55,0.0,0.5
11,12,50,52,0.0,0.5
11,12,51,63,0.0,0.5
11,12,52,50,0.0,0.5
11,12,53,57,0.0,0.5
11,12,54,46,0.0,0.5
11,12,55,49,0.0,0.5
11,12,56,62,0.0,0.5
11,12,57,53,0.0,0.5
11,12,58,34,0.0,0.5
11,12,59,61,0.0,0.5
11,12,60,12,0.0,0.5
11,12,61,59,0.0,0.5
11,12,62,56,0.0,0.5
11,12,63,51,0.0,0.5
11,12,64,70,0.0,0.5
11,12,65,77,0.0,0.5
11,12,66,90,0.0,0.5
11,12,67,69,0.0,0.5
11,12,68,116,0.0,0.5
11,12,69,67,0.0,0.5
11,12,70,64,0.0,0.5
11,12,71,75,0.0,0.5
11,12,72,40,0.0,0.5
11,12,73,79,0.0,0.5
11,12,74,76,0.0,0.5
11,12,75,71,0.0,0.5
11,12,76,74,0.0,0.5
11,12,77,65,0.0,0.5
11,12,78,86,0.0,0.5
11,12,79,73,0.0,0.5
11,12,80,0,0.0,0.5
11,12,81,87,0.0,0.5
11,12,82,84,0.0,0.5
11,12,83,95,0.0,0.5
11,12,84,82,0.0,0.5
11,12,85,89,0.0,0.5
11,12,86,78,0.0,0.5
11,12,87,81,0.0,0.5
11,12,88,94,0.0,0.5
11,12,89,85,0.0,0.5
11,12,90,66,0.0,0.5
11,12,91,93,0.0,0.5
11,12,92,108,0.0,0.5
11,12,93,91,0.0,0.5
11,12,94,88,0.0,0.5
11,12,95,83,0.0,0.5
11,12,96,48,0.0,0.5
11,12,97,103,0.0,0.5
11,12,98,100,0.0,0.5
11,12,99,111,0.0,0.5
11,12,100,98,0.0,0.5
11,12,101,105,0.0,0.5
11,12,102,126,0.0,0.5
11,12,103,97,0.0,0.5
11,12,104,110,0.0,0.5
11,12,105,101,0.0,0.5
11,12,106,114,0.0,0.5
11,12,107,109,0.0,0.5
11,12,108,92,0.0,0.5
11,12,109,107,0.0,0.5
11,12,110,104,0.0,0.5
11,12,111,99,0.0,0.5
11,12,112,118,0.0,0.5
11,12,113,125,0.0,0.5
11,12,114,106,0.0,0.5
11,12,115,117,0.0,0.5
11,12,116,68,0.0,0.5
11,12,117,115,0.0,0.5
11,12,118,112,0.0,0.5
11,12,119,123,0.0,0.5
11,12,120,24,0.0,0.5
11,12,121,127,0.0,0.5
11,12,122,124,0.0,0.5
11,12,123,119,0.0,0.5
11,12,124,122,0.0,0.5
11,12,125,113,0.0,0.5
11,12,126,102,0.0,0.5
11,12,127,121,0.0,0.5
11,13,0,80,0.5,0.0
11,13,1,7,0.5,0.0
11,13,2,4,-0.5,0.0
11,13,3,15,0.5,0.0
11,13,4,2,0.5,0.0
11,13,5,9,-0.5,0.0
11,13,6,30,0.5,0.0
11,13,7,1,-0.5,0.0
11,13,8,14,0.5,0.0
11,13,9,5,0.5,0.0
11,13,10,18,-0.5,0.0
11,13,11,13,-0.5,0.0
11,13,12,60,0.5,0.0
11,13,13,11,0.5,0.0
11,13,14,8,-0.5,0.0
11,13,15,3,-0.5,0.0
11,13,16,22,0.5,0.0
11,13,17,29,0.5,0.0
11,13,18,10,0.5,0.0
11,13,19,21,-0.5,0.0
11,13,20,36,-0.5,0.0
11,13,21,19,0.5,0.0
11,13,22,16,-0.5,0.0
11,13,23,27,-0.5,0.0
11,13,24,120,0.5,0.0
11,13,25,31,0.5,0.0
11,13,26,28,-0.5,0.0
11,13,27,23,0.5,0.0
11,13,28,26,0.5,0.0
11,13,29,17,-0.5,0.0
11,13,30,6,-0.5,0.0
11,13,31,25,-0.5,0.0
11,13,32,38,0.5,0.0
11,13,33,45,0.5,0.0
11,13,34,58,0.5,0.0
11,13,35,37,-0.5,0.0
11,13,36,20,0.5,0.0
11,13,37,35,0.5,0.0
11,13,38,32,-0.5,0.0
11,13,39,43,-0.5,0.0
11,13,40,72,-0.5,0.0
11,13,41,47,0.5,0.0
11,13,42,44,-0.5,0.0
11,13,43,39,0.5,0.0
11,13,44,42,0.5,0.0
11,13,45,33,-0.5,0.0
11,13,46,54,-0.5,0.0
11,13,47,41,-0.5,0.0
11,13,48,96,0.5,0.0
11,13,49,55,0.5,0.0
11,13,50,52,-0.5,0.0
11,13,51,63,0.5,0.0
11,13,52,50,0.5,0.0
11,13,53,57,-0.5,0.0
11,13,54,46,0.5,0.0
11,13,55,49,-0.5,0.0
11,13,56,62,0.5,0.0
11,13,57,53,0.5,0.0
11,13,58,34,-0.5,0.0
11,13,59,61,-0.5,0.0
11,13,60,12,-0.5,0.0
11,13,61,59,0.5,0.0
11,13,62,56,-0.5,0.0
11,13,63,51,-0.5,0.0
11,13,64,70,0.5,0.0
11,13,65,77,0.5,0.0
11,13,66,90,0.5,0.0
11,13,67,69,-0.5,0.0
11,13,68,116,0.5,0.0
11,13,69,67,0.5,0.0
11,13,70,64,-0.5,0.0
11,13,71,75,-0.5,0.0
11,13,72,40,0.5,0.0
11,13,73,79,0.5,0.0
11,13,74,76,-0.5,0.0
11,13,75,71,0.5,0.0
11,13,76,74,0.5,0.0
11,13,77,65,-0.5,0.0
11,13,78,86,-0.5,0.0
11,13,79,73,-0.5,0.0
11,13,80,0,-0.5,0.0
11,13,81,87,0.5,0.0
11,13,82,84,-0.5,0.0
11,13,83,95,0.5,0.0
11,13,84,82,0.5,0.0
11,13,85,89,-0.5,0.0
11,13,86,78,0.5,0.0
11,13,87,81,-0.5,0.0
11,13,88,94,0.5,0.0
11,13,89,85,0.5,0.0
11,13,90,66,-0.5,0.0
11,13,91,93,-0.5,0.0
11,13,92,108,-0.5,0.0
11,13,93,91,0.5,0.0
11,13,94,88,-0.5,0.0
11,13,95,83,-0.5,0.0
11,13,96,48,-0.5,0.0
11,13,97,103,0.5,0.0
11,13,98,100,-0.5,0.0
11,13,99,111,0.5,0.0
11,13,100,98,0.5,0.0
11,13,101,105,-0.5,0.0
11,13,102,126,0.5,0.0
11,13,103,97,-0.5,0.0
11,13,104,110,0.5,0.0
11,13,105,101,0.5,0.0
11,13,106,114,-0.5,0.0
11,13,107,109,-0.5,0.0
11,13,108,92,0.5,0.0
11,13,109,107,0.5,0.0
11,13,110,104,-0.5,0.0
11,13,111,99,-0.5,0.0
11,13,112,118,0.5,0.0
11,13,113,125,0.5,0.0
11,13,114,106,0.5,0.0
11,13,115,117,-0.5,0.0
11,13,116,68,-0.5,0.0
11,13,117,115,0.5,0.0
11,13,118,112,-0.5,0.0
11,13,119,123,-0.5,0.0
11,13,120,24,-0.5,0.0
11,13,121,127,0.5,0.0
11,13,122,124,-0.5,0.0
11,13,123,119,0.5,0.0
11,13,124,122,0.5,0.0
11,13,125,113,-0.5,0.0
11,13,126,102,-0.5,0.0
11,13,127,121,-0.5,0.0
11,14,0,48,0.0,0.5
11,14,1,4,0.0,0.5
11,14,2,7,0.0,-0.5
11,14,3,9,0.0,0.5
11,14,4,1,0.0,0.5
11,14,5,15,0.0,-0.5
11,14,6,18,0.0,0.5
11,14,7,2,0.0,-0.5
11,14,8,13,0.0,0.5
11,14,9,3,0.0,0.5
11,14,10,30,0.0,-0.5
11,14,11,14,0.0,-0.5
11,14,12,36,0.0,0.5
11,14,13,8,0.0,0.5
11,14,14,11,0.0,-0.5
11,14,15,5,0.0,-0.5
11,14,16,21,0.0,0.5
11,14,17,27,0.0,0.5
11,14,18,6,0.0,0.5
11,14,19,22,0.0,-0.5
11,14,20,60,0.0,-0.5
11,14,21,16,0.0,0.5
11,14,22,19,0.0,-0.5
11,14,23,29,0.0,-0.5
11,14,24,72,0.0,0.5
11,14,25,28,0.0,0.5
11,14,26,31,0.0,-0.5
11,14,27,17,0.0,0.5
11,14,28,25,0.0,0.5
11,14,29,23,0.0,-0.5
11,14,30,10,0.0,-0.5
11,14,31,26,0.0,-0.5
11,14,32,37,0.0,0.5
11,14,33,43,0.0,0.5
11,14,34,54,0.0,0.5
11,14,35,38,0.0,-0.5
11,14,36,12,0.0,0.5
11,14,37,32,0.0,0.5
11,14,38,35,0.0,-0.5
11,14,39,45,0.0,-0.5
11,14,40,120,0.0,-0.5
11,14,41,44,0.0,0.5
11,14,42,47,0.0,-0.5
11,14,43,33,0.0,0.5
11,14,44,41,0.0,0.5
11,14,45,39,0.0,-0.5
11,14,46,58,0.0,-0.5
11,14,47,42,0.0,-0.5
11,14,48,0,0.0,0.5
11,14,49,52,0.0,0.5
11,14,50,55,0.0,-0.5
11,14,51,57,0.0,0.5
11,14,52,49,0.0,0.5
11,14,53,63,0.0,-0.5
11,14,54,34,0.0,0.5
11,14,55,50,0.0,-0.5
11,14,56,61,0.0,0.5
11,14,57,51,0.0,0.5
11,14,58,46,0.0,-0.5
11,14,59,62,0.0,-0.5
11,14,60,20,0.0,-0.5
11,14,61,56,0.0,0.5
11,14,62,59,0.0,-0.5
11,14,63,53,0.0,-0.5
11,14,64,69,0.0,0.5
11,14,65,75,0.0,0.5
11,14,66,86,0.0,0.5
11,14,67,70,0.0,-0.5
11,14,68,108,0.0,0.5
11,14,69,64,0.0,0.5
11,14,70,67,0.0,-0.5
11,14,71,77,0.0,-0.5
11,14,72,24,0.0,0.5
11,14,73,76,0.0,0.5
11,14,74,79,0.0,-0.5
11,14,75,65,0.0,0.5
11,14,76,73,0.0,0.5
11,14,77,71,0.0,-0.5
11,14,78,90,0.0,-0.5
11,14,79,74,0.0,-0.5
11,14,80,96,0.0,-0.5
11,14,81,84,0.0,0.5
11,14,82,87,0.0,-0.5
11,14,83,89,0.0,0.5
11,14,84,81,0.0,0.5
11,14,85,95,0.0,-0.5
11,14,86,66,0.0,0.5
11,14,87,82,0.0,-0.5
11,14,88,93,0.0,0.5
11,14,89,83,0.0,0.5
11,14,90,78,0.0,-0.5
11,14,91,94,0.0,-0.5
11,14,92,116,0.0,-0.5
11,14,93,88,0.0,0.5
11,14,94,91,0.0,-0.5
11,14,95,85,0.0,-0.5
11,14,96,80,0.0,-0.5
11,14,97,100,0.0,0.5
11,14,98,103,0.0,-0.5
11,14,99,105,0.0,0.5
11,14,100,97,0.0,0.5
11,14,101,111,0.0,-0.5
11,14,102,114,0.0,0.5
11,14,103,98,0.0,-0.5
11,14,104,109,0.0,0.5
11,14,105,99,0.0,0.5
11,14,106,126,0.0,-0.5
11,14,107,110,0.0,-0.5
11,14,108,68,0.0,0.5
11,14,109,104,0.0,0.5
11,14,110,107,0.0,-0.5
11,14,111,101,0.0,-0.5
11,14,112,117,0.0,0.5
11,14,113,123,0.0,0.5
11,14,114,102,0.0,0.5
11,14,115,118,0.0,-0.5
11,14,116,92,0.0,-0.5
11,14,117,112,0.0,0.5
11,14,118,115,0.0,-0.5
11,14,119,125,0.0,-0.5
11,14,120,40,0.0,-0.5
11,14,121,124,0.0,0.5
11,14,122,127,0.0,-0.5
11,14,123,113,0.0,0.5
11,14,124,121,0.0,0.5
11,14,125,119,0.0,-0.5
11,14,126,106,0.0,-0.5
11,14,127,122,0.0,-0.5
11,15,0,48,0.5,0.0
11,15,1,4,-0.5,0.0
11,15,2,7,-0.5,0.0
11,15,3,9,-0.5,0.0
11,15,4,1,0.5,0.0
11,15,5,15,-0.5,0.0
11,15,6,18,-0.5,0.0
11,15,7,2,0.5,0.0
11,15,8,13,0.5,0.0
11,15,9,3,0.5,0.0
11,15,10,30,-0.5,0.0
11,15,11,14,0.5,0.0
11,15,12,36,-0.5,0.0
11,15,13,8,-0.5,0.0
11,15,14,11,-0.5,0.0
11,15,15,5,0.5,0.0
11,15,16,21,0.5,0.0
11,15,17,27,0.5,0.0
11,15,18,6,0.5,0.0
11,15,19,22,0.5,0.0
11,15,20,60,-0.5,0.0
11,15,21,16,-0.5,0.0
11,15,22,19,-0.5,0.0
11,15,23,29,0.5,0.0
11,15,24,72,-0.5,0.0
11,15,25,28,-0.5,0.0
11,15,26,31,-0.5,0.0
11,15,27,17,-0.5,0.0
11,15,28,25,0.5,0.0
11,15,29,23,-0.5,0.0
11,15,30,10,0.5,0.0
11,15,31,26,0.5,0.0
11,15,32,37,0.5,0.0
11,15,33,43,0.5,0.0
11,15,34,54,0.5,0.0
11,15,35,38,0.5,0.0
11,15,36,12,0.5,0.0
11,15,37,32,-0.5,0.0
11,15,38,35,-0.5,0.0
11,15,39,45,0.5,0.0
11,15,40,120,-0.5,0.0
11,15,41,44,-0.5,0.0
11,15,42,47,-0.5,0.0
11,15,43,33,-0.5,0.0
11,15,44,41,0.5,0.0
11,15,45,39,-0.5,0.0
11,15,46,58,0.5,0.0
11,15,47,42,0.5,0.0
11,15,48,0,-0.5,0.0
11,15,49,52,-0.5,0.0
11,15,50,55,-0.5,0.0
11,15,51,57,-0.5,0.0
11,15,52,49,0.5,0.0
11,15,53,63,-0.5,0.0
11,15,54,34,-0.5,0.0
11,15,55,50,0.5,0.0
11,15,56,61,0.5,0.0
11,15,57,51,0.5,0.0
11,15,58,46,-0.5,0.0
11,15,59,62,0.5,0.0
11,15,60,20,0.5,0.0
11,15,61,56,-0.5,0.0
11,15,62,59,-0.5,0.0
11,15,63,53,0.5,0.0
11,15,64,69,0.5,0.0
11,15,65,75,0.5,0.0
11,15,66,86,0.5,0.0
11,15,67,70,0.5,0.0
11,15,68,108,0.5,0.0
11,15,69,64,-0.5,0.0
11,15,70,67,-0.5,0.0
11,15,71,77,0.5,0.0
11,15,72,24,0.5,0.0
11,15,73,76,-0.5,0.0
11,15,74,79,-0.5,0.0
11,15,75,65,-0.5,0.0
11,15,76,73,0.5,0.0
11,15,77,71,-0.5,0.0
11,15,78,90,0.5,0.0
11,15,79,74,0.5,0.0
11,15,80,96,-0.5,0.0
11,15,81,84,-0.5,0.0
11,15,82,87,-0.5,0.0
11,15,83,89,-0.5,0.0
11,15,84,81,0.5,0.0
11,15,85,95,-0.5,0.0
11,15,86,66,-0.5,0.0
11,15,87,82,0.5,0.0
11,15,88,93,0.5,0.0
11,15,89,83,0.5,0.0
11,15,90,78,-0.5,0.0
11,15,91,94,0.5,0.0
11,15,92,116,0.5,0.0
11,15,93,88,-0.5,0.0
11,15,94,91,-0.5,0.0
11,15,95,85,0.5,0.0
11,15,96,80,0.5,0.0
11,15,97,100,-0.5,0.0
11,15,98,103,-0.5,0.0
11,15,99,105,-0.5,0.0
11,15,100,97,0.5,0.0
11,15,101,111,-0.5,0.0
11,15,102,114,-0.5,0.0
11,15,103,98,0.5,0.0
11,15,104,109,0.5,0.0
11,15,105,99,0.5,0.0
11,15,106,126,-0.5,0.0
11,15,107,110,0.5,0.0
11,15,108,68,-0.5,0.0
11,15,109,104,-0.5,0.0
11,15,110,107,-0.5,0.0
11,15,111,101,0.5,0.0
11,15,112,117,0.5,0.0
11,15,113,123,0.5,0.0
11,15,114,102,0.5,0.0
11,15,115,118,0.5,0.0
11,15,116,92,-0.5,0.0
11,15,117,112,-0.5,0.0
11,15,118,115,-0.5,0.0
11,15,119,125,0.5,0.0
11,15,120,40,0.5,0.0
11,15,121,124,-0.5,0.0
11,15,122,127,-0.5,0.0
11,15,123,113,-0.5,0.0
11,15,124,121,0.5,0.0
11,15,125,119,-0.5,0.0
11,15,126,106,0.5,0.0
11,15,127,122,0.5,0.0
12,13,0,0,0.0,0.5
12,13,1,1,0.0,0.5
12,13,2,2,0.0,-0.5
12,13,3,3,0.0,0.5
12,13,4,4,0.0,0.5
12,13,5,5,0.0,-0.5
12,13,6,6,0.0,0.5
12,13,7,7,0.0,-0.5
12,13,8,8,0.0,0.5
12,13,9,9,0.0,0.5
12,13,10,10,0.0,-0.5
12,13,11,11,0.0,-0.5
12,13,12,12,0.0,0.5
12,13,13,13,0.0,0.5
12,13,14,14,0.0,-0.5
12,13,15,15,0.0,-0.5
12,13,16,16,0.0,0.5
12,13,17,17,0.0,0.5
12,13,18,18,0.0,0.5
12,13,19,19,0.0,-0.5
12,13,20,20,0.0,-0.5
12,13,21,21,0.0,0.5
12,13,22,22,0.0,-0.5
12,13,23,23,0.0,-0.5
12,13,24,24,0.0,0.5
12,13,25,25,0.0,0.5
12,13,26,26,0.0,-0.5
12,13,27,27,0.0,0.5
12,13,28,28,0.0,0.5
12,13,29,29,0.0,-0.5
12,13,30,30,0.0,-0.5
12,13,31,31,0.0,-0.5
12,13,32,32,0.0,0.5
12,13,33,33,0.0,0.5
12,13,34,34,0.0,0.5
12,13,35,35,0.0,-0.5
12,13,36,36,0.0,0.5
12,13,37,37,0.0,0.5
12,13,38,38,0.0,-0.5
12,13,39,39,0.0,-0.5
12,13,40,40,0.0,-0.5
12,13,41,41,0.0,0.5
12,13,42,42,0.0,-0.5
12,13,43,43,0.0,0.5
12,13,44,44,0.0,0.5
12,13,45,45,0.0,-0.5
12,13,46,46,0.0,-0.5
12,13,47,47,0.0,-0.5
12,13,48,48,0.0,0.5
12,13,49,49,0.0,0.5
12,13,50,50,0.0,-0.5
12,13,51,51,0.0,0.5
12,13,52,52,0.0,0.5
12,13,53,53,0.0,-0.5
12,13,54,54,0.0,0.5
12,13,55,55,0.0,-0.5
12,13,56,56,0.0,0.5
12,13,57,57,0.0,0.5
12,13,58,58,0.0,-0.5
12,13,59,59,0.0,-0.5
12,13,60,60,0.0,-0.5
12,13,61,61,0.0,0.5
12,13,62,62,0.0,-0.5
12,13,63,63,0.0,-0.5
12,13,64,64,0.0,0.5
12,13,65,65,0.0,0.5
12,13,66,66,0.0,0.5
12,13,67,67,0.0,-0.5
12,13,68,68,0.0,0.5
12,13,69,69,0.0,0.5
12,13,70,70,0.0,-0.5
12,13,71,71,0.0,-0.5
12,13,72,72,0.0,0.5
12,13,73,73,0.0,0.5
12,13,74,74,0.0,-0.5
12,13,75,75,0.0,0.5
12,13,76,76,0.0,0.5
12,13,77,77,0.0,-0.5
12,13,78,78,0.0,-0.5
12,13,79,79,0.0,-0.5
12,13,80,80,0.0,-0.5
12,13,81,81,0.0,0.5
12,13,82,82,0.0,-0.5
12,13,83,83,0.0,0.5
12,13,84,84,0.0,0.5
12,13,85,85,0.0,-0.5
12,13,86,86,0.0,0.5
12,13,87,87,0.0,-0.5
12,13,88,88,0.0,0.5
12,13,89,89,0.0,0.5
12,13,90,90,0.0,-0.5
12,13,91,91,0.0,-0.5
12,13,92,92,0.0,-0.5
12,13,93,93,0.0,0.5
12,13,94,94,0.0,-0.5
12,13,95,95,0.0,-0.5
12,13,96,96,0.0,-0.5
12,13,97,97,0.0,0.5
12,13,98,98,0.0,-0.5
12,13,99,99,0.0,0.5
12,13,100,100,0.0,0.5
12,13,101,101,0.0,-0.5
12,13,102,102,0.0,0.5
12,13,103,103,0.0,-0.5
12,13,104,104,0.0,0.5
12,13,105,105,0.0,0.5
12,13,106,106,0.0,-0.5
12,13,107,107,0.0,-0.5
12,13,108,108,0.0,0.5
12,13,109,109,0.0,0.5
12,13,110,110,0.0,-0.5
12,13,111,111,0.0,-0.5
12,13,112,112,0.0,0.5
12,13,113,113,0.0,0.5
12,13,114,114,0.0,0.5
12,13,115,115,0.0,-0.5
12,13,116,116,0.0,-0.5
12,13,117,117,0.0,0.5
12,13,118,118,0.0,-0.5
12,13,119,119,0.0,-0.5
12,13,120,120,0.0,-0.5
12,13,121,121,0.0,0.5
12,13,122,122,0.0,-0.5
12,13,123,123,0.0,0.5
12,13,124,124,0.0,0.5
12,13,125,125,0.0,-0.5
12,13,126,126,0.0,-0.5
12,13,127,127,0.0,-0.5
12,14,0,96,-0.5,0.0
12,14,1,2,-0.5,0.0
12,14,2,1,0.5,0.0
12,14,3,5,-0.5,0.0
12,14,4,7,-0.5,0.0
12,14,5,3,0.5,0.0
12,14,6,10,-0.5,0.0
12,14,7,4,0.5,0.0
12,14,8,11,-0.5,0.0
12,14,9,15,-0.5,0.0
12,14,10,6,0.5,0.0
12,14,11,8,0.5,0.0
12,14,12,20,-0.5,0.0
12,14,13,14,-0.5,0.0
12,14,14,13,0.5,0.0
12,14,15,9,0.5,0.0
12,14,16,19,-0.5,0.0
12,14,17,23,-0.5,0.0
12,14,18,30,-0.5,0.0
12,14,19,16,0.5,0.0
12,14,20,12,0.5,0.0
12,14,21,22,-0.5,0.0
12,14,22,21,0.5,0.0
12,14,23,17,0.5,0.0
12,14,24,40,-0.5,0.0
12,14,25,26,-0.5,0.0
12,14,26,25,0.5,0.0
12,14,27,29,-0.5,0.0
12,14,28,31,-0.5,0.0
12,14,29,27,0.5,0.0
12,14,30,18,0.5,0.0
12,14,31,28,0.5,0.0
12,14,32,35,-0.5,0.0
12,14,33,39,-0.5,0.0
12,14,34,46,-0.5,0.0
12,14,35,32,0.5,0.0
12,14,36,60,-0.5,0.0
12,14,37,38,-0.5,0.0
12,14,38,37,0.5,0.0
12,14,39,33,0.5,0.0
12,14,40,24,0.5,0.0
12,14,41,42,-0.5,0.0
12,14,42,41,0.5,0.0
12,14,43,45,-0.5,0.0
12,14,44,47,-0.5,0.0
12,14,45,43,0.5,0.0
12,14,46,34,0.5,0.0
12,14,47,44,0.5,0.0
12,14,48,80,-0.5,0.0
12,14,49,50,-0.5,0.0
12,14,50,49,0.5,0.0
12,14,51,53,-0.5,0.0
12,14,52,55,-0.5,0.0
12,14,53,51,0.5,0.0
12,14,54,58,-0.5,0.0
12,14,55,52,0.5,0.0
12,14,56,59,-0.5,0.0
12,14,57,63,-0.5,0.0
12,14,58,54,0.5,0.0
12,14,59,56,0.5,0.0
12,14,60,36,0.5,0.0
12,14,61,62,-0.5,0.0
12,14,62,61,0.5,0.0
12,14,63,57,0.5,0.0
12,14,64,67,-0.5,0.0
12,14,65,71,-0.5,0.0
12,14,66,78,-0.5,0.0
12,14,67,64,0.5,0.0
12,14,68,92,-0.5,0.0
12,14,69,70,-0.5,0.0
12,14,70,69,0.5,0.0
12,14,71,65,0.5,0.0
12,14,72,120,-0.5,0.0
12,14,73,74,-0.5,0.0
12,14,74,73,0.5,0.0
12,14,75,77,-0.5,0.0
12,14,76,79,-0.5,0.0
12,14,77,75,0.5,0.0
12,14,78,66,0.5,0.0
12,14,79,76,0.5,0.0
12,14,80,48,0.5,0.0
12,14,81,82,-0.5,0.0
12,14,82,81,0.5,0.0
12,14,83,85,-0.5,0.0
12,14,84,87,-0.5,0.0
12,14,85,83,0.5,0.0
12,14,86,90,-0.5,0.0
12,14,87,84,0.5,0.0
12,14,88,91,-0.5,0.0
12,14,89,95,-0.5,0.0
12,14,90,86,0.5,0.0
12,14,91,88,0.5,0.0
12,14,92,68,0.5,0.0
12,14,93,94,-0.5,0.0
12,14,94,93,0.5,0.0
12,14,95,89,0.5,0.0
12,14,96,0,0.5,0.0
12,14,97,98,-0.5,0.0
12,14,98,97,0.5,0.0
12,14,99,101,-0.5,0.0
12,14,100,103,-0.5,0.0
12,14,101,99,0.5,0.0
12,14,102,106,-0.5,0.0
12,14,103,100,0.5,0.0
12,14,104,107,-0.5,0.0
12,14,105,111,-0.5,0.0
12,14,106,102,0.5,0.0
12,14,107,104,0.5,0.0
12,14,108,116,-0.5,0.0
12,14,109,110,-0.5,0.0
12,14,110,109,0.5,0.0
12,14,111,105,0.5,0.0
12,14,112,115,-0.5,0.0
12,14,113,119,-0.5,0.0
12,14,114,126,-0.5,0.0
12,14,115,112,0.5,0.0
12,14,116,108,0.5,0.0
12,14,117,118,-0.5,0.0
12,14,118,117,0.5,0.0
12,14,119,113,0.5,0.0
12,14,120,72,0.5,0.0
12,14,121,122,-0.5,0.0
12,14,122,121,0.5,0.0
12,14,123,125,-0.5,0.0
12,14,124,127,-0.5,0.0
12,14,125,123,0.5,0.0
12,14,126,114,0.5,0.0
12,14,127,124,0.5,0.0
12,15,0,96,0.0,0.5
12,15,1,2,0.0,-0.5
12,15,2,1,0.0,-0.5
12,15,3,5,0.0,-0.5
12,15,4,7,0.0,0.5
12,15,5,3,0.0,-0.5
12,15,6,10,0.0,-0.5
12,15,7,4,0.0,0.5
12,15,8,11,0.0,0.5
12,15,9,15,0.0,0.5
12,15,10,6,0.0,-0.5
12,15,11,8,0.0,0.5
12,15,12,20,0.0,-0.5
12,15,13,14,0.0,-0.5
12,15,14,13,0.0,-0.5
12,15,15,9,0.0,0.5
12,15,16,19,0.0,0.5
12,15,17,23,0.0,0.5
12,15,18,30,0.0,0.5
12,15,19,16,0.0,0.5
12,15,20,12,0.0,-0.5
12,15,21,22,0.0,-0.5
12,15,22,21,0.0,-0.5
12,15,23,17,0.0,0.5
12,15,24,40,0.0,-0.5
12,15,25,26,0.0,-0.5
12,15,26,25,0.0,-0.5
12,15,27,29,0.0,-0.5
12,15,28,31,0.0,0.5
12,15,29,27,0.0,-0.5
12,15,30,18,0.0,0.5
12,15,31,28,0.0,0.5
12,15,32,35,0.0,0.5
12,15,33,39,0.0,0.5
12,15,34,46,0.0,0.5
12,15,35,32,0.0,0.5
12,15,36,60,0.0,0.5
12,15,37,38,0.0,-0.5
12,15,38,37,0.0,-0.5
12,15,39,33,0.0,0.5
12,15,40,24,0.0,-0.5
12,15,41,42,0.0,-0.5
12,15,42,41,0.0,-0.5
12,15,43,45,0.0,-0.5
12,15,44,47,0.0,0.5
12,15,45,43,0.0,-0.5
12,15,46,34,0.0,0.5
12,15,47,44,0.0,0.5
12,15,48,80,0.0,-0.5
12,15,49,50,0.0,-0.5
12,15,50,49,0.0,-0.5
12,15,51,53,0.0,-0.5
12,15,52,55,0.0,0.5
12,15,53,51,0.0,-0.5
12,15,54,58,0.0,-0.5
12,15,55,52,0.0,0.5
12,15,56,59,0.0,0.5
12,15,57,63,0.0,0.5
12,15,58,54,0.0,-0.5
12,15,59,56,0.0,0.5
12,15,60,36,0.0,0.5
12,15,61,62,0.0,-0.5
12,15,62,61,0.0,-0.5
12,15,63,57,0.0,0.5
12,15,64,67,0.0,0.5
12,15,65,71,0.0,0.5
12,15,66,78,0.0,0.5
12,15,67,64,0.0,0.5
12,15,68,92,0.0,0.5
12,15,69,70,0.0,-0.5
12,15,70,69,0.0,-0.5
12,15,71,65,0.0,0.5
12,15,72,120,0.0,0.5
12,15,73,74,0.0,-0.5
12,15,74,73,0.0,-0.5
12,15,75,77,0.0,-0.5
12,15,76,79,0.0,0.5
12,15,77,75,0.0,-0.5
12,15,78,66,0.0,0.5
12,15,79,76,0.0,0.5
12,15,80,48,0.0,-0.5
12,15,81,82,0.0,-0.5
12,15,82,81,0.0,-0.5
12,15,83,85,0.0,-0.5
12,15,84,87,0.0,0.5
12,15,85,83,0.0,-0.5
12,15,86,90,0.0,-0.5
12,15,87,84,0.0,0.5
12,15,88,91,0.0,0.5
12,15,89,95,0.0,0.5
12,15,90,86,0.0,-0.5
12,15,91,88,0.0,0.5
12,15,92,68,0.0,0.5
12,15,93,94,0.0,-0.5
12,15,94,93,0.0,-0.5
12,15,95,89,0.0,0.5
12,15,96,0,0.0,0.5
12,15,97,98,0.0,-0.5
12,15,98,97,0.0,-0.5
12,15,99,101,0.0,-0.5
12,15,100,103,0.0,0.5
12,15,101,99,0.0,-0.5
12,15,102,106,0.0,-0.5
12,15,103,100,0.0,0.5
12,15,104,107,0.0,0.5
12,15,105,111,0.0,0.5
12,15,106,102,0.0,-0.5
12,15,107,104,0.0,0.5
12,15,108,116,0.0,-0.5
12,15,109,110,0.0,-0.5
12,15,110,109,0.0,-0.5
12,15,111,105,0.0,0.5
12,15,112,115,0.0,0.5
12,15,113,119,0.0,0.5
12,15,114,126,0.0,0.5
12,15,115,112,0.0,0.5
12,15,116,108,0.0,-0.5
12,15,117,118,0.0,-0.5
12,15,118,117,0.0,-0.5
12,15,119,113,0.0,0.5
12,15,120,72,0.0,0.5
12,15,121,122,0.0,-0.5
12,15,122,121,0.0,-0.5
12,15,123,125,0.0,-0.5
12,15,124,127,0.0,0.5
12,15,125,123,0.0,-0.5
12,15,126,114,0.0,0.5
12,15,127,124,0.0,0.5
13,14,0,96,0.0,0.5
13,14,1,2,0.0,0.5
13,14,2,1,0.0,0.5
13,14,3,5,0.0,0.5
13,14,4,7,0.0,0.5
13,14,5,3,0.0,0.5
13,14,6,10,0.0,0.5
13,14,7,4,0.0,0.5
13,14,8,11,0.0,0.5
13,14,9,15,0.0,0.5
13,14,10,6,0.0,0.5
13,14,11,8,0.0,0.5
13,14,12,20,0.0,0.5
13,14,13,14,0.0,0.5
13,14,14,13,0.0,0.5
13,14,15,9,0.0,0.5
13,14,16,19,0.0,0.5
13,14,17,23,0.0,0.5
13,14,18,30,0.0,0.5
13,14,19,16,0.0,0.5
13,14,20,12,0.0,0.5
13,14,21,22,0.0,0.5
13,14,22,21,0.0,0.5
13,14,23,17,0.0,0.5
13,14,24,40,0.0,0.5
13,14,25,26,0.0,0.5
13,14,26,25,0.0,0.5
13,14,27,29,0.0,0.5
13,14,28,31,0.0,0.5
13,14,29,27,0.0,0.5
13,14,30,18,0.0,0.5
13,14,31,28,0.0,0.5
13,14,32,35,0.0,0.5
13,14,33,39,0.0,0.5
13,14,34,46,0.0,0.5
13,14,35,32,0.0,0.5
13,14,36,60,0.0,0.5
13,14,37,38,0.0,0.5
13,14,38,37,0.0,0.5
13,14,39,33,0.0,0.5
13,14,40,24,0.0,0.5
13,14,41,42,0.0,0.5
13,14,42,41,0.0,0.5
13,14,43,45,0.0,0.5
13,14,44,47,0.0,0.5
13,14,45,43,0.0,0.5
13,14,46,34,0.0,0.5
13,14,47,44,0.0,0.5
13,14,48,80,0.0,0.5
13,14,49,50,0.0,0.5
13,14,50,49,0.0,0.5
13,14,51,53,0.0,0.5
13,14,52,55,0.0,0.5
13,14,53,51,0.0,0.5
13,14,54,58,0.0,0.5
13,14,55,52,0.0,0.5
13,14,56,59,0.0,0.5
13,14,57,63,0.0,0.5
13,14,58,54,0.0,0.5
13,14,59,56,0.0,0.5
13,14,60,36,0.0,0.5
13,14,61,62,0.0,0.5
13,14,62,61,0.0,0.5
13,14,63,57,0.0,0.5
13,14,64,67,0.0,0.5
13,14,65,71,0.0,0.5
13,14,66,78,0.0,0.5
13,14,67,64,0.0,0.5
13,14,68,92,0.0,0.5
13,14,69,70,0.0,0.5
13,14,70,69,0.0,0.5
13,14,71,65,0.0,0.5
13,14,72,120,0.0,0.5
13,14,73,74,0.0,0.5
13,14,74,73,0.0,0.5
13,14,75,77,0.0,0.5
13,14,76,79,0.0,0.5
13,14,77,75,0.0,0.5
13,14,78,66,0.0,0.5
13,14,79,76,0.0,0.5
13,14,80,48,0.0,0.5
13,14,81,82,0.0,0.5
13,14,82,81,0.0,0.5
13,14,83,85,0.0,0.5
13,14,84,87,0.0,0.5
13,14,85,83,0.0,0.5
13,14,86,90,0.0,0.5
13,14,87,84,0.0,0.5
13,14,88,91,0.0,0.5
13,14,89,95,0.0,0.5
13,14,90,86,0.0,0.5
13,14,91,88,0.0,0.5
13,14,92,68,0.0,0.5
13,14,93,94,0.0,0.5
13,14,94,93,0.0,0.5
13,14,95,89,0.0,0.5
13,14,96,0,0.0,0.5
13,14,97,98,0.0,0.5
13,14,98,97,0.0,0.5
13,14,99,101,0.0,0.5
13,14,100,103,0.0,0.5
13,14,101,99,0.0,0.5
13,14,102,106,0.0,0.5
13,14,103,100,0.0,0.5
13,14,104,107,0.0,0.5
13,14,105,111,0.0,0.5
13,14,106,102,0.0,0.5
13,14,107,104,0.0,0.5
13,14,108,116,0.0,0.5
13,14,109,110,0.0,0.5
13,14,110,109,0.0,0.5
13,14,111,105,0.0,0.5
13,14,112,115,0.0,0.5
13,14,113,119,0.0,0.5
13,14,114,126,0.0,0.5
13,14,115,112,0.0,0.5
13,14,116,108,0.0,0.5
13,14,117,118,0.0,0.5
13,14,118,117,0.0,0.5
13,14,119,113,0.0,0.5
13,14,120,72,0.0,0.5
13,14,121,122,0.0,0.5
13,14,122,121,0.0,0.5
13,14,123,125,0.0,0.5
13,14,124,127,0.0,0.5
13,14,125,123,0.0,0.5
13,14,126,114,0.0,0.5
13,14,127,124,0.0,0.5
13,15,0,96,0.5,0.0
13,15,1,2,-0.5,0.0
13,15,2,1,0.5,0.0
13,15,3,5,-0.5,0.0
13,15,4,7,0.5,0.0
13,15,5,3,0.5,0.0
13,15,6,10,-0.5,0.0
13,15,7,4,-0.5,0.0
13,15,8,11,0.5,0.0
13,15,9,15,0.5,0.0
13,15,10,6,0.5,0.0
13,15,11,8,-0.5,0.0
13,15,12,20,-0.5,0.0
13,15,13,14,-0.5,0.0
13,15,14,13,0.5,0.0
13,15,15,9,-0.5,0.0
13,15,16,19,0.5,0.0
13,15,17,23,0.5,0.0
13,15,18,30,0.5,0.0
13,15,19,16,-0.5,0.0
13,15,20,12,0.5,0.0
13,15,21,22,-0.5,0.0
13,15,22,21,0.5,0.0
13,15,23,17,-0.5,0.0
13,15,24,40,-0.5,0.0
13,15,25,26,-0.5,0.0
13,15,26,25,0.5,0.0
13,15,27,29,-0.5,0.0
13,15,28,31,0.5,0.0
13,15,29,27,0.5,0.0
13,15,30,18,-0.5,0.0
13,15,31,28,-0.5,0.0
13,15,32,35,0.5,0.0
13,15,33,39,0.5,0.0
13,15,34,46,0.5,0.0
13,15,35,32,-0.5,0.0
13,15,36,60,0.5,0.0
13,15,37,38,-0.5,0.0
13,15,38,37,0.5,0.0
13,15,39,33,-0.5,0.0
13,15,40,24,0.5,0.0
13,15,41,42,-0.5,0.0
13,15,42,41,0.5,0.0
13,15,43,45,-0.5,0.0
13,15,44,47,0.5,0.0
13,15,45,43,0.5,0.0
13,15,46,34,-0.5,0.0
13,15,47,44,-0.5,0.0
13,15,48,80,-0.5,0.0
13,15,49,50,-0.5,0.0
13,15,50,49,0.5,0.0
13,15,51,53,-0.5,0.0
13,15,52,55,0.5,0.0
13,15,53,51,0.5,0.0
13,15,54,58,-0.5,0.0
13,15,55,52,-0.5,0.0
13,15,56,59,0.5,0.0
13,15,57,63,0.5,0.0
13,15,58,54,0.5,0.0
13,15,59,56,-0.5,0.0
13,15,60,36,-0.5,0.0
13,15,61,62,-0.5,0.0
13,15,62,61,0.5,0.0
13,15,63,57,-0.5,0.0
13,15,64,67,0.5,0.0
13,15,65,71,0.5,0.0
13,15,66,78,0.5,0.0
13,15,67,64,-0.5,0.0
13,15,68,92,0.5,0.0
13,15,69,70,-0.5,0.0
13,15,70,69,0.5,0.0
13,15,71,65,-0.5,0.0
13,15,72,120,0.5,0.0
13,15,73,74,-0.5,0.0
13,15,74,73,0.5,0.0
13,15,75,77,-0.5,0.0
13,15,76,79,0.5,0.0
13,15,77,75,0.5,0.0
13,15,78,66,-0.5,0.0
13,15,79,76,-0.5,0.0
13,15,80,48,0.5,0.0
13,15,81,82,-0.5,0.0
13,15,82,81,0.5,0.0
13,15,83,85,-0.5,0.0
13,15,84,87,0.5,0.0
13,15,85,83,0.5,0.0
13,15,86,90,-0.5,0.0
13,15,87,84,-0.5,0.0
13,15,88,91,0.5,0.0
13,15,89,95,0.5,0.0
13,15,90,86,0.5,0.0
13,15,91,88,-0.5,0.0
13,15,92,68,-0.5,0.0
13,15,93,94,-0.5,0.0
13,15,94,93,0.5,0.0
13,15,95,89,-0.5,0.0
13,15,96,0,-0.5,0.0
13,15,97,98,-0.5,0.0
13,15,98,97,0.5,0.0
13,15,99,101,-0.5,0.0
13,15,100,103,0.5,0.0
13,15,101,99,0.5,0.0
13,15,102,106,-0.5,0.0
13,15,103,100,-0.5,0.0
13,15,104,107,0.5,0.0
13,15,105,111,0.5,0.0
13,15,106,102,0.5,0.0
13,15,107,104,-0.5,0.0
13,15,108,116,-0.5,0.0
13,15,109,110,-0.5,0.0
13,15,110,109,0.5,0.0
13,15,111,105,-0.5,0.0
13,15,112,115,0.5,0.0
13,15,113,119,0.5,0.0
13,15,114,126,0.5,0.0
13,15,115,112,-0.5,0.0
13,15,116,108,0.5,0.0
13,15,117,118,-0.5,0.0
13,15,118,117,0.5,0.0
13,15,119,113,-0.5,0.0
13,15,120,72,-0.5,0.0
13,15,121,122,-0.5,0.0
13,15,122,121,0.5,0.0
13,15,123,125,-0.5,0.0
13,15,124,127,0.5,0.0
13,15,125,123,0.5,0.0
13,15,126,114,-0.5,0.0
13,15,127,124,-0.5,0.0
14,15,0,0,0.0,0.5
14,15,1,1,0.0,-0.5
14,15,2,2,0.0,0.5
14,15,3,3,0.0,-0.5
14,15,4,4,0.0,0.5
14,15,5,5,0.0,0.5
14,15,6,6,0.0,-0.5
14,15,7,7,0.0,-0.5
14,15,8,8,0.0,0.5
14,15,9,9,0.0,0.5
14,15,10,10,0.0,0.5
14,15,11,11,0.0,-0.5
14,15,12,12,0.0,-0.5
14,15,13,13,0.0,-0.5
14,15,14,14,0.0,0.5
14,15,15,15,0.0,-0.5
14,15,16,16,0.0,0.5
14,15,17,17,0.0,0.5
14,15,18,18,0.0,0.5
14,15,19,19,0.0,-0.5
14,15,20,20,0.0,0.5
14,15,21,21,0.0,-0.5
14,15,22,22,0.0,0.5
14,15,23,23,0.0,-0.5
14,15,24,24,0.0,-0.5
14,15,25,25,0.0,-0.5
14,15,26,26,0.0,0.5
14,15,27,27,0.0,-0.5
14,15,28,28,0.0,0.5
14,15,29,29,0.0,0.5
14,15,30,30,0.0,-0.5
14,15,31,31,0.0,-0.5
14,15,32,32,0.0,0.5
14,15,33,33,0.0,0.5
14,15,34,34,0.0,0.5
14,15,35,35,0.0,-0.5
14,15,36,36,0.0,0.5
14,15,37,37,0.0,-0.5
14,15,38,38,0.0,0.5
14,15,39,39,0.0,-0.5
14,15,40,40,0.0,0.5
14,15,41,41,0.0,-0.5
14,15,42,42,0.0,0.5
14,15,43,43,0.0,-0.5
14,15,44,44,0.0,0.5
14,15,45,45,0.0,0.5
14,15,46,46,0.0,-0.5
14,15,47,47,0.0,-0.5
14,15,48,48,0.0,-0.5
14,15,49,49,0.0,-0.5
14,15,50,50,0.0,0.5
14,15,51,51,0.0,-0.5
14,15,52,52,0.0,0.5
14,15,53,53,0.0,0.5
14,15,54,54,0.0,-0.5
14,15,55,55,0.0,-0.5
14,15,56,56,0.0,0.5
14,15,57,57,0.0,0.5
14,15,58,58,0.0,0.5
14,15,59,59,0.0,-0.5
14,15,60,60,0.0,-0.5
14,15,61,61,0.0,-0.5
14,15,62,62,0.0,0.5
14,15,63,63,0.0,-0.5
14,15,64,64,0.0,0.5
14,15,65,65,0.0,0.5
14,15,66,66,0.0,0.5
14,15,67,67,0.0,-0.5
14,15,68,68,0.0,0.5
14,15,69,69,0.0,-0.5
14,15,70,70,0.0,0.5
14,15,71,71,0.0,-0.5
14,15,72,72,0.0,0.5
14,15,73,73,0.0,-0.5
14,15,74,74,0.0,0.5
14,15,75,75,0.0,-0.5
14,15,76,76,0.0,0.5
14,15,77,77,0.0,0.5
14,15,78,78,0.0,-0.5
14,15,79,79,0.0,-0.5
14,15,80,80,0.0,0.5
14,15,81,81,0.0,-0.5
14,15,82,82,0.0,0.5
14,15,83,83,0.0,-0.5
14,15,84,84,0.0,0.5
14,15,85,85,0.0,0.5
14,15,86,86,0.0,-0.5
14,15,87,87,0.0,-0.5
14,15,88,88,0.0,0.5
14,15,89,89,0.0,0.5
14,15,90,90,0.0,0.5
14,15,91,91,0.0,-0.5
14,15,92,92,0.0,-0.5
14,15,93,93,0.0,-0.5
14,15,94,94,0.0,0.5
14,15,95,95,0.0,-0.5
14,15,96,96,0.0,-0.5
14,15,97,97,0.0,-0.5
14,15,98,98,0.0,0.5
14,15,99,99,0.0,-0.5
14,15,100,100,0.0,0.5
14,15,101,101,0.0,0.5
14,15,102,102,0.0,-0.5
14,15,103,103,0.0,-0.5
14,15,104,104,0.0,0.5
14,15,105,105,0.0,0.5
14,15,106,106,0.0,0.5
14,15,107,107,0.0,-0.5
14,15,108,108,0.0,-0.5
14,15,109,109,0.0,-0.5
14,15,110,110,0.0,0.5
14,15,111,111,0.0,-0.5
14,15,112,112,0.0,0.5
14,15,113,113,0.0,0.5
14,15,114,114,0.0,0.5
14,15,115,115,0.0,-0.5
14,15,116,116,0.0,0.5
14,15,117,117,0.0,-0.5
14,15,118,118,0.0,0.5
14,15,119,119,0.0,-0.5
14,15,120,120,0.0,-0.5
14,15,121,121,0.0,-0.5
14,15,122,122,0.0,0.5
14,15,123,123,0.0,-0.5
14,15,124,124,0.0,0.5
14,15,125,125,0.0,0.5
14,15,126,126,0.0,-0.5
14,15,127,127,0.0,-0.5
